trial,step,learning_rate,loss,gradient_norm,proposal_ade,baseline_ade,expected_action_risk,cost_fit,mean_soft_gate,hard_rate
expected_cost_seed17,2001,0.0003,0.5102114677429199,57.454708099365234,0.5176572799682617,0.5027657151222229,0.5102114677429199,0.00018133482080884278,0.5,0.0
expected_cost_seed17,2100,0.0002998877618540835,1.2140064239501953,49.02363204956055,1.2204325199127197,1.2077696323394775,1.2140064239501953,0.00022022606572136283,0.4925275146961212,0.0
expected_cost_seed17,2200,0.00029954667478372774,0.6662336587905884,64.28575897216797,0.6758565902709961,0.6571635007858276,0.6662336587905884,0.0008967627072706819,0.4852161407470703,0.0
expected_cost_seed17,2300,0.0002989772533988172,1.1789780855178833,47.95546340942383,1.184783697128296,1.1736677885055542,1.1789780855178833,0.0031005260534584522,0.47771981358528137,0.0
expected_cost_seed17,2400,0.00029818037592536944,1.0344234704971313,53.426353454589844,1.041475772857666,1.028146743774414,1.0344234704971313,0.005417507607489824,0.47088485956192017,0.0
expected_cost_seed17,2500,0.0002971572713978897,0.8902716040611267,52.439361572265625,0.8975420594215393,0.883984386920929,0.8902716040611267,0.008746983483433723,0.46375203132629395,0.0
expected_cost_seed17,2600,0.0002959095177638147,1.793662190437317,55.03983688354492,1.8008335828781128,1.7876439094543457,1.793662190437317,0.013219404965639114,0.4562746584415436,0.0
expected_cost_seed17,2700,0.0002944390394498239,0.9803126454353333,55.95043182373047,0.9908168911933899,0.9717604517936707,0.9803126454353333,0.017561335116624832,0.4488258957862854,0.0
expected_cost_seed17,2800,0.0002927481043937714,0.9197863340377808,48.85682678222656,0.926531970500946,0.9144526720046997,0.9197863340377808,0.024907084181904793,0.44157710671424866,0.0
expected_cost_seed17,2900,0.0002908393205468154,0.8949049115180969,58.32351303100586,0.9054325819015503,0.8868181705474854,0.8949049115180969,0.030194412916898727,0.43442076444625854,0.0
expected_cost_seed17,3000,0.00028871563185114144,0.8746744990348816,48.388065338134766,0.8828073740005493,0.8685999512672424,0.8746744990348816,0.03865818679332733,0.4275348484516144,0.0
expected_cost_seed17,3100,0.00028638031369948206,0.6734352111816406,52.0494270324707,0.6806206107139587,0.6682220697402954,0.6734352111816406,0.04766169935464859,0.42046666145324707,0.0
expected_cost_seed17,3200,0.00028383696788343576,0.5105549097061157,46.660118103027344,0.5169795751571655,0.5060209035873413,0.5105549097061157,0.05699604004621506,0.4137759804725647,0.0
expected_cost_seed17,3300,0.000281089517038377,1.4545435905456543,42.42955017089844,1.4614945650100708,1.4497730731964111,1.4545435905456543,0.06667996942996979,0.4069260060787201,0.0
expected_cost_seed17,3400,0.0002781421985935247,1.126927137374878,38.23012924194336,1.1328611373901367,1.1229671239852905,1.126927137374878,0.07787129282951355,0.4002763032913208,0.0
expected_cost_seed17,3500,0.00027499955823649967,1.6189666986465454,42.48535919189453,1.6279141902923584,1.613153100013733,1.6189666986465454,0.0868474617600441,0.3938242793083191,0.0
expected_cost_seed17,3600,0.0002716664429024517,0.7884094715118408,47.53346252441406,0.795336127281189,0.784031331539154,0.7884094715118408,0.1002148687839508,0.38724976778030396,0.0
expected_cost_seed17,3700,0.00026814799329856817,0.5690834522247314,49.904727935791016,0.5808900594711304,0.5618059039115906,0.5690834522247314,0.10821807384490967,0.3813285231590271,0.0
expected_cost_seed17,3800,0.00026444963597549453,1.6356457471847534,41.974464416503906,1.6410335302352905,1.6324150562286377,1.6356457471847534,0.12646271288394928,0.37485745549201965,0.0
expected_cost_seed17,3900,0.00026057707495789445,0.6035280823707581,36.254981994628906,0.6098572015762329,0.5998287200927734,0.6035280823707581,0.1388934701681137,0.36889106035232544,0.0
expected_cost_seed17,4000,0.0002565362829470584,0.7547791004180908,38.50107955932617,0.7625738978385925,0.7503363490104675,0.7547791004180908,0.15147753059864044,0.36296647787094116,0.0
expected_cost_seed17,4100,0.00025233349210912855,1.1970947980880737,43.12993621826172,1.2057299613952637,1.1923015117645264,1.1970947980880737,0.16565528512001038,0.35690373182296753,0.0
expected_cost_seed17,4200,0.00024797518446314777,1.1501847505569458,31.17156982421875,1.1540777683258057,1.1480779647827148,1.1501847505569458,0.18500566482543945,0.3511134088039398,0.0
expected_cost_seed17,4300,0.0002434680818837576,1.0262689590454102,44.3588981628418,1.0364726781845093,1.0208820104599,1.0262689590454102,0.19421932101249695,0.3455545902252197,0.0
expected_cost_seed17,4400,0.0002388191357339628,1.2076719999313354,41.46234893798828,1.2148653268814087,1.2039680480957031,1.2076719999313354,0.21320076286792755,0.33988258242607117,0.0
expected_cost_seed17,4500,0.00023403551614395427,0.9799938797950745,36.7996826171875,0.9865134358406067,0.976707935333252,0.9799938797950745,0.22818529605865479,0.3351071774959564,0.0
expected_cost_seed17,4600,0.00022912460095252343,0.6083977222442627,40.45223617553711,0.6182007193565369,0.6035585403442383,0.6083977222442627,0.2389676719903946,0.3305225074291229,0.0
expected_cost_seed17,4700,0.00022409396432812584,1.0961005687713623,40.566162109375,1.1052531003952026,1.0916812419891357,1.0961005687713623,0.25554004311561584,0.3255787193775177,0.0
expected_cost_seed17,4800,0.00021895136508714194,0.9421879053115845,39.88440704345703,0.9505995512008667,0.938218891620636,0.9421879053115845,0.272695928812027,0.32064732909202576,0.0
expected_cost_seed17,4900,0.0002137047347273541,2.1937642097473145,35.530975341796875,2.1982009410858154,2.1917126178741455,2.1937642097473145,0.29179275035858154,0.3164169490337372,0.0
expected_cost_seed17,5000,0.0002083621651950939,0.8970120549201965,36.01128005981445,0.903161346912384,0.8942137360572815,0.8970120549201965,0.30331867933273315,0.3126588463783264,0.0
expected_cost_seed17,5100,0.00020293189640492807,0.4783768355846405,36.19771957397461,0.487029105424881,0.47451716661453247,0.4783768355846405,0.31615012884140015,0.30840781331062317,0.0
expected_cost_seed17,5200,0.00019742230353113102,0.7357607483863831,31.3892765045166,0.7397347688674927,0.7340187430381775,0.7357607483863831,0.3352775573730469,0.30480214953422546,0.0
expected_cost_seed17,5300,0.00019184188409054428,0.6549800634384155,30.49485206604004,0.6601907014846802,0.6527295112609863,0.6549800634384155,0.34656110405921936,0.301559716463089,0.0
expected_cost_seed17,5400,0.00018619924483674583,1.5980896949768066,25.81212043762207,1.6040339469909668,1.595567226409912,1.5980896949768066,0.3599548935890198,0.29800209403038025,0.0
expected_cost_seed17,5500,0.0001805030884857417,0.9515044689178467,30.520418167114258,0.95710688829422,0.9491605162620544,0.9515044689178467,0.3735724687576294,0.2948022484779358,0.0
expected_cost_seed17,5600,0.00017476220029365416,1.2048397064208984,24.436525344848633,1.208382487297058,1.2034684419631958,1.2048397064208984,0.3890978693962097,0.2918238639831543,0.0
expected_cost_seed17,5700,0.00016898543450710626,0.4711722433567047,28.57306671142578,0.47645220160484314,0.46902573108673096,0.4711722433567047,0.400989830493927,0.28847891092300415,0.0
expected_cost_seed17,5800,0.0001631817007072024,0.4538375437259674,32.7771110534668,0.46134933829307556,0.45083457231521606,0.4538375437259674,0.4107452630996704,0.2856120467185974,0.0
expected_cost_seed17,5900,0.00015735995006816515,0.760658860206604,35.587650299072266,0.7690982818603516,0.7573275566101074,0.760658860206604,0.4209887385368347,0.28306856751441956,0.0
expected_cost_seed17,6000,0.0001515291615518227,1.0673596858978271,25.155784606933594,1.0710697174072266,1.0659127235412598,1.0673596858978271,0.4388628602027893,0.2805103063583374,0.0
expected_cost_seed17,6100,0.00014569832805923908,1.0580118894577026,24.042587280273438,1.0522871017456055,1.0603325366973877,1.0580118894577026,0.4603637158870697,0.2786921262741089,0.0
expected_cost_seed17,6200,0.00013987644256084584,0.538792073726654,26.2157039642334,0.5416234135627747,0.5377098321914673,0.538792073726654,0.460822731256485,0.2761080265045166,0.0
expected_cost_seed17,6300,0.00013407248422646646,0.6344202756881714,31.820266723632812,0.6432700157165527,0.6310788989067078,0.6344202756881714,0.46220290660858154,0.27417248487472534,0.0
expected_cost_seed17,6400,0.00012829540457662598,1.1703333854675293,29.38391876220703,1.1733946800231934,1.1691882610321045,1.1703333854675293,0.4807606339454651,0.2719688415527344,0.0
expected_cost_seed17,6500,0.00012255411367650412,1.5314240455627441,27.35601806640625,1.5348440408706665,1.5301573276519775,1.5314240455627441,0.48791584372520447,0.2704303562641144,0.0
expected_cost_seed17,6600,0.00011685746639382604,0.529420793056488,33.5607795715332,0.5358039140701294,0.527071475982666,0.529420793056488,0.4926898181438446,0.2686871886253357,0.0
expected_cost_seed17,6700,0.00011121424874188406,0.8932739496231079,24.77364158630371,0.8972273468971252,0.8918293714523315,0.8932739496231079,0.502488374710083,0.26739904284477234,0.0
expected_cost_seed17,6800,0.00010563316432875535,0.5883222818374634,25.138673782348633,0.5884062051773071,0.5883017182350159,0.5883222818374634,0.5146312713623047,0.2660611569881439,0.0
expected_cost_seed17,6900,0.00010012282093361362,1.0373661518096924,25.9785213470459,1.0401856899261475,1.0363401174545288,1.0373661518096924,0.5172898769378662,0.2648168206214905,0.0
expected_cost_seed17,7000,9.469171723083938e-05,1.200804591178894,27.655197143554688,1.2023985385894775,1.20023775100708,1.200804591178894,0.524335503578186,0.2637641429901123,0.0
expected_cost_seed17,7100,8.934822968240351e-05,0.5960779190063477,28.40809440612793,0.6012933254241943,0.5942123532295227,0.5960779190063477,0.5233853459358215,0.26300248503685,0.0
expected_cost_seed17,7200,8.410059961874096e-05,0.9340783357620239,20.818912506103516,0.9351131916046143,0.933682918548584,0.9340783357620239,0.5332280993461609,0.26219701766967773,0.0
expected_cost_seed17,7300,7.895692052803984e-05,0.5960581302642822,27.86919593811035,0.5984972715377808,0.5951993465423584,0.5960581302642822,0.5363789796829224,0.26121291518211365,0.0
expected_cost_seed17,7400,7.392512557354857e-05,0.9136656522750854,23.608659744262695,0.9154680967330933,0.9130896925926208,0.9136656522750854,0.5386369228363037,0.26095712184906006,0.0
expected_cost_seed17,7500,6.90129753581554e-05,0.7290381789207458,22.08930015563965,0.7328622937202454,0.7276955842971802,0.7290381789207458,0.5393271446228027,0.26028433442115784,0.0
expected_cost_seed17,7600,6.422804595510925e-05,0.8687357902526855,25.827835083007812,0.8724996447563171,0.8674117922782898,0.8687357902526855,0.5427566170692444,0.2596395015716553,0.0
expected_cost_seed17,7700,5.957771722334337e-05,0.8913145065307617,21.70199966430664,0.8905030488967896,0.8915935754776001,0.8913145065307617,0.5513763427734375,0.25917118787765503,0.0
expected_cost_seed17,7800,5.506916142542272e-05,1.0514569282531738,22.842500686645508,1.044990062713623,1.0536922216415405,1.0514569282531738,0.5590065717697144,0.25916773080825806,0.0
expected_cost_seed17,7900,5.070933216567014e-05,1.0575456619262695,23.737205505371094,1.0580862760543823,1.057399034500122,1.0575456619262695,0.5510497689247131,0.258893221616745,0.0
expected_cost_seed17,8000,4.650495366553157e-05,0.5417110323905945,26.57880210876465,0.543671727180481,0.5410199761390686,0.5417110323905945,0.5510640144348145,0.25851255655288696,0.0
expected_cost_seed17,8100,4.2462510392722296e-05,1.798224687576294,24.20298194885254,1.7980214357376099,1.798353672027588,1.798224687576294,0.5530242919921875,0.25871193408966064,0.0
expected_cost_seed17,8200,3.8588237060147165e-05,0.9100736379623413,18.98638916015625,0.9120564460754395,0.9093813896179199,0.9100736379623413,0.5501332879066467,0.25868698954582214,0.0
expected_cost_seed17,8300,3.488810901002239e-05,0.6607611179351807,22.114885330200195,0.657691478729248,0.6619527339935303,0.6607611179351807,0.5568256378173828,0.25873664021492004,0.0
expected_cost_seed17,8400,3.136783299802706e-05,1.1866661310195923,23.487821578979492,1.1858892440795898,1.1869407892227173,1.1866661310195923,0.5527521967887878,0.25889891386032104,0.0
expected_cost_seed17,8500,2.803283839169959e-05,0.8429880738258362,22.769289016723633,0.8431622385978699,0.8429486155509949,0.8429880738258362,0.551338255405426,0.25892841815948486,0.0
expected_cost_seed17,8600,2.4888268796653453e-05,1.1544777154922485,26.53894805908203,1.157801866531372,1.1533145904541016,1.1544777154922485,0.5478287935256958,0.2587815523147583,0.0
expected_cost_seed17,8700,2.1938974123527338e-05,0.6934354305267334,22.69070816040039,0.6922533512115479,0.6941215991973877,0.6934354305267334,0.5522635579109192,0.25916343927383423,0.0
expected_cost_seed17,8800,1.9189503107904792e-05,0.6316744685173035,26.337169647216797,0.6292420029640198,0.63288414478302,0.6316744685173035,0.5528602600097656,0.2594020962715149,0.0
expected_cost_seed17,8900,1.6644096294739982e-05,0.8834502696990967,26.023237228393555,0.8811752796173096,0.8842526078224182,0.8834502696990967,0.5543487668037415,0.2589813470840454,0.0
expected_cost_seed17,9000,1.4306679498110133e-05,1.1496094465255737,17.26422691345215,1.1453741788864136,1.1511800289154053,1.1496094465255737,0.5558551549911499,0.259218692779541,0.0
expected_cost_seed17,9100,1.2180857746381187e-05,0.9270933866500854,25.79886817932129,0.9269024133682251,0.9271547794342041,0.9270933866500854,0.5513582229614258,0.25901564955711365,0.0
expected_cost_seed17,9200,1.0269909722125836e-05,0.9578197002410889,20.531414031982422,0.9562970995903015,0.958355724811554,0.9578197002410889,0.5525029897689819,0.2591433525085449,0.0
expected_cost_seed17,9300,8.5767827053684e-06,0.7857863903045654,16.451366424560547,0.7841932773590088,0.7863423824310303,0.7857863903045654,0.5525525212287903,0.25914788246154785,0.0
expected_cost_seed17,9400,7.104088027956736e-06,0.41123685240745544,25.167617797851562,0.4101985692977905,0.4116019010543823,0.41123685240745544,0.5505938529968262,0.25938236713409424,0.0
expected_cost_seed17,9500,5.854097046070927e-06,0.7877922058105469,24.877967834472656,0.7755364775657654,0.7922404408454895,0.7877922058105469,0.5642034411430359,0.2597096562385559,0.0
expected_cost_seed17,9600,4.828737637081215e-06,0.8984329700469971,22.299694061279297,0.8997499942779541,0.8979740142822266,0.8984329700469971,0.5471630692481995,0.2594314217567444,0.0
expected_cost_seed17,9700,4.029591226157464e-06,0.679641604423523,21.98234748840332,0.6813102960586548,0.679056704044342,0.679641604423523,0.5468190312385559,0.259404718875885,0.0
expected_cost_seed17,9800,3.4578903472166835e-06,1.0809733867645264,23.77952766418457,1.081399917602539,1.0808266401290894,1.0809733867645264,0.5484066009521484,0.25942134857177734,0.0
expected_cost_seed17,9900,3.114516741969794e-06,0.6839690208435059,21.502010345458984,0.6803972721099854,0.6852317452430725,0.6839690208435059,0.5530197620391846,0.25957414507865906,0.0
expected_cost_seed17,10000,2.9999999999999997e-06,0.6762866973876953,28.392295837402344,0.677212119102478,0.6759570240974426,0.6762866973876953,0.5469743013381958,0.2595670819282532,0.0
cost_supervised_seed17,2001,0.0003,0.5621585249900818,68.94566345214844,0.5176572799682617,0.5027657151222229,0.5102114677429199,0.00018133482080884278,0.5,0.0
cost_supervised_seed17,2100,0.0002998877618540835,1.337296962738037,63.20430374145508,1.2223206758499146,1.2077696323394775,1.2149821519851685,8.276578591903672e-05,0.49568456411361694,0.0
cost_supervised_seed17,2200,0.00029954667478372774,0.7332978248596191,78.99170684814453,0.674546480178833,0.6571635007858276,0.6657763719558716,6.680775550194085e-05,0.49547237157821655,0.0
cost_supervised_seed17,2300,0.0002989772533988172,1.300665259361267,66.01290893554688,1.1897099018096924,1.1736677885055542,1.181617259979248,7.702143921051174e-05,0.4955359995365143,0.0
cost_supervised_seed17,2400,0.00029818037592536944,1.1391401290893555,71.12505340576172,1.041688323020935,1.028146743774414,1.034864068031311,0.00010732996452134103,0.49603283405303955,0.0
cost_supervised_seed17,2500,0.0002971572713978897,0.9803725481033325,69.6790771484375,0.8972645998001099,0.883984386920929,0.8905630707740784,8.301701018353924e-05,0.4954516887664795,0.0
cost_supervised_seed17,2600,0.0002959095177638147,1.9749540090560913,67.08955383300781,1.8018202781677246,1.7876439094543457,1.7946655750274658,0.00010650951298885047,0.49531441926956177,0.0
cost_supervised_seed17,2700,0.0002944390394498239,1.077414870262146,69.47010040283203,0.9858408570289612,0.9717604517936707,0.9787431955337524,8.762195648159832e-05,0.4960578978061676,0.03125
cost_supervised_seed17,2800,0.0002927481043937714,1.0127102136611938,69.06637573242188,0.9257366061210632,0.9144526720046997,0.9200461506843567,9.038925782078877e-05,0.4957456588745117,0.0
cost_supervised_seed17,2900,0.0002908393205468154,0.9857829809188843,80.5334243774414,0.9038919806480408,0.8868181705474854,0.8952938318252563,9.992753621190786e-05,0.49644893407821655,0.0
cost_supervised_seed17,3000,0.00028871563185114144,0.9653825759887695,73.68266296386719,0.8851141929626465,0.8685999512672424,0.876779317855835,9.187420073430985e-05,0.4953013062477112,0.0
cost_supervised_seed17,3100,0.00028638031369948206,0.743701696395874,79.44111633300781,0.6826037764549255,0.6682220697402954,0.6753551363945007,8.620580047136173e-05,0.4960344433784485,0.0
cost_supervised_seed17,3200,0.00028383696788343576,0.564635157585144,67.35263061523438,0.5193352699279785,0.5060209035873413,0.5126267075538635,7.492598524549976e-05,0.49619781970977783,0.0
cost_supervised_seed17,3300,0.000281089517038377,1.601171851158142,60.30953598022461,1.4604322910308838,1.4497730731964111,1.4550590515136719,6.957924779271707e-05,0.49604055285453796,0.0
cost_supervised_seed17,3400,0.0002781421985935247,1.2430274486541748,64.93206787109375,1.1358232498168945,1.1229671239852905,1.1293469667434692,9.807051537791267e-05,0.4963337779045105,0.0
cost_supervised_seed17,3500,0.00027499955823649967,1.7813448905944824,62.0928955078125,1.6245652437210083,1.613153100013733,1.6188127994537354,7.554638432338834e-05,0.4960572123527527,0.0
cost_supervised_seed17,3600,0.0002716664429024517,0.8709129095077515,70.55554962158203,0.7981009483337402,0.784031331539154,0.791004478931427,9.834121010499075e-05,0.49559837579727173,0.0
cost_supervised_seed17,3700,0.00026814799329856817,0.6272392868995667,84.91625213623047,0.5772210955619812,0.5618059039115906,0.5694442987442017,7.290823850780725e-05,0.4955875277519226,0.0
cost_supervised_seed17,3800,0.00026444963597549453,1.8015902042388916,66.54901123046875,1.6422408819198608,1.6324150562286377,1.6372889280319214,7.712205115240067e-05,0.49607229232788086,0.0
cost_supervised_seed17,3900,0.00026057707495789445,0.6667742133140564,60.72760009765625,0.6113542914390564,0.5998287200927734,0.6055402755737305,9.855316602624953e-05,0.49565356969833374,0.0
cost_supervised_seed17,4000,0.0002565362829470584,0.8328382968902588,69.23804473876953,0.7627182006835938,0.7503363490104675,0.7564840316772461,8.246210927609354e-05,0.4964565634727478,0.0
cost_supervised_seed17,4100,0.00025233349210912855,1.318095088005066,71.3763427734375,1.2031757831573486,1.1923015117645264,1.197705864906311,7.170123717514798e-05,0.49695199728012085,0.0
cost_supervised_seed17,4200,0.00024797518446314777,1.267221450805664,50.734230041503906,1.1551374197006226,1.1480779647827148,1.151580572128296,0.00012724683620035648,0.4961779713630676,0.0
cost_supervised_seed17,4300,0.0002434680818837576,1.1310213804244995,71.63226318359375,1.0342586040496826,1.0208820104599,1.0275264978408813,6.90445231157355e-05,0.49675530195236206,0.0
cost_supervised_seed17,4400,0.0002388191357339628,1.3319495916366577,77.16819763183594,1.2165708541870117,1.2039680480957031,1.2102245092391968,6.796971865696833e-05,0.4964553117752075,0.0
cost_supervised_seed17,4500,0.00023403551614395427,1.0800505876541138,67.30300903320312,0.9860504865646362,0.976707935333252,0.9813489317893982,9.655424219090492e-05,0.49679142236709595,0.0
cost_supervised_seed17,4600,0.00022912460095252343,0.6711553931236267,70.38672637939453,0.615599513053894,0.6035585403442383,0.6095468997955322,4.8524088924750686e-05,0.49741876125335693,0.0
cost_supervised_seed17,4700,0.00022409396432812584,1.2053658962249756,64.70616149902344,1.0990536212921143,1.0916812419891357,1.0953463315963745,0.00011420221562730148,0.4971485137939453,0.0
cost_supervised_seed17,4800,0.00021895136508714194,1.0376062393188477,71.7642822265625,0.9474563598632812,0.938218891620636,0.9428071975708008,5.3384079365059733e-05,0.4967900514602661,0.0
cost_supervised_seed17,4900,0.0002137047347273541,2.413541316986084,56.49610137939453,2.1958792209625244,2.1917126178741455,2.1937808990478516,0.00017247624055016786,0.4968789219856262,0.0
cost_supervised_seed17,5000,0.0002083621651950939,0.9874595999717712,63.14646911621094,0.9004926085472107,0.8942137360572815,0.8973370790481567,7.327813364099711e-05,0.4974285364151001,0.0
cost_supervised_seed17,5100,0.00020293189640492807,0.5266097784042358,63.5819206237793,0.4822080731391907,0.47451716661453247,0.478341281414032,4.7681322030257434e-05,0.4971858263015747,0.0
cost_supervised_seed17,5200,0.00019742230353113102,0.8103352189064026,58.04421615600586,0.7387872338294983,0.7340187430381775,0.7363895177841187,6.702393875457346e-05,0.497162401676178,0.0
cost_supervised_seed17,5300,0.00019184188409054428,0.7224189639091492,62.18364334106445,0.6600065231323242,0.6527295112609863,0.656349778175354,6.853389641037211e-05,0.4976230561733246,0.015625
cost_supervised_seed17,5400,0.00018619924483674583,1.7621973752975464,58.86628341674805,1.6072570085525513,1.595567226409912,1.6013784408569336,9.327239240519702e-05,0.4972260296344757,0.0
cost_supervised_seed17,5500,0.0001805030884857417,1.0486955642700195,55.272377014160156,0.9566954374313354,0.9491605162620544,0.9529116749763489,0.00011438196816015989,0.49779051542282104,0.0
cost_supervised_seed17,5600,0.00017476220029365416,1.3258200883865356,48.750587463378906,1.2062344551086426,1.2034684419631958,1.2047719955444336,0.00042457025847397745,0.49758797883987427,0.03125
cost_supervised_seed17,5700,0.00016898543450710626,0.5196386575698853,59.5465087890625,0.47497719526290894,0.46902573108673096,0.4719867408275604,0.00015417792019434273,0.49768564105033875,0.0
cost_supervised_seed17,5800,0.0001631817007072024,0.5016922950744629,67.9628677368164,0.46036937832832336,0.45083457231521606,0.4555826187133789,7.273524533957243e-05,0.4978632926940918,0.0
cost_supervised_seed17,5900,0.00015735995006816515,0.8384827375411987,70.76875305175781,0.7663062810897827,0.7573275566101074,0.761799693107605,5.237877485342324e-05,0.49811211228370667,0.0
cost_supervised_seed17,6000,0.0001515291615518227,1.175606369972229,52.414432525634766,1.0709741115570068,1.0659127235412598,1.0684311389923096,7.78204994276166e-05,0.49775493144989014,0.0
cost_supervised_seed17,6100,0.00014569832805923908,1.164515733718872,54.67635726928711,1.0543782711029053,1.0603325366973877,1.0572779178619385,0.001799893332645297,0.49799656867980957,0.046875
cost_supervised_seed17,6200,0.00013987644256084584,0.5942062139511108,53.543209075927734,0.5421221256256104,0.5377098321914673,0.5399073958396912,8.662748587084934e-05,0.49799326062202454,0.0
cost_supervised_seed17,6300,0.00013407248422646646,0.7026264667510986,71.65592193603516,0.6449494361877441,0.6310788989067078,0.6379876136779785,0.00014389987336471677,0.49818679690361023,0.0
cost_supervised_seed17,6400,0.00012829540457662598,1.2897419929504395,66.6598129272461,1.1741480827331543,1.1691882610321045,1.1716575622558594,0.0006696427008137107,0.49804139137268066,0.015625
cost_supervised_seed17,6500,0.00012255411367650412,1.6855286359786987,51.693180084228516,1.5338809490203857,1.5301573276519775,1.5320101976394653,0.00013031902199145406,0.4984622001647949,0.015625
cost_supervised_seed17,6600,0.00011685746639382604,0.5860038995742798,73.35086059570312,0.5372333526611328,0.527071475982666,0.5321403741836548,0.000140209129313007,0.49838894605636597,0.03125
cost_supervised_seed17,6700,0.00011121424874188406,0.9851879477500916,59.802772521972656,0.8986641764640808,0.8918293714523315,0.8952394723892212,8.209297084249556e-05,0.49904343485832214,0.046875
cost_supervised_seed17,6800,0.00010563316432875535,0.6479369401931763,59.18020248413086,0.5883060693740845,0.5883017182350159,0.5882948637008667,0.0008114676456898451,0.4986400902271271,0.046875
cost_supervised_seed17,6900,0.00010012282093361362,1.1425169706344604,59.57600021362305,1.0398801565170288,1.0363401174545288,1.038112998008728,0.00041594612412154675,0.49881699681282043,0.078125
cost_supervised_seed17,7000,9.469171723083938e-05,1.3221503496170044,68.109375,1.203243374824524,1.20023775100708,1.2017357349395752,9.028689964907244e-05,0.4987644553184509,0.03125
cost_supervised_seed17,7100,8.934822968240351e-05,0.6576563119888306,60.97539138793945,0.600489616394043,0.5942123532295227,0.5973502397537231,0.00025714223738759756,0.49910467863082886,0.078125
cost_supervised_seed17,7200,8.410059961874096e-05,1.0280578136444092,46.93534469604492,0.9346028566360474,0.933682918548584,0.9341452717781067,0.0004522749804891646,0.49922722578048706,0.109375
cost_supervised_seed17,7300,7.895692052803984e-05,0.6562890410423279,61.29271697998047,0.597617506980896,0.5951993465423584,0.5964031219482422,0.00012414214143063873,0.4989817142486572,0.078125
cost_supervised_seed17,7400,7.392512557354857e-05,1.00618577003479,51.214908599853516,0.91511070728302,0.9130896925926208,0.9140470623970032,0.0006276915082708001,0.4993930459022522,0.109375
cost_supervised_seed17,7500,6.90129753581554e-05,0.8035401105880737,52.88056182861328,0.7324470281600952,0.7276955842971802,0.7300676703453064,0.00022773262753617018,0.4992971420288086,0.125
cost_supervised_seed17,7600,6.422804595510925e-05,0.9575825333595276,61.29965591430664,0.8728667497634888,0.8674117922782898,0.8701357245445251,0.0001601517724338919,0.4992920160293579,0.109375
cost_supervised_seed17,7700,5.957771722334337e-05,0.9805800318717957,46.269535064697266,0.8906618356704712,0.8915935754776001,0.8911232948303223,0.0003905142075382173,0.49934908747673035,0.1875
cost_supervised_seed17,7800,5.506916142542272e-05,1.1548829078674316,48.2503547668457,1.0447869300842285,1.0536922216415405,1.049208641052246,0.0011955387890338898,0.4994930326938629,0.1875
cost_supervised_seed17,7900,5.070933216567014e-05,1.1645230054855347,58.866966247558594,1.059029459953308,1.057399034500122,1.0581659078598022,0.00045421841787174344,0.4996667802333832,0.21875
cost_supervised_seed17,8000,4.650495366553157e-05,0.5961094498634338,61.36043167114258,0.5421984791755676,0.5410199761390686,0.5416118502616882,0.0002777517365757376,0.49948278069496155,0.203125
cost_supervised_seed17,8100,4.2462510392722296e-05,1.978596568107605,61.078819274902344,1.7984955310821533,1.798353672027588,1.7983806133270264,0.0003664777323137969,0.4999486207962036,0.21875
cost_supervised_seed17,8200,3.8588237060147165e-05,1.0018640756607056,45.27250289916992,0.9116466045379639,0.9093813896179199,0.910510778427124,0.0001886366808321327,0.5000320076942444,0.5
cost_supervised_seed17,8300,3.488810901002239e-05,0.7266711592674255,56.379032135009766,0.6580759882926941,0.6619527339935303,0.659894585609436,0.000969015818554908,0.5001282691955566,0.3125
cost_supervised_seed17,8400,3.136783299802706e-05,1.3058035373687744,55.90110778808594,1.186943531036377,1.1869407892227173,1.1869399547576904,0.00016931371646933258,0.50022292137146,0.609375
cost_supervised_seed17,8500,2.803283839169959e-05,0.9275309443473816,53.77324295043945,0.8431180715560913,0.8429486155509949,0.8430155515670776,0.0002036082441918552,0.5001054406166077,0.375
cost_supervised_seed17,8600,2.4888268796653453e-05,1.271423578262329,56.60964584350586,1.15770423412323,1.1533145904541016,1.1555097103118896,0.00014335558807943016,0.4999637305736542,0.4375
cost_supervised_seed17,8700,2.1938974123527338e-05,0.7634121179580688,63.32255554199219,0.6924317479133606,0.6941215991973877,0.6930170655250549,0.0011518696555867791,0.5003814697265625,0.390625
cost_supervised_seed17,8800,1.9189503107904792e-05,0.6952973008155823,63.492889404296875,0.6295947432518005,0.63288414478302,0.6309099197387695,0.0014278733870014548,0.5006301403045654,0.390625
cost_supervised_seed17,8900,1.6644096294739982e-05,0.971252977848053,53.201133728027344,0.8815521001815796,0.8842526078224182,0.882896363735199,0.00020141518325544894,0.5001550316810608,0.578125
cost_supervised_seed17,9000,1.4306679498110133e-05,1.263185739517212,48.551063537597656,1.145181655883789,1.1511800289154053,1.1480885744094849,0.0005789838032796979,0.5004497766494751,0.546875
cost_supervised_seed17,9100,1.2180857746381187e-05,1.019685983657837,61.07203674316406,0.925896406173706,0.9271547794342041,0.9265315532684326,0.0005647438229061663,0.5000152587890625,0.46875
cost_supervised_seed17,9200,1.0269909722125836e-05,1.0535210371017456,53.81293869018555,0.9564096331596375,0.958355724811554,0.9573782682418823,0.000501754751894623,0.5002038478851318,0.5
cost_supervised_seed17,9300,8.5767827053684e-06,0.8641054034233093,41.355201721191406,0.7844396829605103,0.7863423824310303,0.7853876352310181,0.0002738380280788988,0.5001140236854553,0.5625
cost_supervised_seed17,9400,7.104088027956736e-06,0.4520142078399658,58.528076171875,0.40906378626823425,0.4116019010543823,0.41032010316848755,0.00078772526467219,0.5003421306610107,0.625
cost_supervised_seed17,9500,5.854097046070927e-06,0.8633729219436646,57.776832580566406,0.7760740518569946,0.7922404408454895,0.7839547395706177,0.0018107898067682981,0.500957727432251,0.65625
cost_supervised_seed17,9600,4.828737637081215e-06,0.988886833190918,43.819400787353516,0.8991135358810425,0.8979740142822266,0.8985456228256226,0.00042989023495465517,0.5002939701080322,0.75
cost_supervised_seed17,9700,4.029591226157464e-06,0.7483216524124146,57.597930908203125,0.6808604598045349,0.679056704044342,0.6799593567848206,0.0002762920630630106,0.5004161596298218,0.6875
cost_supervised_seed17,9800,3.4578903472166835e-06,1.1890968084335327,54.678306579589844,1.0809601545333862,1.0808266401290894,1.080887794494629,0.00011299803736619651,0.5002336502075195,0.703125
cost_supervised_seed17,9900,3.114516741969794e-06,0.7512523531913757,54.88753128051758,0.6799479722976685,0.6852317452430725,0.6825697422027588,0.0006878366693854332,0.5004881620407104,0.71875
cost_supervised_seed17,10000,2.9999999999999997e-06,0.7445038557052612,62.79013442993164,0.67705237865448,0.6759570240974426,0.6765145063400269,0.0002841131645254791,0.5003445148468018,0.703125
expected_cost_seed29,2001,0.0003,0.9037273526191711,56.12099075317383,0.9103740453720093,0.8970804214477539,0.9037273526191711,0.00018014581291936338,0.5,0.0
expected_cost_seed29,2100,0.0002998877618540835,1.4772989749908447,50.48771286010742,1.4843580722808838,1.4704499244689941,1.4772989749908447,0.00026474730111658573,0.49246203899383545,0.0
expected_cost_seed29,2200,0.00029954667478372774,0.8578945398330688,58.2415885925293,0.8656258583068848,0.8506278395652771,0.8578945398330688,0.001204062718898058,0.4845157563686371,0.0
expected_cost_seed29,2300,0.0002989772533988172,1.7031821012496948,56.72487258911133,1.7103002071380615,1.696702003479004,1.7031821012496948,0.0033057553227990866,0.4765469431877136,0.0
expected_cost_seed29,2400,0.00029818037592536944,1.0498583316802979,51.5485954284668,1.0556596517562866,1.0447379350662231,1.0498583316802979,0.006529984064400196,0.4688330888748169,0.0
expected_cost_seed29,2500,0.0002971572713978897,1.0442200899124146,54.157249450683594,1.0513243675231934,1.0381206274032593,1.0442200899124146,0.009777376428246498,0.4619503617286682,0.0
expected_cost_seed29,2600,0.0002959095177638147,0.6967920660972595,55.938995361328125,0.706007719039917,0.68910151720047,0.6967920660972595,0.01361350528895855,0.45490124821662903,0.0
expected_cost_seed29,2700,0.0002944390394498239,1.286081075668335,52.21221160888672,1.2939965724945068,1.2796653509140015,1.286081075668335,0.019240185618400574,0.4476754069328308,0.0
expected_cost_seed29,2800,0.0002927481043937714,0.7159017324447632,54.799949645996094,0.7260698080062866,0.7079175114631653,0.7159017324447632,0.025098538026213646,0.43988001346588135,0.0
expected_cost_seed29,2900,0.0002908393205468154,1.9356399774551392,44.2722053527832,1.9442447423934937,1.929092526435852,1.9356399774551392,0.033404819667339325,0.43213504552841187,0.0
expected_cost_seed29,3000,0.00028871563185114144,1.235722541809082,44.33942413330078,1.2423827648162842,1.2308257818222046,1.235722541809082,0.04391125217080116,0.42368534207344055,0.0
expected_cost_seed29,3100,0.00028638031369948206,0.9706411361694336,51.05579376220703,0.9785491228103638,0.9649924635887146,0.9706411361694336,0.05234862118959427,0.41669410467147827,0.0
expected_cost_seed29,3200,0.00028383696788343576,1.999564528465271,41.47554397583008,2.0045077800750732,1.9961293935775757,1.999564528465271,0.06359025835990906,0.40990954637527466,0.0
expected_cost_seed29,3300,0.000281089517038377,0.7886325120925903,40.762149810791016,0.7960970997810364,0.7835923433303833,0.7886325120925903,0.07241834700107574,0.4030650854110718,0.0
expected_cost_seed29,3400,0.0002781421985935247,0.5025314092636108,46.396663665771484,0.5091850757598877,0.49816060066223145,0.5025314092636108,0.08372879773378372,0.3964938521385193,0.0
expected_cost_seed29,3500,0.00027499955823649967,0.9838804602622986,41.942684173583984,0.9895315766334534,0.9802706241607666,0.9838804602622986,0.09640462696552277,0.3897683918476105,0.0
expected_cost_seed29,3600,0.0002716664429024517,0.7501471638679504,32.24714660644531,0.7555109262466431,0.746817946434021,0.7501471638679504,0.1096399575471878,0.38300448656082153,0.0
expected_cost_seed29,3700,0.00026814799329856817,1.1247613430023193,43.71907424926758,1.1338591575622559,1.1192848682403564,1.1247613430023193,0.12166236340999603,0.3757603168487549,0.0
expected_cost_seed29,3800,0.00026444963597549453,1.2743111848831177,41.48032760620117,1.281250238418579,1.270249843597412,1.2743111848831177,0.1377561390399933,0.3691837191581726,0.0
expected_cost_seed29,3900,0.00026057707495789445,1.0080265998840332,45.0054931640625,1.017120122909546,1.0028440952301025,1.0080265998840332,0.15023231506347656,0.3630359172821045,0.0
expected_cost_seed29,4000,0.0002565362829470584,1.5965149402618408,37.0018196105957,1.6022018194198608,1.5933551788330078,1.5965149402618408,0.16748332977294922,0.35721004009246826,0.0
expected_cost_seed29,4100,0.00025233349210912855,0.6338373422622681,46.920570373535156,0.644286036491394,0.6281734704971313,0.6338373422622681,0.1775752604007721,0.35162705183029175,0.0
expected_cost_seed29,4200,0.00024797518446314777,0.750403881072998,41.146636962890625,0.759373128414154,0.745660126209259,0.750403881072998,0.19493266940116882,0.345731258392334,0.0
expected_cost_seed29,4300,0.0002434680818837576,0.7713571786880493,38.25209045410156,0.7787208557128906,0.7675535678863525,0.7713571786880493,0.21160703897476196,0.3403988182544708,0.0
expected_cost_seed29,4400,0.0002388191357339628,1.999401569366455,40.73502731323242,2.005117416381836,1.9965137243270874,1.999401569366455,0.22738735377788544,0.3356289863586426,0.0
expected_cost_seed29,4500,0.00023403551614395427,0.5603643655776978,35.09058380126953,0.5702531933784485,0.5554782748222351,0.5603643655776978,0.2378096580505371,0.3308851718902588,0.0
expected_cost_seed29,4600,0.00022912460095252343,1.2521259784698486,31.234573364257812,1.2561426162719727,1.2501804828643799,1.2521259784698486,0.25896933674812317,0.3261961340904236,0.0
expected_cost_seed29,4700,0.00022409396432812584,0.9651179909706116,38.44002914428711,0.9729560613632202,0.9614026546478271,0.9651179909706116,0.27078476548194885,0.32141202688217163,0.0
expected_cost_seed29,4800,0.00021895136508714194,1.2395387887954712,37.5004768371582,1.2478277683258057,1.2356953620910645,1.2395387887954712,0.28581586480140686,0.3169097602367401,0.0
expected_cost_seed29,4900,0.0002137047347273541,0.9813816547393799,30.404436111450195,0.9876426458358765,0.9785339832305908,0.9813816547393799,0.3030952215194702,0.31269150972366333,0.0
expected_cost_seed29,5000,0.0002083621651950939,0.5950603485107422,33.029170989990234,0.6019710898399353,0.5919723510742188,0.5950603485107422,0.31657320261001587,0.30882519483566284,0.0
expected_cost_seed29,5100,0.00020293189640492807,1.0136032104492188,29.725820541381836,1.0171053409576416,1.0120631456375122,1.0136032104492188,0.33386102318763733,0.3053227663040161,0.0
expected_cost_seed29,5200,0.00019742230353113102,0.6159459948539734,30.5387020111084,0.6224221587181091,0.6131488680839539,0.6159459948539734,0.34482836723327637,0.30160897970199585,0.0
expected_cost_seed29,5300,0.00019184188409054428,0.6398700475692749,25.290912628173828,0.6416410803794861,0.6391209363937378,0.6398700475692749,0.36526617407798767,0.29795047640800476,0.0
expected_cost_seed29,5400,0.00018619924483674583,1.004582166671753,26.337942123413086,1.0101007223129272,1.0022635459899902,1.004582166671753,0.37447595596313477,0.2946705222129822,0.0
expected_cost_seed29,5500,0.0001805030884857417,1.840319275856018,25.820430755615234,1.8439481258392334,1.8388457298278809,1.840319275856018,0.39102333784103394,0.29129156470298767,0.0
expected_cost_seed29,5600,0.00017476220029365416,0.4674399495124817,30.776098251342773,0.4657576382160187,0.4682753086090088,0.4674399495124817,0.40834951400756836,0.28898561000823975,0.0
expected_cost_seed29,5700,0.00016898543450710626,1.2434052228927612,33.176788330078125,1.2502516508102417,1.2406648397445679,1.2434052228927612,0.41067391633987427,0.28581881523132324,0.0
expected_cost_seed29,5800,0.0001631817007072024,0.8523535132408142,30.99306297302246,0.8567467927932739,0.85062175989151,0.8523535132408142,0.42578065395355225,0.28317177295684814,0.0
expected_cost_seed29,5900,0.00015735995006816515,0.8944796323776245,37.26933288574219,0.9025745391845703,0.8913095593452454,0.8944796323776245,0.4312250316143036,0.2809608280658722,0.0
expected_cost_seed29,6000,0.0001515291615518227,0.68755704164505,33.54188919067383,0.6927815079689026,0.6854960322380066,0.68755704164505,0.4470072090625763,0.27838650345802307,0.0
expected_cost_seed29,6100,0.00014569832805923908,0.6771426200866699,26.832809448242188,0.6824327707290649,0.6751139163970947,0.6771426200866699,0.4560566246509552,0.2764517068862915,0.0
expected_cost_seed29,6200,0.00013987644256084584,1.0798873901367188,23.393138885498047,1.073271632194519,1.0828191041946411,1.0798873901367188,0.4820239841938019,0.2744961977005005,0.0
expected_cost_seed29,6300,0.00013407248422646646,1.45530104637146,31.94752311706543,1.4614659547805786,1.4529926776885986,1.45530104637146,0.4768664836883545,0.2719069719314575,0.0
expected_cost_seed29,6400,0.00012829540457662598,0.45040977001190186,30.096179962158203,0.45805299282073975,0.44757845997810364,0.45040977001190186,0.48335275053977966,0.2702023684978485,0.0
expected_cost_seed29,6500,0.00012255411367650412,0.6356217265129089,30.908308029174805,0.6419769525527954,0.6332885026931763,0.6356217265129089,0.49372798204421997,0.2684866786003113,0.0
expected_cost_seed29,6600,0.00011685746639382604,1.362056016921997,21.680612564086914,1.3666489124298096,1.3603839874267578,1.362056016921997,0.5026932954788208,0.26723790168762207,0.0
expected_cost_seed29,6700,0.00011121424874188406,1.7094476222991943,20.52196502685547,1.7105728387832642,1.7090411186218262,1.7094476222991943,0.51427161693573,0.2658478617668152,0.0
expected_cost_seed29,6800,0.00010563316432875535,0.8911013603210449,25.17460823059082,0.8916734457015991,0.8909105658531189,0.8911013603210449,0.5205632448196411,0.26477038860321045,0.0
expected_cost_seed29,6900,0.00010012282093361362,1.2273637056350708,26.783456802368164,1.2318012714385986,1.22577965259552,1.2273637056350708,0.5226946473121643,0.26333993673324585,0.0
expected_cost_seed29,7000,9.469171723083938e-05,1.557135820388794,28.532777786254883,1.5687611103057861,1.5529705286026,1.557135820388794,0.5154385566711426,0.26291149854660034,0.0
expected_cost_seed29,7100,8.934822968240351e-05,0.5806092023849487,28.153358459472656,0.5875005722045898,0.5781568288803101,0.5806092023849487,0.5269843339920044,0.26186949014663696,0.0
expected_cost_seed29,7200,8.410059961874096e-05,1.2005443572998047,26.536293029785156,1.2033365964889526,1.1995651721954346,1.2005443572998047,0.5375828742980957,0.2609165608882904,0.0
expected_cost_seed29,7300,7.895692052803984e-05,1.6063904762268066,20.830154418945312,1.6088634729385376,1.6055231094360352,1.6063904762268066,0.5403494834899902,0.2604457437992096,0.0
expected_cost_seed29,7400,7.392512557354857e-05,0.989696741104126,25.688724517822266,0.9923585057258606,0.9887746572494507,0.989696741104126,0.5416485667228699,0.2601430118083954,0.0
expected_cost_seed29,7500,6.90129753581554e-05,0.8869895935058594,25.888824462890625,0.8841230273246765,0.8879480361938477,0.8869895935058594,0.5520944595336914,0.2595585286617279,0.0
expected_cost_seed29,7600,6.422804595510925e-05,0.8020732998847961,24.337806701660156,0.8018190264701843,0.8021156191825867,0.8020732998847961,0.5505659580230713,0.25917571783065796,0.0
expected_cost_seed29,7700,5.957771722334337e-05,0.5933353900909424,27.7560977935791,0.5898147821426392,0.5945106148719788,0.5933353900909424,0.5545971393585205,0.25924813747406006,0.0
expected_cost_seed29,7800,5.506916142542272e-05,1.8456778526306152,26.720394134521484,1.8453620672225952,1.8457739353179932,1.8456778526306152,0.5515368580818176,0.25901269912719727,0.0
expected_cost_seed29,7900,5.070933216567014e-05,0.9230105876922607,22.4097843170166,0.9289376735687256,0.9209375381469727,0.9230105876922607,0.5437330603599548,0.2588939070701599,0.0
expected_cost_seed29,8000,4.650495366553157e-05,1.8794348239898682,22.49570655822754,1.8818544149398804,1.8785948753356934,1.8794348239898682,0.5484731197357178,0.25889351963996887,0.0
expected_cost_seed29,8100,4.2462510392722296e-05,0.7001608610153198,25.59100914001465,0.7018084526062012,0.6995912790298462,0.7001608610153198,0.5487493872642517,0.25904011726379395,0.0
expected_cost_seed29,8200,3.8588237060147165e-05,0.8515368700027466,24.585552215576172,0.8566500544548035,0.8497412800788879,0.8515368700027466,0.5442537069320679,0.25901398062705994,0.0
expected_cost_seed29,8300,3.488810901002239e-05,0.9868950843811035,21.691255569458008,0.9819660782814026,0.9887498021125793,0.9868950843811035,0.5549957156181335,0.2595754563808441,0.0
expected_cost_seed29,8400,3.136783299802706e-05,0.9622800946235657,25.836244583129883,0.9634469151496887,0.9618785977363586,0.9622800946235657,0.5486831665039062,0.25917738676071167,0.0
expected_cost_seed29,8500,2.803283839169959e-05,1.080191969871521,23.808820724487305,1.080488681793213,1.0800793170928955,1.080191969871521,0.5490673780441284,0.259326696395874,0.0
expected_cost_seed29,8600,2.4888268796653453e-05,1.3750637769699097,22.95066261291504,1.3792773485183716,1.3735911846160889,1.3750637769699097,0.5441728234291077,0.25925305485725403,0.0
expected_cost_seed29,8700,2.1938974123527338e-05,1.7472145557403564,24.90226173400879,1.7448792457580566,1.7480545043945312,1.7472145557403564,0.5521994829177856,0.259413480758667,0.0
expected_cost_seed29,8800,1.9189503107904792e-05,1.279558777809143,24.795644760131836,1.2785797119140625,1.2799129486083984,1.279558777809143,0.5495204925537109,0.2596055269241333,0.0
expected_cost_seed29,8900,1.6644096294739982e-05,1.2906410694122314,20.48334312438965,1.2894073724746704,1.2911009788513184,1.2906410694122314,0.5491706728935242,0.259712278842926,0.0
expected_cost_seed29,9000,1.4306679498110133e-05,1.4583138227462769,21.729759216308594,1.4566738605499268,1.4589595794677734,1.4583138227462769,0.5487499237060547,0.2599062919616699,0.0
expected_cost_seed29,9100,1.2180857746381187e-05,0.6749839186668396,21.61589241027832,0.6759659051895142,0.6746596097946167,0.6749839186668396,0.5431321859359741,0.26029688119888306,0.0
expected_cost_seed29,9200,1.0269909722125836e-05,1.1164085865020752,20.72220802307129,1.1142816543579102,1.117171049118042,1.1164085865020752,0.5481177568435669,0.26014482975006104,0.0
expected_cost_seed29,9300,8.5767827053684e-06,1.228857159614563,22.04850959777832,1.2293733358383179,1.2287052869796753,1.228857159614563,0.5438284873962402,0.26028576493263245,0.0
expected_cost_seed29,9400,7.104088027956736e-06,1.198705792427063,22.580360412597656,1.1919276714324951,1.2010881900787354,1.198705792427063,0.5543413162231445,0.26015281677246094,0.0
expected_cost_seed29,9500,5.854097046070927e-06,1.0714055299758911,19.935462951660156,1.0661736726760864,1.0732356309890747,1.0714055299758911,0.5533348321914673,0.25994378328323364,0.0
expected_cost_seed29,9600,4.828737637081215e-06,1.1299786567687988,22.44276237487793,1.1247351169586182,1.131766676902771,1.1299786567687988,0.5525053143501282,0.2600981891155243,0.0
expected_cost_seed29,9700,4.029591226157464e-06,0.5981761813163757,17.49847984313965,0.589647650718689,0.6011557579040527,0.5981761813163757,0.5562194585800171,0.26024410128593445,0.0
expected_cost_seed29,9800,3.4578903472166835e-06,0.890518307685852,26.828624725341797,0.887905478477478,0.8914445638656616,0.890518307685852,0.5484247207641602,0.26020950078964233,0.0
expected_cost_seed29,9900,3.114516741969794e-06,1.043068528175354,25.343589782714844,1.0446434020996094,1.0425279140472412,1.043068528175354,0.5407731533050537,0.2605968713760376,0.0
expected_cost_seed29,10000,2.9999999999999997e-06,0.8248394727706909,21.492895126342773,0.8260986804962158,0.8243958353996277,0.8248394727706909,0.5419806241989136,0.26044121384620667,0.0
cost_supervised_seed29,2001,0.0003,0.9949448704719543,67.34519958496094,0.9103740453720093,0.8970804214477539,0.9037273526191711,0.00018014581291936338,0.5,0.0
cost_supervised_seed29,2100,0.0002998877618540835,1.6242974996566772,57.65331268310547,1.4816994667053223,1.4704499244689941,1.4760279655456543,9.959839371731505e-05,0.4958499073982239,0.0
cost_supervised_seed29,2200,0.00029954667478372774,0.9473549723625183,71.6051025390625,0.8699938058853149,0.8506278395652771,0.8602216839790344,0.00013395158748608083,0.49541208148002625,0.0
cost_supervised_seed29,2300,0.0002989772533988172,1.8740856647491455,72.28207397460938,1.709532618522644,1.696702003479004,1.7030613422393799,7.108320278348401e-05,0.4956527352333069,0.0
cost_supervised_seed29,2400,0.00029818037592536944,1.1570558547973633,66.34198760986328,1.0577887296676636,1.0447379350662231,1.0512018203735352,7.526770059484988e-05,0.4953058660030365,0.0
cost_supervised_seed29,2500,0.0002971572713978897,1.1495234966278076,69.69834899902344,1.0506290197372437,1.0381206274032593,1.044320821762085,0.00013978712377138436,0.4957282245159149,0.0
cost_supervised_seed29,2600,0.0002959095177638147,0.7699662446975708,73.22523498535156,0.708898663520813,0.68910151720047,0.6989110112190247,0.00016531519941054285,0.49553680419921875,0.0
cost_supervised_seed29,2700,0.0002944390394498239,1.4156628847122192,70.12380981445312,1.292987585067749,1.2796653509140015,1.2862695455551147,9.450569632463157e-05,0.4957277774810791,0.0
cost_supervised_seed29,2800,0.0002927481043937714,0.7868287563323975,72.76883697509766,0.7213944792747498,0.7079175114631653,0.7146036624908447,8.565173629904166e-05,0.4961707592010498,0.0
cost_supervised_seed29,2900,0.0002908393205468154,2.128746747970581,56.0238151550293,1.9402689933776855,1.929092526435852,1.934628963470459,9.095191489905119e-05,0.49544042348861694,0.0
cost_supervised_seed29,3000,0.00028871563185114144,1.3591176271438599,60.03693389892578,1.2394143342971802,1.2308257818222046,1.2350852489471436,9.091398533200845e-05,0.4959186017513275,0.0
cost_supervised_seed29,3100,0.00028638031369948206,1.0689607858657837,72.96603393554688,0.9773423671722412,0.9649924635887146,0.9711179137229919,0.00010863533680094406,0.49603360891342163,0.0
cost_supervised_seed29,3200,0.00028383696788343576,2.2004473209381104,61.21636962890625,2.0034070014953613,1.9961293935775757,1.9997389316558838,0.00036770966835319996,0.4959820508956909,0.0
cost_supervised_seed29,3300,0.000281089517038377,0.8690265417098999,61.76314926147461,0.7953211665153503,0.7835923433303833,0.7894054055213928,8.899823296815157e-05,0.4957480728626251,0.0
cost_supervised_seed29,3400,0.0002781421985935247,0.5571549534797668,72.7508544921875,0.5133541226387024,0.49816060066223145,0.5056983232498169,0.0001212061324622482,0.4961754083633423,0.0
cost_supervised_seed29,3500,0.00027499955823649967,1.083107352256775,62.81039810180664,0.9882521629333496,0.9802706241607666,0.9842336177825928,4.8489800974493846e-05,0.49659407138824463,0.0
cost_supervised_seed29,3600,0.0002716664429024517,0.8269855976104736,53.83070755004883,0.7558742761611938,0.746817946434021,0.7513132095336914,8.494243957102299e-05,0.49634870886802673,0.0
cost_supervised_seed29,3700,0.00026814799329856817,1.238171100616455,63.97351837158203,1.1307586431503296,1.1192848682403564,1.1249759197235107,0.00011934940266655758,0.49614933133125305,0.0
cost_supervised_seed29,3800,0.00026444963597549453,1.4028372764587402,65.16791534423828,1.2794303894042969,1.270249843597412,1.2748056650161743,8.85320914676413e-05,0.49630916118621826,0.0
cost_supervised_seed29,3900,0.00026057707495789445,1.1108863353729248,68.05130004882812,1.0156962871551514,1.0028440952301025,1.0092246532440186,9.202255751006305e-05,0.4965665340423584,0.0
cost_supervised_seed29,4000,0.0002565362829470584,1.7602434158325195,65.90213012695312,1.6058428287506104,1.5933551788330078,1.5995500087738037,0.00010909808042924851,0.4962831139564514,0.0
cost_supervised_seed29,4100,0.00025233349210912855,0.6995329260826111,77.84300994873047,0.6423848867416382,0.6281734704971313,0.6352249979972839,6.945146014913917e-05,0.4963710904121399,0.0
cost_supervised_seed29,4200,0.00024797518446314777,0.8266360759735107,67.55815124511719,0.7561541199684143,0.745660126209259,0.750881016254425,0.0001396705920342356,0.49729418754577637,0.0
cost_supervised_seed29,4300,0.0002434680818837576,0.8488398194313049,64.82763671875,0.7749449014663696,0.7675535678863525,0.7712295055389404,0.00011583832383621484,0.49726587533950806,0.015625
cost_supervised_seed29,4400,0.0002388191357339628,2.2029967308044434,74.36741638183594,2.007776975631714,1.9965137243270874,2.0021023750305176,0.00011667122453218326,0.4963834285736084,0.0
cost_supervised_seed29,4500,0.00023403551614395427,0.6210824847221375,67.42131805419922,0.5719836950302124,0.5554782748222351,0.5636797547340393,0.0002043918357230723,0.4969481825828552,0.0
cost_supervised_seed29,4600,0.00022912460095252343,1.3792284727096558,59.490081787109375,1.2567309141159058,1.2501804828643799,1.2534371614456177,0.00011826098489109427,0.4971584677696228,0.0
cost_supervised_seed29,4700,0.00022409396432812584,1.0655560493469238,73.28518676757812,0.9745951890945435,0.9614026546478271,0.9679578542709351,0.00013864453649148345,0.49684423208236694,0.015625
cost_supervised_seed29,4800,0.00021895136508714194,1.3648695945739746,70.57738494873047,1.2448184490203857,1.2356953620910645,1.2402279376983643,0.00015983899356797338,0.49698543548583984,0.0
cost_supervised_seed29,4900,0.0002137047347273541,1.085858702659607,64.28516387939453,0.9940397143363953,0.9785339832305908,0.9862416386604309,0.00021315107005648315,0.4971827566623688,0.0
cost_supervised_seed29,5000,0.0002083621651950939,0.6559679508209229,58.64523696899414,0.5999216437339783,0.5919723510742188,0.5959227085113525,5.3042356739751995e-05,0.49699369072914124,0.0
cost_supervised_seed29,5100,0.00020293189640492807,1.116701364517212,61.267635345458984,1.0176435708999634,1.0120631456375122,1.014838695526123,9.835096716415137e-05,0.4972422122955322,0.0
cost_supervised_seed29,5200,0.00019742230353113102,0.6798085570335388,60.776248931884766,0.6220279335975647,0.6131488680839539,0.6175656318664551,4.014112346339971e-05,0.4976726174354553,0.03125
cost_supervised_seed29,5300,0.00019184188409054428,0.7059171795845032,51.780113220214844,0.643715500831604,0.6391209363937378,0.6414010524749756,0.00014461774844676256,0.4969515800476074,0.015625
cost_supervised_seed29,5400,0.00018619924483674583,1.1060755252838135,52.58793258666992,1.0077478885650635,1.0022635459899902,1.0049996376037598,0.000301122956443578,0.4978380501270294,0.015625
cost_supervised_seed29,5500,0.0001805030884857417,2.0253210067749023,49.21036911010742,1.8429200649261475,1.8388457298278809,1.8408622741699219,0.00016680244880262762,0.4975740909576416,0.015625
cost_supervised_seed29,5600,0.00017476220029365416,0.5141055583953857,67.39323425292969,0.465021014213562,0.4682753086090088,0.4665348529815674,0.0010686024324968457,0.4980335235595703,0.046875
cost_supervised_seed29,5700,0.00016898543450710626,1.3701552152633667,66.5528335571289,1.2496311664581299,1.2406648397445679,1.2451269626617432,6.505163764813915e-05,0.4976395070552826,0.0
cost_supervised_seed29,5800,0.0001631817007072024,0.9409217238426208,73.42925262451172,0.8591752052307129,0.85062175989151,0.8548764586448669,0.00012771444744430482,0.49788305163383484,0.0
cost_supervised_seed29,5900,0.00015735995006816515,0.987905740737915,76.57382202148438,0.9034040570259094,0.8913095593452454,0.8973323702812195,0.0002329092239961028,0.49771371483802795,0.046875
cost_supervised_seed29,6000,0.0001515291615518227,0.7584953308105469,66.97172546386719,0.6922634243965149,0.6854960322380066,0.6888763904571533,0.000392622547224164,0.4977378249168396,0.015625
cost_supervised_seed29,6100,0.00014569832805923908,0.7484846711158752,61.35523223876953,0.6844309568405151,0.6751139163970947,0.679762065410614,0.0002795132459141314,0.4982302784919739,0.03125
cost_supervised_seed29,6200,0.00013987644256084584,1.1883974075317383,51.921268463134766,1.0745763778686523,1.0828191041946411,1.0784177780151367,0.0025219679810106754,0.49846071004867554,0.03125
cost_supervised_seed29,6300,0.00013407248422646646,1.6043144464492798,69.25577545166016,1.4629242420196533,1.4529926776885986,1.4579356908798218,8.627014904050156e-05,0.4977591037750244,0.0
cost_supervised_seed29,6400,0.00012829540457662598,0.4984620213508606,63.42698669433594,0.457637220621109,0.44757845997810364,0.45259150862693787,0.00010679251863621175,0.49829167127609253,0.046875
cost_supervised_seed29,6500,0.00012255411367650412,0.7016859650611877,67.39224243164062,0.6415406465530396,0.6332885026931763,0.6374024152755737,0.00012947387585882097,0.49843138456344604,0.03125
cost_supervised_seed29,6600,0.00011685746639382604,1.5015650987625122,55.00288009643555,1.368126392364502,1.3603839874267578,1.3642566204071045,0.0004958417266607285,0.4991023540496826,0.15625
cost_supervised_seed29,6700,0.00011121424874188406,1.8810924291610718,53.003055572509766,1.710718035697937,1.7090411186218262,1.7098734378814697,0.00014725804794579744,0.49840739369392395,0.046875
cost_supervised_seed29,6800,0.00010563316432875535,0.9803833961486816,49.80272674560547,0.8911399841308594,0.8909105658531189,0.8910008072853088,0.000268597126705572,0.4988929033279419,0.109375
cost_supervised_seed29,6900,0.00010012282093361362,1.3522508144378662,65.1553726196289,1.2319705486297607,1.22577965259552,1.22886323928833,0.00019048061221837997,0.4986530542373657,0.046875
cost_supervised_seed29,7000,9.469171723083938e-05,1.717506766319275,60.72376251220703,1.5673747062683105,1.5529705286026,1.5601806640625,0.0005886376602575183,0.49913516640663147,0.125
cost_supervised_seed29,7100,8.934822968240351e-05,0.6434540152549744,64.72830200195312,0.5897709131240845,0.5781568288803101,0.5839716196060181,0.0005053164786659181,0.49896809458732605,0.140625
cost_supervised_seed29,7200,8.410059961874096e-05,1.3215422630310059,53.66713333129883,1.2021527290344238,1.1995651721954346,1.200852394104004,0.00047462916700169444,0.4991222023963928,0.09375
cost_supervised_seed29,7300,7.895692052803984e-05,1.7684452533721924,50.365325927734375,1.608779788017273,1.6055231094360352,1.607154369354248,0.0004129203443881124,0.49930062890052795,0.125
cost_supervised_seed29,7400,7.392512557354857e-05,1.0902212858200073,59.07689666748047,0.992422342300415,0.9887746572494507,0.9905818700790405,0.0003972110862378031,0.49921080470085144,0.1875
cost_supervised_seed29,7500,6.90129753581554e-05,0.9759389758110046,58.03044509887695,0.883802056312561,0.8879480361938477,0.885817289352417,0.0017414458561688662,0.4994645416736603,0.171875
cost_supervised_seed29,7600,6.422804595510925e-05,0.8832837343215942,51.10828399658203,0.8012163043022156,0.8021156191825867,0.8016064167022705,0.0015556742437183857,0.4992328882217407,0.125
cost_supervised_seed29,7700,5.957771722334337e-05,0.6515976190567017,61.36830520629883,0.5885987877845764,0.5945106148719788,0.5915314555168152,0.0012062949826940894,0.49945950508117676,0.1875
cost_supervised_seed29,7800,5.506916142542272e-05,2.0313124656677246,66.52250671386719,1.8462326526641846,1.8457739353179932,1.8460021018981934,0.0006869682692922652,0.4995325803756714,0.234375
cost_supervised_seed29,7900,5.070933216567014e-05,1.0189779996871948,56.87775802612305,0.9305707216262817,0.9209375381469727,0.9257529377937317,0.0001679460401646793,0.4995766878128052,0.203125
cost_supervised_seed29,8000,4.650495366553157e-05,2.068624258041382,53.16481018066406,1.8819191455841064,1.8785948753356934,1.8802473545074463,0.00018505881598684937,0.49969246983528137,0.265625
cost_supervised_seed29,8100,4.2462510392722296e-05,0.7705910205841064,60.100467681884766,0.7011014223098755,0.6995912790298462,0.7003387212753296,0.00014213385293260217,0.5000051856040955,0.296875
cost_supervised_seed29,8200,3.8588237060147165e-05,0.9392762184143066,62.44878387451172,0.8568164706230164,0.8497412800788879,0.8532884120941162,0.00030616240110248327,0.4997648596763611,0.375
cost_supervised_seed29,8300,3.488810901002239e-05,1.086337924003601,41.69639205932617,0.9842953681945801,0.9887498021125793,0.9863862991333008,0.0015220929635688663,0.5004050135612488,0.375
cost_supervised_seed29,8400,3.136783299802706e-05,1.0585848093032837,57.38203048706055,0.9624354243278503,0.9618785977363586,0.9621458649635315,0.00019541756773833185,0.49982988834381104,0.296875
cost_supervised_seed29,8500,2.803283839169959e-05,1.1891287565231323,55.835384368896484,1.0806431770324707,1.0800793170928955,1.0803719758987427,0.0006925418856553733,0.5000933408737183,0.390625
cost_supervised_seed29,8600,2.4888268796653453e-05,1.5139563083648682,53.61225128173828,1.37845778465271,1.3735911846160889,1.3760230541229248,8.747285755816847e-05,0.4998559355735779,0.359375
cost_supervised_seed29,8700,2.1938974123527338e-05,1.922072410583496,62.262351989746094,1.7456308603286743,1.7480545043945312,1.7468103170394897,0.0006990631809458137,0.5005811452865601,0.484375
cost_supervised_seed29,8800,1.9189503107904792e-05,1.4082705974578857,49.4174919128418,1.2792092561721802,1.2799129486083984,1.2795463800430298,0.0008033866761252284,0.5003489255905151,0.515625
cost_supervised_seed29,8900,1.6644096294739982e-05,1.4199538230895996,51.08631896972656,1.289010763168335,1.2911009788513184,1.2900294065475464,0.0010232619242742658,0.5002486109733582,0.390625
cost_supervised_seed29,9000,1.4306679498110133e-05,1.6052398681640625,48.164703369140625,1.4584981203079224,1.4589595794677734,1.458601713180542,0.0007883716025389731,0.5006499886512756,0.484375
cost_supervised_seed29,9100,1.2180857746381187e-05,0.7431483864784241,53.31440353393555,0.6759462356567383,0.6746596097946167,0.6752722263336182,0.0002815196639858186,0.5004732012748718,0.578125
cost_supervised_seed29,9200,1.0269909722125836e-05,1.2284573316574097,46.8389778137207,1.1154279708862305,1.117171049118042,1.1162923574447632,0.000622105086222291,0.5004810094833374,0.5
cost_supervised_seed29,9300,8.5767827053684e-06,1.352552890777588,44.550106048583984,1.229574203491211,1.2287052869796753,1.2291221618652344,0.0004732537199743092,0.5005813241004944,0.578125
cost_supervised_seed29,9400,7.104088027956736e-06,1.3171112537384033,49.655433654785156,1.1919564008712769,1.2010881900787354,1.1964691877365112,0.0014464245177805424,0.5003846883773804,0.5
cost_supervised_seed29,9500,5.854097046070927e-06,1.1778833866119385,44.6048698425293,1.0663214921951294,1.0732356309890747,1.0696783065795898,0.00157299661077559,0.500329852104187,0.421875
cost_supervised_seed29,9600,4.828737637081215e-06,1.2417411804199219,48.44168472290039,1.1252362728118896,1.131766676902771,1.128477931022644,0.0007395746652036905,0.5003388524055481,0.515625
cost_supervised_seed29,9700,4.029591226157464e-06,0.6564176082611084,40.306705474853516,0.5910138487815857,0.6011557579040527,0.596061110496521,0.0012550882529467344,0.5005652904510498,0.578125
cost_supervised_seed29,9800,3.4578903472166835e-06,0.9789184331893921,68.41209411621094,0.8882884383201599,0.8914445638656616,0.8898559212684631,0.0002336636243853718,0.5002130270004272,0.46875
cost_supervised_seed29,9900,3.114516741969794e-06,1.1484674215316772,61.75373840332031,1.0448987483978271,1.0425279140472412,1.0436745882034302,0.00030292701558209956,0.5008119940757751,0.515625
cost_supervised_seed29,10000,2.9999999999999997e-06,0.907974123954773,50.55842590332031,0.8260563015937805,0.8243958353996277,0.8252266049385071,0.00014194162213243544,0.500615119934082,0.640625
expected_cost_seed43,2001,0.0003,1.2482267618179321,52.529937744140625,1.2536778450012207,1.2427756786346436,1.2482267618179321,0.00017453466716688126,0.5,0.0
expected_cost_seed43,2100,0.0002998877618540835,0.7877212762832642,58.491477966308594,0.7954640984535217,0.7802123427391052,0.7877212762832642,0.0002929454203695059,0.49232128262519836,0.0
expected_cost_seed43,2200,0.00029954667478372774,1.0438945293426514,47.8525276184082,1.0497121810913086,1.038411259651184,1.0438945293426514,0.001221165293827653,0.48522040247917175,0.0
expected_cost_seed43,2300,0.0002989772533988172,0.6068872213363647,65.58868408203125,0.6142477989196777,0.6001711487770081,0.6068872213363647,0.0030656771268695593,0.47712454199790955,0.0
expected_cost_seed43,2400,0.00029818037592536944,1.5433619022369385,54.731319427490234,1.5495545864105225,1.537874460220337,1.5433619022369385,0.006031154654920101,0.46979808807373047,0.0
expected_cost_seed43,2500,0.0002971572713978897,1.3823310136795044,51.55390167236328,1.3885092735290527,1.37701416015625,1.3823310136795044,0.00964350439608097,0.46257683634757996,0.0
expected_cost_seed43,2600,0.0002959095177638147,0.4464215040206909,56.568851470947266,0.4557740092277527,0.43861424922943115,0.4464215040206909,0.013420477509498596,0.4550078511238098,0.0
expected_cost_seed43,2700,0.0002944390394498239,1.8645517826080322,51.063316345214844,1.8705730438232422,1.859675645828247,1.8645517826080322,0.02011050470173359,0.44745659828186035,0.0
expected_cost_seed43,2800,0.0002927481043937714,0.6759327054023743,43.346153259277344,0.6827296018600464,0.670596182346344,0.6759327054023743,0.02643665298819542,0.4398455023765564,0.0
expected_cost_seed43,2900,0.0002908393205468154,0.8950074911117554,52.54469299316406,0.9040405750274658,0.888127863407135,0.8950074911117554,0.03295254334807396,0.4323582649230957,0.0
expected_cost_seed43,3000,0.00028871563185114144,0.3624512851238251,47.5312614440918,0.3711382746696472,0.35602104663848877,0.3624512851238251,0.04088624566793442,0.4253641963005066,0.0
expected_cost_seed43,3100,0.00028638031369948206,0.7187408208847046,40.676815032958984,0.7235278487205505,0.7153035402297974,0.7187408208847046,0.05225048586726189,0.4179157614707947,0.0
expected_cost_seed43,3200,0.00028383696788343576,2.1044294834136963,40.80499267578125,2.1125524044036865,2.0987672805786133,2.1044294834136963,0.06015186756849289,0.4108700156211853,0.0
expected_cost_seed43,3300,0.000281089517038377,0.8229448795318604,49.79191207885742,0.831747829914093,0.8169801235198975,0.8229448795318604,0.07017987966537476,0.4039112329483032,0.0
expected_cost_seed43,3400,0.0002781421985935247,1.2239513397216797,42.90058517456055,1.231902837753296,1.2187117338180542,1.2239513397216797,0.08186459541320801,0.3971000611782074,0.0
expected_cost_seed43,3500,0.00027499955823649967,1.3607900142669678,46.30956268310547,1.3700371980667114,1.3548716306686401,1.3607900142669678,0.0931577980518341,0.39021629095077515,0.0
expected_cost_seed43,3600,0.0002716664429024517,1.4418432712554932,46.282203674316406,1.4504977464675903,1.4364593029022217,1.4418432712554932,0.10644766688346863,0.383383184671402,0.0
expected_cost_seed43,3700,0.00026814799329856817,0.9180934429168701,35.72501754760742,0.9234532117843628,0.9148508310317993,0.9180934429168701,0.12195175886154175,0.3769877851009369,0.0
expected_cost_seed43,3800,0.00026444963597549453,0.8618662357330322,37.531883239746094,0.868573784828186,0.857919454574585,0.8618662357330322,0.13509432971477509,0.370438814163208,0.0
expected_cost_seed43,3900,0.00026057707495789445,1.0599292516708374,45.60915756225586,1.0666234493255615,1.0560868978500366,1.0599292516708374,0.1482158750295639,0.3647385835647583,0.0
expected_cost_seed43,4000,0.0002565362829470584,0.8805732131004333,40.81767654418945,0.889471709728241,0.8755829334259033,0.8805732131004333,0.15936526656150818,0.3593350648880005,0.0
expected_cost_seed43,4100,0.00025233349210912855,1.390540599822998,37.06196594238281,1.3956700563430786,1.3877339363098145,1.390540599822998,0.17704562842845917,0.35367852449417114,0.0
expected_cost_seed43,4200,0.00024797518446314777,0.8148667216300964,46.460350036621094,0.8242700695991516,0.8098422288894653,0.8148667216300964,0.18730300664901733,0.3483363389968872,0.0
expected_cost_seed43,4300,0.0002434680818837576,0.734377384185791,33.28108596801758,0.7414944767951965,0.7306661605834961,0.734377384185791,0.20530149340629578,0.3426474332809448,0.0
expected_cost_seed43,4400,0.0002388191357339628,1.2936551570892334,39.7738037109375,1.3015869855880737,1.2896099090576172,1.2936551570892334,0.21888931095600128,0.3377183675765991,0.0
expected_cost_seed43,4500,0.00023403551614395427,0.6484717130661011,40.06913757324219,0.6562511920928955,0.6445925235748291,0.6484717130661011,0.23431214690208435,0.3326779305934906,0.0
expected_cost_seed43,4600,0.00022912460095252343,0.9295889139175415,33.5064582824707,0.9348758459091187,0.9270091652870178,0.9295889139175415,0.2519164979457855,0.32792794704437256,0.0
expected_cost_seed43,4700,0.00022409396432812584,1.748127818107605,39.72050476074219,1.7575442790985107,1.74363112449646,1.748127818107605,0.2631702125072479,0.3231566846370697,0.0
expected_cost_seed43,4800,0.00021895136508714194,0.6950679421424866,26.223615646362305,0.6981967091560364,0.6936087608337402,0.6950679421424866,0.2858567237854004,0.3185577392578125,0.0
expected_cost_seed43,4900,0.0002137047347273541,0.8972171545028687,38.23936080932617,0.9049342274665833,0.8936835527420044,0.8972171545028687,0.29619312286376953,0.31414204835891724,0.0
expected_cost_seed43,5000,0.0002083621651950939,1.1269590854644775,29.274805068969727,1.1315808296203613,1.124882459640503,1.1269590854644775,0.3147197365760803,0.310038685798645,0.0
expected_cost_seed43,5100,0.00020293189640492807,0.7897833585739136,31.528064727783203,0.7943078875541687,0.7877879738807678,0.7897833585739136,0.33009693026542664,0.3059919774532318,0.0
expected_cost_seed43,5200,0.00019742230353113102,0.7337906956672668,37.04221725463867,0.74076247215271,0.7307689785957336,0.7337906956672668,0.3414209485054016,0.3023374676704407,0.0
expected_cost_seed43,5300,0.00019184188409054428,1.8168244361877441,27.348859786987305,1.8249688148498535,1.8133525848388672,1.8168244361877441,0.3539014458656311,0.2988378703594208,0.0
expected_cost_seed43,5400,0.00018619924483674583,1.6620559692382812,32.98322296142578,1.6659398078918457,1.6605021953582764,1.6620559692382812,0.37320029735565186,0.2955068051815033,0.0
expected_cost_seed43,5500,0.0001805030884857417,1.1578198671340942,31.80023765563965,1.1623647212982178,1.155959963798523,1.1578198671340942,0.3869163691997528,0.29196321964263916,0.0
expected_cost_seed43,5600,0.00017476220029365416,0.6275391578674316,25.345571517944336,0.6292548179626465,0.6268486976623535,0.6275391578674316,0.40368106961250305,0.2888834476470947,0.0
expected_cost_seed43,5700,0.00016898543450710626,0.6756861209869385,30.4744930267334,0.6809488534927368,0.6735825538635254,0.6756861209869385,0.41207316517829895,0.2859528958797455,0.0
expected_cost_seed43,5800,0.0001631817007072024,1.4673231840133667,26.631208419799805,1.4721676111221313,1.46541166305542,1.4673231840133667,0.42617568373680115,0.2829550802707672,0.0
expected_cost_seed43,5900,0.00015735995006816515,0.7926595211029053,35.71537399291992,0.7968645095825195,0.7910364270210266,0.7926595211029053,0.4365381598472595,0.2808915376663208,0.0
expected_cost_seed43,6000,0.0001515291615518227,1.2714409828186035,25.711637496948242,1.2754642963409424,1.2698885202407837,1.2714409828186035,0.449550598859787,0.2781604528427124,0.0
expected_cost_seed43,6100,0.00014569832805923908,0.6801128387451172,28.431419372558594,0.6822895407676697,0.6792715787887573,0.6801128387451172,0.4626055955886841,0.27594393491744995,0.0
expected_cost_seed43,6200,0.00013987644256084584,0.9413372874259949,26.408231735229492,0.944983720779419,0.9399734139442444,0.9413372874259949,0.4690935015678406,0.27418994903564453,0.0
expected_cost_seed43,6300,0.00013407248422646646,0.8077907562255859,30.132286071777344,0.8121249675750732,0.8061723709106445,0.8077907562255859,0.47878649830818176,0.27201104164123535,0.0
expected_cost_seed43,6400,0.00012829540457662598,1.5144362449645996,30.273683547973633,1.5174806118011475,1.513310194015503,1.5144362449645996,0.4906823933124542,0.26997584104537964,0.0
expected_cost_seed43,6500,0.00012255411367650412,0.5958603024482727,28.64956283569336,0.5982259511947632,0.5949853658676147,0.5958603024482727,0.49794822931289673,0.2687176465988159,0.0
expected_cost_seed43,6600,0.00011685746639382604,0.7738221883773804,26.59984588623047,0.7802094221115112,0.7714892625808716,0.7738221883773804,0.5010767579078674,0.2670373022556305,0.0
expected_cost_seed43,6700,0.00011121424874188406,1.2476091384887695,26.691875457763672,1.2511366605758667,1.2463383674621582,1.2476091384887695,0.5135647058486938,0.26534977555274963,0.0
expected_cost_seed43,6800,0.00010563316432875535,1.1217869520187378,27.880489349365234,1.1257673501968384,1.1203570365905762,1.1217869520187378,0.5186202526092529,0.26424670219421387,0.0
expected_cost_seed43,6900,0.00010012282093361362,1.6315158605575562,23.98735809326172,1.6332738399505615,1.63088858127594,1.6315158605575562,0.5288573503494263,0.26284369826316833,0.0
expected_cost_seed43,7000,9.469171723083938e-05,0.8850541710853577,22.303905487060547,0.8847191333770752,0.8852311968803406,0.8850541710853577,0.5365687608718872,0.2619137167930603,0.0
expected_cost_seed43,7100,8.934822968240351e-05,0.9785816073417664,28.031585693359375,0.9822716116905212,0.977283239364624,0.9785816073417664,0.5373882055282593,0.2606939673423767,0.0
expected_cost_seed43,7200,8.410059961874096e-05,1.04817795753479,28.01897621154785,1.048535943031311,1.047995686531067,1.04817795753479,0.5482788681983948,0.259455144405365,0.0
expected_cost_seed43,7300,7.895692052803984e-05,0.8472388386726379,27.45399284362793,0.8451204895973206,0.848085880279541,0.8472388386726379,0.5539437532424927,0.2590494155883789,0.0
expected_cost_seed43,7400,7.392512557354857e-05,0.7095988988876343,23.772342681884766,0.7133190631866455,0.7083010673522949,0.7095988988876343,0.5494715571403503,0.25836458802223206,0.0
expected_cost_seed43,7500,6.90129753581554e-05,1.2573425769805908,27.09390640258789,1.2601910829544067,1.2563507556915283,1.2573425769805908,0.5535672903060913,0.2578059434890747,0.0
expected_cost_seed43,7600,6.422804595510925e-05,0.8426992893218994,23.05338478088379,0.8449923992156982,0.8418881297111511,0.8426992893218994,0.556861400604248,0.2573414742946625,0.0
expected_cost_seed43,7700,5.957771722334337e-05,1.8701417446136475,24.209163665771484,1.868139624595642,1.8709410429000854,1.8701417446136475,0.5641396641731262,0.2570614516735077,0.0
expected_cost_seed43,7800,5.506916142542272e-05,0.9369183778762817,24.405376434326172,0.9383890628814697,0.9364113211631775,0.9369183778762817,0.5619051456451416,0.2565723955631256,0.0
expected_cost_seed43,7900,5.070933216567014e-05,1.2746913433074951,18.764793395996094,1.2731801271438599,1.2752046585083008,1.2746913433074951,0.5673648118972778,0.2562907636165619,0.0
expected_cost_seed43,8000,4.650495366553157e-05,1.3770687580108643,23.034061431884766,1.3844201564788818,1.3745037317276,1.3770687580108643,0.5543922185897827,0.25653135776519775,0.0
expected_cost_seed43,8100,4.2462510392722296e-05,0.683146595954895,24.226383209228516,0.6874622106552124,0.6816564202308655,0.683146595954895,0.5600260496139526,0.2561981678009033,0.0
expected_cost_seed43,8200,3.8588237060147165e-05,1.0170469284057617,22.046062469482422,1.0162116289138794,1.0173254013061523,1.0170469284057617,0.5667847990989685,0.2562367916107178,0.0
expected_cost_seed43,8300,3.488810901002239e-05,1.737783432006836,19.840496063232422,1.7292155027389526,1.7409981489181519,1.737783432006836,0.5764158368110657,0.25643783807754517,0.0
expected_cost_seed43,8400,3.136783299802706e-05,1.2921051979064941,17.793312072753906,1.2912192344665527,1.2925119400024414,1.2921051979064941,0.5668415427207947,0.25625401735305786,0.0
expected_cost_seed43,8500,2.803283839169959e-05,1.324488639831543,23.168745040893555,1.3281610012054443,1.323224663734436,1.324488639831543,0.5602376461029053,0.25632235407829285,0.0
expected_cost_seed43,8600,2.4888268796653453e-05,0.5567779541015625,21.416872024536133,0.5527256727218628,0.5581880211830139,0.5567779541015625,0.5710957646369934,0.25623488426208496,0.0
expected_cost_seed43,8700,2.1938974123527338e-05,1.5074745416641235,22.271387100219727,1.5026185512542725,1.509132742881775,1.5074745416641235,0.5719248056411743,0.2562774419784546,0.0
expected_cost_seed43,8800,1.9189503107904792e-05,1.2457592487335205,24.298694610595703,1.2443557977676392,1.2462495565414429,1.2457592487335205,0.5668561458587646,0.2563628554344177,0.0
expected_cost_seed43,8900,1.6644096294739982e-05,0.881039559841156,23.581193923950195,0.8804917931556702,0.8812302947044373,0.881039559841156,0.565584123134613,0.25638511776924133,0.0
expected_cost_seed43,9000,1.4306679498110133e-05,2.1461639404296875,22.773685455322266,2.145883798599243,2.14625883102417,2.1461639404296875,0.5651196837425232,0.2564043402671814,0.0
expected_cost_seed43,9100,1.2180857746381187e-05,0.6984880566596985,23.311250686645508,0.7004022002220154,0.6978331208229065,0.6984880566596985,0.5621983408927917,0.2564016580581665,0.0
expected_cost_seed43,9200,1.0269909722125836e-05,0.6209604740142822,23.234403610229492,0.6172740459442139,0.6222347021102905,0.6209604740142822,0.5684278011322021,0.25664857029914856,0.0
expected_cost_seed43,9300,8.5767827053684e-06,0.7360244393348694,15.933144569396973,0.7402364611625671,0.7345665693283081,0.7360244393348694,0.5585646033287048,0.2565035820007324,0.0
expected_cost_seed43,9400,7.104088027956736e-06,1.290979027748108,23.643640518188477,1.291785478591919,1.2907048463821411,1.290979027748108,0.5624626874923706,0.256633460521698,0.0
expected_cost_seed43,9500,5.854097046070927e-06,0.8305057287216187,22.67186164855957,0.829767644405365,0.8307558298110962,0.8305057287216187,0.5652294158935547,0.2565004229545593,0.0
expected_cost_seed43,9600,4.828737637081215e-06,0.7150297164916992,22.19247055053711,0.7154908180236816,0.7148675918579102,0.7150297164916992,0.5624078512191772,0.25673288106918335,0.0
expected_cost_seed43,9700,4.029591226157464e-06,0.46908557415008545,27.868480682373047,0.46951979398727417,0.4689342975616455,0.46908557415008545,0.5632913112640381,0.25656968355178833,0.0
expected_cost_seed43,9800,3.4578903472166835e-06,1.6198718547821045,21.404075622558594,1.6157742738723755,1.6215442419052124,1.6198718547821045,0.5667586922645569,0.2571314573287964,0.0
expected_cost_seed43,9900,3.114516741969794e-06,0.8794237375259399,23.004226684570312,0.873978853225708,0.8812991380691528,0.8794237375259399,0.570393443107605,0.25672298669815063,0.0
expected_cost_seed43,10000,2.9999999999999997e-06,2.6976592540740967,18.939130783081055,2.694912910461426,2.6985857486724854,2.6976592540740967,0.5667306184768677,0.2567261755466461,0.0
cost_supervised_seed43,2001,0.0003,1.3737690448760986,63.03593444824219,1.2536778450012207,1.2427756786346436,1.2482267618179321,0.00017453466716688126,0.5,0.0
cost_supervised_seed43,2100,0.0002998877618540835,0.8687155246734619,76.5697250366211,0.7975351214408875,0.7802123427391052,0.7887954115867615,0.00016662149573676288,0.49548614025115967,0.0
cost_supervised_seed43,2200,0.00029954667478372774,1.1487199068069458,55.364070892333984,1.0490996837615967,1.038411259651184,1.0437023639678955,0.00010747079795692116,0.49505022168159485,0.0
cost_supervised_seed43,2300,0.0002989772533988172,0.6690694093704224,79.53070831298828,0.6149367094039917,0.6001711487770081,0.6074877977371216,8.791401342023164e-05,0.4955470561981201,0.0
cost_supervised_seed43,2400,0.00029818037592536944,1.6999789476394653,71.88185119628906,1.5517102479934692,1.537874460220337,1.5447357892990112,7.210073817986995e-05,0.4959462285041809,0.0
cost_supervised_seed43,2500,0.0002971572713978897,1.5242472887039185,67.96294403076172,1.3928179740905762,1.37701416015625,1.3848521709442139,0.00011342096695443615,0.4960208535194397,0.0
cost_supervised_seed43,2600,0.0002959095177638147,0.4948323369026184,72.9013442993164,0.4591684937477112,0.43861424922943115,0.448800265789032,0.00011522880959091708,0.4956128001213074,0.0
cost_supervised_seed43,2700,0.0002944390394498239,2.0540730953216553,68.39200592041016,1.8736424446105957,1.859675645828247,1.8665919303894043,0.00011692469706758857,0.4952816069126129,0.0
cost_supervised_seed43,2800,0.0002927481043937714,0.7448810935020447,56.70956039428711,0.6825863122940063,0.670596182346344,0.6765388250350952,8.361229265574366e-05,0.4956067204475403,0.0
cost_supervised_seed43,2900,0.0002908393205468154,0.9834051132202148,67.273193359375,0.8988579511642456,0.888127863407135,0.893449068069458,7.026927050901577e-05,0.4959375858306885,0.0
cost_supervised_seed43,3000,0.00028871563185114144,0.3984624743461609,64.10845947265625,0.36736416816711426,0.35602104663848877,0.36164599657058716,8.004639676073566e-05,0.4959096908569336,0.0
cost_supervised_seed43,3100,0.00028638031369948206,0.793481171131134,59.07198715209961,0.7263280749320984,0.7153035402297974,0.7207697629928589,7.860638288548216e-05,0.49590304493904114,0.0
cost_supervised_seed43,3200,0.00028383696788343576,2.3154067993164062,60.37760925292969,2.110011100769043,2.0987672805786133,2.1043472290039062,5.8339206589153036e-05,0.4963787794113159,0.015625
cost_supervised_seed43,3300,0.000281089517038377,0.9085836410522461,76.33939361572266,0.8334781527519226,0.8169801235198975,0.8251634240150452,7.241997082019225e-05,0.49605458974838257,0.0
cost_supervised_seed43,3400,0.0002781421985935247,1.3488612174987793,69.2381591796875,1.2324243783950806,1.2187117338180542,1.225515365600586,0.00010343716712668538,0.49613654613494873,0.0
cost_supervised_seed43,3500,0.00027499955823649967,1.4992109537124634,71.07249450683594,1.3694943189620972,1.3548716306686401,1.3621280193328857,0.00013346152263693511,0.49618780612945557,0.0
cost_supervised_seed43,3600,0.0002716664429024517,1.5887118577957153,68.74130249023438,1.4507352113723755,1.4364593029022217,1.443548321723938,8.998677367344499e-05,0.4965416193008423,0.0
cost_supervised_seed43,3700,0.00026814799329856817,1.01327383518219,59.001285552978516,0.9262709021568298,0.9148508310317993,0.9205186367034912,0.0001281258591916412,0.4963063597679138,0.0
cost_supervised_seed43,3800,0.00026444963597549453,0.9517268538475037,63.23012161254883,0.8712542057037354,0.857919454574585,0.8645353317260742,6.611870776396245e-05,0.4962384104728699,0.0
cost_supervised_seed43,3900,0.00026057707495789445,1.1678763628005981,70.77912902832031,1.0663036108016968,1.0560868978500366,1.0611552000045776,9.08044894458726e-05,0.4962059259414673,0.0
cost_supervised_seed43,4000,0.0002565362829470584,0.9715994596481323,63.295372009277344,0.8896045684814453,0.8755829334259033,0.8825398683547974,9.912252426147461e-05,0.49625104665756226,0.0
cost_supervised_seed43,4100,0.00025233349210912855,1.5316158533096313,64.56832885742188,1.39616858959198,1.3877339363098145,1.3919239044189453,7.50663602957502e-05,0.4967779219150543,0.0
cost_supervised_seed43,4200,0.00024797518446314777,0.900162398815155,80.74546813964844,0.8253718018531799,0.8098422288894653,0.8175504803657532,7.473434379789978e-05,0.49645674228668213,0.0
cost_supervised_seed43,4300,0.0002434680818837576,0.8101560473442078,63.45725631713867,0.7413489818572998,0.7306661605834961,0.7359731197357178,4.801203976967372e-05,0.4967633783817291,0.0
cost_supervised_seed43,4400,0.0002388191357339628,1.4262311458587646,63.81494903564453,1.302282452583313,1.2896099090576172,1.295907735824585,9.510972449788824e-05,0.49697595834732056,0.0
cost_supervised_seed43,4500,0.00023403551614395427,0.717759907245636,72.54389953613281,0.6589654684066772,0.6445925235748291,0.6517394781112671,0.00012385247100610286,0.4971972703933716,0.0
cost_supervised_seed43,4600,0.00022912460095252343,1.0260242223739624,68.49977111816406,0.9374362230300903,0.9270091652870178,0.9321902394294739,9.038403368322179e-05,0.4967257082462311,0.0
cost_supervised_seed43,4700,0.00022409396432812584,1.9253591299057007,67.61591339111328,1.7558766603469849,1.74363112449646,1.7497105598449707,6.086598659749143e-05,0.49657800793647766,0.0
cost_supervised_seed43,4800,0.00021895136508714194,0.7690406441688538,56.51614761352539,0.7033039927482605,0.6936087608337402,0.6984198689460754,0.00029037075000815094,0.49676379561424255,0.0
cost_supervised_seed43,4900,0.0002137047347273541,0.9889872670173645,73.53394317626953,0.9035404920578003,0.8936835527420044,0.8985857963562012,4.742093733511865e-05,0.49732130765914917,0.0
cost_supervised_seed43,5000,0.0002083621651950939,1.240785002708435,54.01406478881836,1.1303119659423828,1.124882459640503,1.127577304840088,0.00017656353884376585,0.49740922451019287,0.015625
cost_supervised_seed43,5100,0.00020293189640492807,0.8718003630638123,60.610416412353516,0.796298623085022,0.7877879738807678,0.7920178174972534,0.00015268191054929048,0.4971224367618561,0.015625
cost_supervised_seed43,5200,0.00019742230353113102,0.8094839453697205,72.12279510498047,0.7399958968162537,0.7307689785957336,0.7353566288948059,0.0001277225383091718,0.4970972537994385,0.0
cost_supervised_seed43,5300,0.00019184188409054428,2.002254009246826,59.62569046020508,1.825857400894165,1.8133525848388672,1.819577932357788,9.018793207360432e-05,0.4977496862411499,0.0
cost_supervised_seed43,5400,0.00018619924483674583,1.8300989866256714,63.56352996826172,1.6652311086654663,1.6605021953582764,1.6627609729766846,0.0008149713976308703,0.49750834703445435,0.015625
cost_supervised_seed43,5500,0.0001805030884857417,1.2749778032302856,62.641048431396484,1.161424994468689,1.155959963798523,1.1586635112762451,0.00017176994879264385,0.4976266026496887,0.015625
cost_supervised_seed43,5600,0.00017476220029365416,0.6920911073684692,50.363765716552734,0.630883514881134,0.6268486976623535,0.6288545727729797,0.00014815955364611,0.4976780116558075,0.015625
cost_supervised_seed43,5700,0.00016898543450710626,0.7459274530410767,69.50862884521484,0.6818463802337646,0.6735825538635254,0.6776895523071289,5.330055864760652e-05,0.4970327317714691,0.0
cost_supervised_seed43,5800,0.0001631817007072024,1.6189236640930176,72.55619812011719,1.4767640829086304,1.46541166305542,1.4710618257522583,0.0001855264708865434,0.49764949083328247,0.0
cost_supervised_seed43,5900,0.00015735995006816515,0.8713158965110779,64.7889633178711,0.7926106452941895,0.7910364270210266,0.7917826771736145,0.00027214756119064987,0.49817830324172974,0.03125
cost_supervised_seed43,6000,0.0001515291615518227,1.400238275527954,52.30522918701172,1.2751452922821045,1.2698885202407837,1.2725059986114502,0.0002177484129788354,0.4978902339935303,0.0
cost_supervised_seed43,6100,0.00014569832805923908,0.7517167925834656,66.25891876220703,0.6863123178482056,0.6792715787887573,0.6827776432037354,0.0003078986774198711,0.4977070689201355,0.0
cost_supervised_seed43,6200,0.00013987644256084584,1.0363599061965942,58.741764068603516,0.943567156791687,0.9399734139442444,0.9417405128479004,0.00026270694797858596,0.4982454776763916,0.03125
cost_supervised_seed43,6300,0.00013407248422646646,0.8902368545532227,64.7066421508789,0.811805784702301,0.8061723709106445,0.8089737892150879,8.248600352089852e-05,0.4980134665966034,0.015625
cost_supervised_seed43,6400,0.00012829540457662598,1.6682424545288086,67.13414001464844,1.519212007522583,1.513310194015503,1.5162467956542969,7.455462764482945e-05,0.49845919013023376,0.03125
cost_supervised_seed43,6500,0.00012255411367650412,0.6560013890266418,57.7672233581543,0.5972171425819397,0.5949853658676147,0.596097469329834,0.00018222139624413103,0.49836501479148865,0.0
cost_supervised_seed43,6600,0.00011685746639382604,0.8535633087158203,62.42494201660156,0.779464066028595,0.7714892625808716,0.7754673361778259,0.00014953454956412315,0.49850335717201233,0.03125
cost_supervised_seed43,6700,0.00011121424874188406,1.3744218349456787,63.37335205078125,1.2518173456192017,1.2463383674621582,1.2490696907043457,0.00017046649008989334,0.4984782338142395,0.0625
cost_supervised_seed43,6800,0.00010563316432875535,1.235306978225708,59.318328857421875,1.1246421337127686,1.1203570365905762,1.1224868297576904,0.0003559413307812065,0.4986962378025055,0.03125
cost_supervised_seed43,6900,0.00010012282093361362,1.7948236465454102,50.27061462402344,1.6320594549179077,1.63088858127594,1.6314697265625,0.00014793788432143629,0.49879002571105957,0.015625
cost_supervised_seed43,7000,9.469171723083938e-05,0.9742653369903564,51.34748840332031,0.8853049278259277,0.8852311968803406,0.885192334651947,0.0005424952250905335,0.4987586736679077,0.046875
cost_supervised_seed43,7100,8.934822968240351e-05,1.0779576301574707,64.62316131591797,0.9816961884498596,0.977283239364624,0.9794828295707703,0.00030518329003825784,0.4985499083995819,0.03125
cost_supervised_seed43,7200,8.410059961874096e-05,1.1538796424865723,57.836822509765625,1.0484963655471802,1.047995686531067,1.048244833946228,0.0007851221598684788,0.49886637926101685,0.09375
cost_supervised_seed43,7300,7.895692052803984e-05,0.93364417552948,74.6163330078125,0.8460846543312073,0.848085880279541,0.8469412326812744,0.0020945286378264427,0.49923259019851685,0.078125
cost_supervised_seed43,7400,7.392512557354857e-05,0.782061755657196,53.910308837890625,0.7130346298217773,0.7083010673522949,0.7106651067733765,9.318887168774381e-05,0.4990212917327881,0.078125
cost_supervised_seed43,7500,6.90129753581554e-05,1.384458303451538,62.785003662109375,1.2602826356887817,1.2563507556915283,1.2582957744598389,0.00013425765791907907,0.4992067813873291,0.0625
cost_supervised_seed43,7600,6.422804595510925e-05,0.9290624856948853,53.21025466918945,0.8460190892219543,0.8418881297111511,0.8439648151397705,0.0004957703640684485,0.4992176294326782,0.078125
cost_supervised_seed43,7700,5.957771722334337e-05,2.0577549934387207,54.45531463623047,1.867889404296875,1.8709410429000854,1.8692817687988281,0.0016841351753100753,0.4993132948875427,0.0625
cost_supervised_seed43,7800,5.506916142542272e-05,1.0320004224777222,57.94790267944336,0.9392167925834656,0.9364113211631775,0.9378185272216797,0.00026024511316791177,0.4994860589504242,0.140625
cost_supervised_seed43,7900,5.070933216567014e-05,1.403196930885315,47.71418762207031,1.2751201391220093,1.2752046585083008,1.2751476764678955,0.0005372805753722787,0.49925515055656433,0.125
cost_supervised_seed43,8000,4.650495366553157e-05,1.5175752639770508,48.2991943359375,1.383039951324463,1.3745037317276,1.3787962198257446,0.0004750181396957487,0.49978509545326233,0.21875
cost_supervised_seed43,8100,4.2462510392722296e-05,0.7533637881278992,54.17428970336914,0.6872676014900208,0.6816564202308655,0.6844621896743774,0.0001748167269397527,0.499264657497406,0.078125
cost_supervised_seed43,8200,3.8588237060147165e-05,1.1188422441482544,50.03449630737305,1.0160808563232422,1.0173254013061523,1.0166957378387451,0.0005385192926041782,0.4997473955154419,0.296875
cost_supervised_seed43,8300,3.488810901002239e-05,1.9106825590133667,56.794395446777344,1.7289605140686035,1.7409981489181519,1.7346184253692627,0.00316813075914979,0.5002697110176086,0.28125
cost_supervised_seed43,8400,3.136783299802706e-05,1.4213377237319946,41.191925048828125,1.289743423461914,1.2925119400024414,1.2909982204437256,0.0013651313493028283,0.49992042779922485,0.328125
cost_supervised_seed43,8500,2.803283839169959e-05,1.4582518339157104,52.01890182495117,1.3276335000991821,1.323224663734436,1.3254278898239136,6.0586440667975694e-05,0.5000176429748535,0.40625
cost_supervised_seed43,8600,2.4888268796653453e-05,0.6120696663856506,55.18999099731445,0.5536639094352722,0.5581880211830139,0.5558719038963318,0.0008313513826578856,0.5000709295272827,0.40625
cost_supervised_seed43,8700,2.1938974123527338e-05,1.657923936843872,45.81447219848633,1.5048024654388428,1.509132742881775,1.5069328546524048,0.0005108248442411423,0.5001860857009888,0.4375
cost_supervised_seed43,8800,1.9189503107904792e-05,1.3697354793548584,50.65536880493164,1.2439546585083008,1.2462495565414429,1.2450662851333618,0.0002736643946263939,0.500196099281311,0.4375
cost_supervised_seed43,8900,1.6644096294739982e-05,0.968596339225769,54.23725509643555,0.8795983791351318,0.8812302947044373,0.880395770072937,0.0002407173888059333,0.5001063942909241,0.390625
cost_supervised_seed43,9000,1.4306679498110133e-05,2.36103892326355,49.57564926147461,2.14627742767334,2.14625883102417,2.1462700366973877,0.00014102809655014426,0.5000003576278687,0.359375
cost_supervised_seed43,9100,1.2180857746381187e-05,0.7697882652282715,62.494056701660156,0.7007595896720886,0.6978331208229065,0.6992889046669006,0.0004233973450027406,0.4998907446861267,0.359375
cost_supervised_seed43,9200,1.0269909722125836e-05,0.683087944984436,59.941898345947266,0.6193045377731323,0.6222347021102905,0.6207773685455322,0.00038012774894014,0.500098705291748,0.5
cost_supervised_seed43,9300,8.5767827053684e-06,0.8110678195953369,42.39303207397461,0.7394050359725952,0.7345665693283081,0.7369905114173889,0.0001368004595860839,0.5001810193061829,0.546875
cost_supervised_seed43,9400,7.104088027956736e-06,1.4207583665847778,47.61322784423828,1.2920446395874023,1.2907048463821411,1.2913709878921509,0.00018289541185367852,0.5001236200332642,0.578125
cost_supervised_seed43,9500,5.854097046070927e-06,0.9135566353797913,58.05290985107422,0.8300219178199768,0.8307558298110962,0.8303900957107544,0.00016430625692009926,0.49997738003730774,0.5625
cost_supervised_seed43,9600,4.828737637081215e-06,0.786729633808136,50.45810317993164,0.7153040170669556,0.7148675918579102,0.7150843143463135,0.00011490948963910341,0.5001909732818604,0.5625
cost_supervised_seed43,9700,4.029591226157464e-06,0.5163221955299377,59.21324157714844,0.46937239170074463,0.4689342975616455,0.46915361285209656,0.00023136220988817513,0.49998340010643005,0.484375
cost_supervised_seed43,9800,3.4578903472166835e-06,1.7811390161514282,47.12640380859375,1.6160469055175781,1.6215442419052124,1.6184420585632324,0.0010923430090770125,0.5007151365280151,0.5
cost_supervised_seed43,9900,3.114516741969794e-06,0.9661770462989807,61.11381530761719,0.8738067150115967,0.8812991380691528,0.8775287866592407,0.001267584040760994,0.5001558065414429,0.484375
cost_supervised_seed43,10000,2.9999999999999997e-06,2.9674739837646484,47.02656936645508,2.695566177368164,2.6985857486724854,2.6970603466033936,0.0008571593789383769,0.500396192073822,0.625
