arm,seed,scene,easy_degradation_pct,ADE_gain_pct,source,json_pointer
square_strict,17,coupa,-5.6789033042067505,3.59235472967554,fraction_square_v1,/summaries/square_strict/seeds/17
square_strict,17,deathCircle,0.11197333297303658,5.913717675071717,fraction_square_v1,/summaries/square_strict/seeds/17
square_strict,17,gates,1.0915508498386073,2.5150346448380545,fraction_square_v1,/summaries/square_strict/seeds/17
square_strict,17,hyang,-0.40503816854233765,3.0979329800241984,fraction_square_v1,/summaries/square_strict/seeds/17
square_strict,29,coupa,-5.301729094764729,3.58995236267704,fraction_square_v1,/summaries/square_strict/seeds/29
square_strict,29,deathCircle,0.10897219207108844,5.3869456689157325,fraction_square_v1,/summaries/square_strict/seeds/29
square_strict,29,gates,-0.2758320008429238,1.807733217432228,fraction_square_v1,/summaries/square_strict/seeds/29
square_strict,29,hyang,-0.7318433876189134,2.2844701690560743,fraction_square_v1,/summaries/square_strict/seeds/29
square_strict,43,coupa,-5.672630560659697,3.42865111737638,fraction_square_v1,/summaries/square_strict/seeds/43
square_strict,43,deathCircle,-0.057553838099244636,5.70607784326217,fraction_square_v1,/summaries/square_strict/seeds/43
square_strict,43,gates,-0.05132046985815153,1.8291741325146216,fraction_square_v1,/summaries/square_strict/seeds/43
square_strict,43,hyang,-0.7804812070863587,2.212849573837783,fraction_square_v1,/summaries/square_strict/seeds/43
log_strict,17,coupa,-4.3360397880427115,3.1249171436372736,fraction_square_v1,/summaries/log_strict/seeds/17
log_strict,17,deathCircle,0.4665093385028962,5.864239663811155,fraction_square_v1,/summaries/log_strict/seeds/17
log_strict,17,gates,0.911485108707355,2.462208047565295,fraction_square_v1,/summaries/log_strict/seeds/17
log_strict,17,hyang,-0.49433275734492854,3.1739599604530766,fraction_square_v1,/summaries/log_strict/seeds/17
log_strict,29,coupa,-4.701631086206238,3.299778291772737,fraction_square_v1,/summaries/log_strict/seeds/29
log_strict,29,deathCircle,0.40671304294186417,5.485975724854186,fraction_square_v1,/summaries/log_strict/seeds/29
log_strict,29,gates,0.31224387611876736,1.8868088621009083,fraction_square_v1,/summaries/log_strict/seeds/29
log_strict,29,hyang,-0.6261499537897119,2.351300607182827,fraction_square_v1,/summaries/log_strict/seeds/29
log_strict,43,coupa,-5.767920504654778,3.6337756370245167,fraction_square_v1,/summaries/log_strict/seeds/43
log_strict,43,deathCircle,-0.2306436991145966,5.583235173602919,fraction_square_v1,/summaries/log_strict/seeds/43
log_strict,43,gates,-0.06122478826537936,1.7967116961204677,fraction_square_v1,/summaries/log_strict/seeds/43
log_strict,43,hyang,-0.8711860820885153,2.107806584878502,fraction_square_v1,/summaries/log_strict/seeds/43
square_ratio,17,coupa,-5.471294769775703,2.996099863006718,fraction_square_v1,/summaries/square_ratio/seeds/17
square_ratio,17,deathCircle,-0.11283351437408884,4.902481916031254,fraction_square_v1,/summaries/square_ratio/seeds/17
square_ratio,17,gates,0.10712790105387171,1.3091753481429658,fraction_square_v1,/summaries/square_ratio/seeds/17
square_ratio,17,hyang,-0.9065769518431854,1.9132775150277226,fraction_square_v1,/summaries/square_ratio/seeds/17
square_ratio,29,coupa,-5.384087413994432,2.972359172807748,fraction_square_v1,/summaries/square_ratio/seeds/29
square_ratio,29,deathCircle,-0.3394485498395272,4.588879666836743,fraction_square_v1,/summaries/square_ratio/seeds/29
square_ratio,29,gates,-0.5080402698432906,1.003052912355895,fraction_square_v1,/summaries/square_ratio/seeds/29
square_ratio,29,hyang,-0.822247872855586,1.2820506588942737,fraction_square_v1,/summaries/square_ratio/seeds/29
square_ratio,43,coupa,-5.496025159606733,3.1447159718882567,fraction_square_v1,/summaries/square_ratio/seeds/43
square_ratio,43,deathCircle,-0.4499724591858101,4.593998731739313,fraction_square_v1,/summaries/square_ratio/seeds/43
square_ratio,43,gates,-0.38545370177115457,1.1546190540157042,fraction_square_v1,/summaries/square_ratio/seeds/43
square_ratio,43,hyang,-0.8525417153074977,1.3356427469429777,fraction_square_v1,/summaries/square_ratio/seeds/43
log_ratio,17,coupa,-4.340358216614448,3.091251579484544,fraction_square_v1,/summaries/log_ratio/seeds/17
log_ratio,17,deathCircle,-0.0389311271886017,5.102079878339016,fraction_square_v1,/summaries/log_ratio/seeds/17
log_ratio,17,gates,0.16376244638507398,1.5756961579245332,fraction_square_v1,/summaries/log_ratio/seeds/17
log_ratio,17,hyang,-0.9515727285211772,2.0575810366475156,fraction_square_v1,/summaries/log_ratio/seeds/17
log_ratio,29,coupa,-4.597217787206642,3.0611001170491203,fraction_square_v1,/summaries/log_ratio/seeds/29
log_ratio,29,deathCircle,0.027036406811564717,4.801451262513634,fraction_square_v1,/summaries/log_ratio/seeds/29
log_ratio,29,gates,-0.6731489305476068,1.2757642959235427,fraction_square_v1,/summaries/log_ratio/seeds/29
log_ratio,29,hyang,-0.7393073716079335,1.5593670962715356,fraction_square_v1,/summaries/log_ratio/seeds/29
log_ratio,43,coupa,-5.569913359660916,3.2911444869780593,fraction_square_v1,/summaries/log_ratio/seeds/43
log_ratio,43,deathCircle,-0.16098317058566014,4.85146969411312,fraction_square_v1,/summaries/log_ratio/seeds/43
log_ratio,43,gates,-0.38129283790743207,1.40518233746183,fraction_square_v1,/summaries/log_ratio/seeds/43
log_ratio,43,hyang,-0.8386147968979185,1.6115922445634978,fraction_square_v1,/summaries/log_ratio/seeds/43
forest_ratio,17,coupa,-4.7867036952682795,4.038384407207962,fraction_square_v1,/summaries/forest_ratio/seeds/17
forest_ratio,17,deathCircle,-0.13423740875900814,5.761105579854031,fraction_square_v1,/summaries/forest_ratio/seeds/17
forest_ratio,17,gates,-1.0956779612771195,2.055332126075926,fraction_square_v1,/summaries/forest_ratio/seeds/17
forest_ratio,17,hyang,-0.9671268107912079,2.73770440816985,fraction_square_v1,/summaries/forest_ratio/seeds/17
forest_ratio,29,coupa,-5.190055441657937,3.9745722637485215,fraction_square_v1,/summaries/forest_ratio/seeds/29
forest_ratio,29,deathCircle,-0.2595155010906347,5.416761311826567,fraction_square_v1,/summaries/forest_ratio/seeds/29
forest_ratio,29,gates,-0.9050623056876206,1.949928743856888,fraction_square_v1,/summaries/forest_ratio/seeds/29
forest_ratio,29,hyang,-0.8400735702545847,2.460613783947063,fraction_square_v1,/summaries/forest_ratio/seeds/29
forest_ratio,43,coupa,-4.956491198451641,4.007198546500545,fraction_square_v1,/summaries/forest_ratio/seeds/43
forest_ratio,43,deathCircle,-0.1799780529579631,5.646567194681706,fraction_square_v1,/summaries/forest_ratio/seeds/43
forest_ratio,43,gates,-0.7048428507091087,1.89805584801781,fraction_square_v1,/summaries/forest_ratio/seeds/43
forest_ratio,43,hyang,-0.9653263353891939,2.4172268172195865,fraction_square_v1,/summaries/forest_ratio/seeds/43
square_gain,17,coupa,2.3720326973907913,4.08720621216937,fraction_square_v1,/summaries/square_gain/seeds/17
square_gain,17,deathCircle,1.1623681325643176,6.013615893447866,fraction_square_v1,/summaries/square_gain/seeds/17
square_gain,17,gates,1.5216487227662112,1.9743752768518585,fraction_square_v1,/summaries/square_gain/seeds/17
square_gain,17,hyang,1.2235886036312538,3.669370917357484,fraction_square_v1,/summaries/square_gain/seeds/17
square_gain,29,coupa,2.5088713689821684,3.7692213522361184,fraction_square_v1,/summaries/square_gain/seeds/29
square_gain,29,deathCircle,0.8146002945443431,5.789218531306862,fraction_square_v1,/summaries/square_gain/seeds/29
square_gain,29,gates,0.949339219425549,2.126109198384929,fraction_square_v1,/summaries/square_gain/seeds/29
square_gain,29,hyang,1.0663211225946378,3.3305986482461525,fraction_square_v1,/summaries/square_gain/seeds/29
square_gain,43,coupa,1.8610841748803342,3.973844848560004,fraction_square_v1,/summaries/square_gain/seeds/43
square_gain,43,deathCircle,0.7716175944553649,5.89089471597839,fraction_square_v1,/summaries/square_gain/seeds/43
square_gain,43,gates,1.9393946490515734,2.0363579991538705,fraction_square_v1,/summaries/square_gain/seeds/43
square_gain,43,hyang,0.8536548017898937,3.4037173884304828,fraction_square_v1,/summaries/square_gain/seeds/43
log_gain,17,coupa,2.558292792474215,3.9785636141351333,fraction_square_v1,/summaries/log_gain/seeds/17
log_gain,17,deathCircle,0.8154971635770281,6.064805480073421,fraction_square_v1,/summaries/log_gain/seeds/17
log_gain,17,gates,1.8260189847198571,1.9575968831600843,fraction_square_v1,/summaries/log_gain/seeds/17
log_gain,17,hyang,1.201556514895885,3.6314795675900235,fraction_square_v1,/summaries/log_gain/seeds/17
log_gain,29,coupa,2.4725681476324146,3.742615436800001,fraction_square_v1,/summaries/log_gain/seeds/29
log_gain,29,deathCircle,0.8677538858353318,5.849116498926321,fraction_square_v1,/summaries/log_gain/seeds/29
log_gain,29,gates,1.6678312346174229,2.07795484227673,fraction_square_v1,/summaries/log_gain/seeds/29
log_gain,29,hyang,1.0341968753941888,3.308512221575155,fraction_square_v1,/summaries/log_gain/seeds/29
log_gain,43,coupa,2.002118235680439,3.9623159992690393,fraction_square_v1,/summaries/log_gain/seeds/43
log_gain,43,deathCircle,1.087602854074099,5.9823387209560375,fraction_square_v1,/summaries/log_gain/seeds/43
log_gain,43,gates,1.7040022250946363,2.0555680432174372,fraction_square_v1,/summaries/log_gain/seeds/43
log_gain,43,hyang,0.894237459540137,3.3222221591150958,fraction_square_v1,/summaries/log_gain/seeds/43
forest_gain,17,coupa,2.702291119277822,4.285419626473441,fraction_square_v1,/summaries/forest_gain/seeds/17
forest_gain,17,deathCircle,0.8569257613066039,6.240321494306533,fraction_square_v1,/summaries/forest_gain/seeds/17
forest_gain,17,gates,1.5405114123343333,2.201439930127369,fraction_square_v1,/summaries/forest_gain/seeds/17
forest_gain,17,hyang,1.2113581737970058,3.8308512311044485,fraction_square_v1,/summaries/forest_gain/seeds/17
forest_gain,29,coupa,2.6126304503064413,4.210102766389923,fraction_square_v1,/summaries/forest_gain/seeds/29
forest_gain,29,deathCircle,0.6477756261740186,6.026675831458606,fraction_square_v1,/summaries/forest_gain/seeds/29
forest_gain,29,gates,1.5598276327368543,2.1847244099675756,fraction_square_v1,/summaries/forest_gain/seeds/29
forest_gain,29,hyang,1.0157173059383462,3.656539970562267,fraction_square_v1,/summaries/forest_gain/seeds/29
forest_gain,43,coupa,2.5519011507060707,4.205297404371223,fraction_square_v1,/summaries/forest_gain/seeds/43
forest_gain,43,deathCircle,0.8513292884591461,6.141645412544583,fraction_square_v1,/summaries/forest_gain/seeds/43
forest_gain,43,gates,1.5521270653682029,2.205821800847463,fraction_square_v1,/summaries/forest_gain/seeds/43
forest_gain,43,hyang,0.9976677950927826,3.7013698998949796,fraction_square_v1,/summaries/forest_gain/seeds/43
