model,dataset,subset,horizon,FDE,baseline_FDE,improvement,ADE,episodes,alpha,intervention,residual,physical_validity
per_agent_no_scene,aerialmpt,all,1,0.54019,0.514499,-0.049932,0.54019,8,1.0,1.0,0.789213,1.0
per_agent_no_scene,aerialmpt,all,5,2.746454,2.735528,-0.003994,1.558693,8,1.0,1.0,0.789213,0.95
per_agent_no_scene,aerialmpt,hard,1,0.54019,0.514499,-0.049932,0.54019,8,1.0,1.0,0.789213,1.0
per_agent_no_scene,aerialmpt,hard,5,2.746454,2.735528,-0.003994,1.558693,8,1.0,1.0,0.789213,0.95
per_agent_no_scene,aerialmpt,baseline_failure,1,0.54019,0.514499,-0.049932,0.54019,8,1.0,1.0,0.789213,1.0
per_agent_no_scene,aerialmpt,baseline_failure,5,2.746454,2.735528,-0.003994,1.558693,8,1.0,1.0,0.789213,0.95
per_agent_no_scene,aerialmpt,goalbench_official,1,0.54019,0.514499,-0.049932,0.54019,8,1.0,1.0,0.789213,1.0
per_agent_no_scene,aerialmpt,goalbench_official,5,2.746454,2.735528,-0.003994,1.558693,8,1.0,1.0,0.789213,0.95
per_agent_no_scene,aerialmpt,silver,1,0.54019,0.514499,-0.049932,0.54019,8,1.0,1.0,0.789213,1.0
per_agent_no_scene,aerialmpt,silver,5,2.746454,2.735528,-0.003994,1.558693,8,1.0,1.0,0.789213,0.95
per_agent_no_scene,aerialmpt,ge2,1,0.54019,0.514499,-0.049932,0.54019,8,1.0,1.0,0.789213,1.0
per_agent_no_scene,aerialmpt,ge2,5,2.746454,2.735528,-0.003994,1.558693,8,1.0,1.0,0.789213,0.95
per_agent_no_scene,aerialmpt,ge5,1,0.54019,0.514499,-0.049932,0.54019,8,1.0,1.0,0.789213,1.0
per_agent_no_scene,aerialmpt,ge5,5,2.746454,2.735528,-0.003994,1.558693,8,1.0,1.0,0.789213,0.95
per_agent_no_scene,aerialmpt,pixel_space,1,0.54019,0.514499,-0.049932,0.54019,8,1.0,1.0,0.789213,1.0
per_agent_no_scene,aerialmpt,pixel_space,5,2.746454,2.735528,-0.003994,1.558693,8,1.0,1.0,0.789213,0.95
per_agent_no_scene,eth_ucy,all,1,0.787431,0.789101,0.002117,0.787431,31,0.653655,0.892473,0.242256,1.0
per_agent_no_scene,eth_ucy,all,5,2.686094,2.732957,0.017148,1.780649,31,0.653655,0.892473,0.242256,0.951613
per_agent_no_scene,eth_ucy,all,10,5.17195,5.17126,-0.000134,3.0211,31,0.653655,0.892473,0.242256,0.939516
per_agent_no_scene,eth_ucy,hard,1,0.864014,0.865988,0.002279,0.864014,28,0.643258,0.880952,0.24613,1.0
per_agent_no_scene,eth_ucy,hard,5,2.74885,2.799948,0.01825,1.804053,28,0.643258,0.880952,0.24613,0.946429
per_agent_no_scene,eth_ucy,hard,10,5.380309,5.378648,-0.000309,3.085816,28,0.643258,0.880952,0.24613,0.933036
per_agent_no_scene,eth_ucy,baseline_failure,1,0.78458,0.78607,0.001895,0.78458,26,0.635424,0.871795,0.238324,1.0
per_agent_no_scene,eth_ucy,baseline_failure,5,2.891356,2.93439,0.014665,1.889593,26,0.635424,0.871795,0.238324,0.965385
per_agent_no_scene,eth_ucy,baseline_failure,10,5.360199,5.352848,-0.001373,3.198675,26,0.635424,0.871795,0.238324,0.9375
per_agent_no_scene,eth_ucy,goalbench_official,1,0.787431,0.789101,0.002117,0.787431,31,0.653655,0.892473,0.242256,1.0
per_agent_no_scene,eth_ucy,goalbench_official,5,2.686094,2.732957,0.017148,1.780649,31,0.653655,0.892473,0.242256,0.951613
per_agent_no_scene,eth_ucy,goalbench_official,10,5.17195,5.17126,-0.000134,3.0211,31,0.653655,0.892473,0.242256,0.939516
per_agent_no_scene,eth_ucy,silver,1,0.787431,0.789101,0.002117,0.787431,31,0.653655,0.892473,0.242256,1.0
per_agent_no_scene,eth_ucy,silver,5,2.686094,2.732957,0.017148,1.780649,31,0.653655,0.892473,0.242256,0.951613
per_agent_no_scene,eth_ucy,silver,10,5.17195,5.17126,-0.000134,3.0211,31,0.653655,0.892473,0.242256,0.939516
per_agent_no_scene,eth_ucy,ge2,1,0.787431,0.789101,0.002117,0.787431,31,0.653655,0.892473,0.242256,1.0
per_agent_no_scene,eth_ucy,ge2,5,2.686094,2.732957,0.017148,1.780649,31,0.653655,0.892473,0.242256,0.951613
per_agent_no_scene,eth_ucy,ge2,10,5.17195,5.17126,-0.000134,3.0211,31,0.653655,0.892473,0.242256,0.939516
per_agent_no_scene,eth_ucy,ge5,1,1.044328,1.045163,0.000798,1.044328,21,0.698136,0.936508,0.270448,1.0
per_agent_no_scene,eth_ucy,ge5,5,2.682956,2.759664,0.027796,1.97464,21,0.698136,0.936508,0.270448,0.928571
per_agent_no_scene,eth_ucy,ge5,10,5.132736,5.169275,0.007068,3.210393,21,0.698136,0.936508,0.270448,0.910714
per_agent_no_scene,eth_ucy,pedestrian_drone,1,0.787431,0.789101,0.002117,0.787431,31,0.653655,0.892473,0.242256,1.0
per_agent_no_scene,eth_ucy,pedestrian_drone,5,2.686094,2.732957,0.017148,1.780649,31,0.653655,0.892473,0.242256,0.951613
per_agent_no_scene,eth_ucy,pedestrian_drone,10,5.17195,5.17126,-0.000134,3.0211,31,0.653655,0.892473,0.242256,0.939516
per_agent_no_scene,eth_ucy_ewap,all,1,0.618865,0.618865,0.0,0.618865,160,0.0,0.0,0.307675,1.0
per_agent_no_scene,eth_ucy_ewap,all,5,2.51635,2.51635,0.0,1.701286,160,0.0,0.0,0.307675,0.936875
per_agent_no_scene,eth_ucy_ewap,all,10,3.678802,3.678802,0.0,2.544834,160,0.0,0.0,0.307675,0.946116
per_agent_no_scene,eth_ucy_ewap,all,25,4.360079,4.360079,0.0,3.572197,160,0.0,0.0,0.307675,0.968713
per_agent_no_scene,eth_ucy_ewap,all,50,4.884364,4.884364,0.0,4.164947,160,0.0,0.0,0.307675,0.984239
per_agent_no_scene,eth_ucy_ewap,all,100,5.460224,5.460224,0.0,4.692049,160,0.0,0.0,0.307675,0.992403
per_agent_no_scene,eth_ucy_ewap,hard,1,0.618865,0.618865,0.0,0.618865,160,0.0,0.0,0.307675,1.0
per_agent_no_scene,eth_ucy_ewap,hard,5,2.51635,2.51635,0.0,1.701286,160,0.0,0.0,0.307675,0.936875
per_agent_no_scene,eth_ucy_ewap,hard,10,3.678802,3.678802,0.0,2.544834,160,0.0,0.0,0.307675,0.946116
per_agent_no_scene,eth_ucy_ewap,hard,25,4.360079,4.360079,0.0,3.572197,160,0.0,0.0,0.307675,0.968713
per_agent_no_scene,eth_ucy_ewap,hard,50,4.884364,4.884364,0.0,4.164947,160,0.0,0.0,0.307675,0.984239
per_agent_no_scene,eth_ucy_ewap,hard,100,5.460224,5.460224,0.0,4.692049,160,0.0,0.0,0.307675,0.992403
per_agent_no_scene,eth_ucy_ewap,baseline_failure,1,0.618865,0.618865,0.0,0.618865,160,0.0,0.0,0.307675,1.0
per_agent_no_scene,eth_ucy_ewap,baseline_failure,5,2.51635,2.51635,0.0,1.701286,160,0.0,0.0,0.307675,0.936875
per_agent_no_scene,eth_ucy_ewap,baseline_failure,10,3.678802,3.678802,0.0,2.544834,160,0.0,0.0,0.307675,0.946116
per_agent_no_scene,eth_ucy_ewap,baseline_failure,25,4.360079,4.360079,0.0,3.572197,160,0.0,0.0,0.307675,0.968713
per_agent_no_scene,eth_ucy_ewap,baseline_failure,50,4.884364,4.884364,0.0,4.164947,160,0.0,0.0,0.307675,0.984239
per_agent_no_scene,eth_ucy_ewap,baseline_failure,100,5.460224,5.460224,0.0,4.692049,160,0.0,0.0,0.307675,0.992403
per_agent_no_scene,eth_ucy_ewap,goalbench_official,1,0.618865,0.618865,0.0,0.618865,160,0.0,0.0,0.307675,1.0
per_agent_no_scene,eth_ucy_ewap,goalbench_official,5,2.51635,2.51635,0.0,1.701286,160,0.0,0.0,0.307675,0.936875
per_agent_no_scene,eth_ucy_ewap,goalbench_official,10,3.678802,3.678802,0.0,2.544834,160,0.0,0.0,0.307675,0.946116
per_agent_no_scene,eth_ucy_ewap,goalbench_official,25,4.360079,4.360079,0.0,3.572197,160,0.0,0.0,0.307675,0.968713
per_agent_no_scene,eth_ucy_ewap,goalbench_official,50,4.884364,4.884364,0.0,4.164947,160,0.0,0.0,0.307675,0.984239
per_agent_no_scene,eth_ucy_ewap,goalbench_official,100,5.460224,5.460224,0.0,4.692049,160,0.0,0.0,0.307675,0.992403
per_agent_no_scene,eth_ucy_ewap,silver,1,0.618865,0.618865,0.0,0.618865,160,0.0,0.0,0.307675,1.0
per_agent_no_scene,eth_ucy_ewap,silver,5,2.51635,2.51635,0.0,1.701286,160,0.0,0.0,0.307675,0.936875
per_agent_no_scene,eth_ucy_ewap,silver,10,3.678802,3.678802,0.0,2.544834,160,0.0,0.0,0.307675,0.946116
per_agent_no_scene,eth_ucy_ewap,silver,25,4.360079,4.360079,0.0,3.572197,160,0.0,0.0,0.307675,0.968713
per_agent_no_scene,eth_ucy_ewap,silver,50,4.884364,4.884364,0.0,4.164947,160,0.0,0.0,0.307675,0.984239
per_agent_no_scene,eth_ucy_ewap,silver,100,5.460224,5.460224,0.0,4.692049,160,0.0,0.0,0.307675,0.992403
per_agent_no_scene,eth_ucy_ewap,ge2,1,0.618865,0.618865,0.0,0.618865,160,0.0,0.0,0.307675,1.0
per_agent_no_scene,eth_ucy_ewap,ge2,5,2.51635,2.51635,0.0,1.701286,160,0.0,0.0,0.307675,0.936875
per_agent_no_scene,eth_ucy_ewap,ge2,10,3.678802,3.678802,0.0,2.544834,160,0.0,0.0,0.307675,0.946116
per_agent_no_scene,eth_ucy_ewap,ge2,25,4.360079,4.360079,0.0,3.572197,160,0.0,0.0,0.307675,0.968713
per_agent_no_scene,eth_ucy_ewap,ge2,50,4.884364,4.884364,0.0,4.164947,160,0.0,0.0,0.307675,0.984239
per_agent_no_scene,eth_ucy_ewap,ge2,100,5.460224,5.460224,0.0,4.692049,160,0.0,0.0,0.307675,0.992403
per_agent_no_scene,eth_ucy_ewap,ge5,1,0.618865,0.618865,0.0,0.618865,160,0.0,0.0,0.307675,1.0
per_agent_no_scene,eth_ucy_ewap,ge5,5,2.51635,2.51635,0.0,1.701286,160,0.0,0.0,0.307675,0.936875
per_agent_no_scene,eth_ucy_ewap,ge5,10,3.678802,3.678802,0.0,2.544834,160,0.0,0.0,0.307675,0.946116
per_agent_no_scene,eth_ucy_ewap,ge5,25,4.360079,4.360079,0.0,3.572197,160,0.0,0.0,0.307675,0.968713
per_agent_no_scene,eth_ucy_ewap,ge5,50,4.884364,4.884364,0.0,4.164947,160,0.0,0.0,0.307675,0.984239
per_agent_no_scene,eth_ucy_ewap,ge5,100,5.460224,5.460224,0.0,4.692049,160,0.0,0.0,0.307675,0.992403
per_agent_no_scene,eth_ucy_ewap,metric,1,0.618865,0.618865,0.0,0.618865,160,0.0,0.0,0.307675,1.0
per_agent_no_scene,eth_ucy_ewap,metric,5,2.51635,2.51635,0.0,1.701286,160,0.0,0.0,0.307675,0.936875
per_agent_no_scene,eth_ucy_ewap,metric,10,3.678802,3.678802,0.0,2.544834,160,0.0,0.0,0.307675,0.946116
per_agent_no_scene,eth_ucy_ewap,metric,25,4.360079,4.360079,0.0,3.572197,160,0.0,0.0,0.307675,0.968713
per_agent_no_scene,eth_ucy_ewap,metric,50,4.884364,4.884364,0.0,4.164947,160,0.0,0.0,0.307675,0.984239
per_agent_no_scene,eth_ucy_ewap,metric,100,5.460224,5.460224,0.0,4.692049,160,0.0,0.0,0.307675,0.992403
per_agent_no_scene,trajnet,all,1,1.433782,1.434547,0.000534,1.433782,30,0.566133,1.0,0.198278,1.0
per_agent_no_scene,trajnet,all,5,10.363338,10.375013,0.001125,6.43157,30,0.566133,1.0,0.198278,0.893333
per_agent_no_scene,trajnet,all,10,20.752359,20.771859,0.000939,11.602735,30,0.566133,1.0,0.198278,0.916667
per_agent_no_scene,trajnet,hard,1,1.433782,1.434547,0.000534,1.433782,30,0.566133,1.0,0.198278,1.0
per_agent_no_scene,trajnet,hard,5,10.363338,10.375013,0.001125,6.43157,30,0.566133,1.0,0.198278,0.893333
per_agent_no_scene,trajnet,hard,10,20.752359,20.771859,0.000939,11.602735,30,0.566133,1.0,0.198278,0.916667
per_agent_no_scene,trajnet,baseline_failure,1,1.355442,1.35613,0.000507,1.355442,25,0.566133,1.0,0.205444,1.0
per_agent_no_scene,trajnet,baseline_failure,5,10.385329,10.398949,0.00131,6.36456,25,0.566133,1.0,0.205444,0.912
per_agent_no_scene,trajnet,baseline_failure,10,21.108747,21.131931,0.001097,11.74718,25,0.566133,1.0,0.205444,0.936
per_agent_no_scene,trajnet,goalbench_official,1,1.433782,1.434547,0.000534,1.433782,30,0.566133,1.0,0.198278,1.0
per_agent_no_scene,trajnet,goalbench_official,5,10.363338,10.375013,0.001125,6.43157,30,0.566133,1.0,0.198278,0.893333
per_agent_no_scene,trajnet,goalbench_official,10,20.752359,20.771859,0.000939,11.602735,30,0.566133,1.0,0.198278,0.916667
per_agent_no_scene,trajnet,silver,1,1.433782,1.434547,0.000534,1.433782,30,0.566133,1.0,0.198278,1.0
per_agent_no_scene,trajnet,silver,5,10.363338,10.375013,0.001125,6.43157,30,0.566133,1.0,0.198278,0.893333
per_agent_no_scene,trajnet,silver,10,20.752359,20.771859,0.000939,11.602735,30,0.566133,1.0,0.198278,0.916667
per_agent_no_scene,trajnet,ge2,1,1.433782,1.434547,0.000534,1.433782,30,0.566133,1.0,0.198278,1.0
per_agent_no_scene,trajnet,ge2,5,10.363338,10.375013,0.001125,6.43157,30,0.566133,1.0,0.198278,0.893333
per_agent_no_scene,trajnet,ge2,10,20.752359,20.771859,0.000939,11.602735,30,0.566133,1.0,0.198278,0.916667
per_agent_no_scene,trajnet,ge5,1,1.433782,1.434547,0.000534,1.433782,30,0.566133,1.0,0.198278,1.0
per_agent_no_scene,trajnet,ge5,5,10.363338,10.375013,0.001125,6.43157,30,0.566133,1.0,0.198278,0.893333
per_agent_no_scene,trajnet,ge5,10,20.752359,20.771859,0.000939,11.602735,30,0.566133,1.0,0.198278,0.916667
per_agent_no_scene,trajnet,pedestrian_drone,1,1.433782,1.434547,0.000534,1.433782,30,0.566133,1.0,0.198278,1.0
per_agent_no_scene,trajnet,pedestrian_drone,5,10.363338,10.375013,0.001125,6.43157,30,0.566133,1.0,0.198278,0.893333
per_agent_no_scene,trajnet,pedestrian_drone,10,20.752359,20.771859,0.000939,11.602735,30,0.566133,1.0,0.198278,0.916667
per_agent_scene_only,aerialmpt,all,1,0.537585,0.514499,-0.044871,0.537585,8,1.0,1.0,0.79496,1.0
per_agent_scene_only,aerialmpt,all,5,2.756505,2.735528,-0.007669,1.5653,8,1.0,1.0,0.79496,0.95
per_agent_scene_only,aerialmpt,hard,1,0.537585,0.514499,-0.044871,0.537585,8,1.0,1.0,0.79496,1.0
per_agent_scene_only,aerialmpt,hard,5,2.756505,2.735528,-0.007669,1.5653,8,1.0,1.0,0.79496,0.95
per_agent_scene_only,aerialmpt,baseline_failure,1,0.537585,0.514499,-0.044871,0.537585,8,1.0,1.0,0.79496,1.0
per_agent_scene_only,aerialmpt,baseline_failure,5,2.756505,2.735528,-0.007669,1.5653,8,1.0,1.0,0.79496,0.95
per_agent_scene_only,aerialmpt,goalbench_official,1,0.537585,0.514499,-0.044871,0.537585,8,1.0,1.0,0.79496,1.0
per_agent_scene_only,aerialmpt,goalbench_official,5,2.756505,2.735528,-0.007669,1.5653,8,1.0,1.0,0.79496,0.95
per_agent_scene_only,aerialmpt,silver,1,0.537585,0.514499,-0.044871,0.537585,8,1.0,1.0,0.79496,1.0
per_agent_scene_only,aerialmpt,silver,5,2.756505,2.735528,-0.007669,1.5653,8,1.0,1.0,0.79496,0.95
per_agent_scene_only,aerialmpt,ge2,1,0.537585,0.514499,-0.044871,0.537585,8,1.0,1.0,0.79496,1.0
per_agent_scene_only,aerialmpt,ge2,5,2.756505,2.735528,-0.007669,1.5653,8,1.0,1.0,0.79496,0.95
per_agent_scene_only,aerialmpt,ge5,1,0.537585,0.514499,-0.044871,0.537585,8,1.0,1.0,0.79496,1.0
per_agent_scene_only,aerialmpt,ge5,5,2.756505,2.735528,-0.007669,1.5653,8,1.0,1.0,0.79496,0.95
per_agent_scene_only,aerialmpt,pixel_space,1,0.537585,0.514499,-0.044871,0.537585,8,1.0,1.0,0.79496,1.0
per_agent_scene_only,aerialmpt,pixel_space,5,2.756505,2.735528,-0.007669,1.5653,8,1.0,1.0,0.79496,0.95
per_agent_scene_only,eth_ucy,all,1,0.788162,0.789101,0.00119,0.788162,31,0.56807,0.892473,0.240122,1.0
per_agent_scene_only,eth_ucy,all,5,2.689107,2.732957,0.016045,1.781943,31,0.56807,0.892473,0.240122,0.945161
per_agent_scene_only,eth_ucy,all,10,5.157833,5.17126,0.002596,3.013454,31,0.56807,0.892473,0.240122,0.934677
per_agent_scene_only,eth_ucy,hard,1,0.864898,0.865988,0.001259,0.864898,28,0.558519,0.880952,0.244284,1.0
per_agent_scene_only,eth_ucy,hard,5,2.753017,2.799948,0.016761,1.806004,28,0.558519,0.880952,0.244284,0.939286
per_agent_scene_only,eth_ucy,hard,10,5.364216,5.378648,0.002683,3.077546,28,0.558519,0.880952,0.244284,0.927679
per_agent_scene_only,eth_ucy,baseline_failure,1,0.785235,0.78607,0.001062,0.785235,26,0.551809,0.871795,0.236732,1.0
per_agent_scene_only,eth_ucy,baseline_failure,5,2.894342,2.93439,0.013648,1.890862,26,0.551809,0.871795,0.236732,0.961538
per_agent_scene_only,eth_ucy,baseline_failure,10,5.344801,5.352848,0.001503,3.189844,26,0.551809,0.871795,0.236732,0.939423
per_agent_scene_only,eth_ucy,goalbench_official,1,0.788162,0.789101,0.00119,0.788162,31,0.56807,0.892473,0.240122,1.0
per_agent_scene_only,eth_ucy,goalbench_official,5,2.689107,2.732957,0.016045,1.781943,31,0.56807,0.892473,0.240122,0.945161
per_agent_scene_only,eth_ucy,goalbench_official,10,5.157833,5.17126,0.002596,3.013454,31,0.56807,0.892473,0.240122,0.934677
per_agent_scene_only,eth_ucy,silver,1,0.788162,0.789101,0.00119,0.788162,31,0.56807,0.892473,0.240122,1.0
per_agent_scene_only,eth_ucy,silver,5,2.689107,2.732957,0.016045,1.781943,31,0.56807,0.892473,0.240122,0.945161
per_agent_scene_only,eth_ucy,silver,10,5.157833,5.17126,0.002596,3.013454,31,0.56807,0.892473,0.240122,0.934677
per_agent_scene_only,eth_ucy,ge2,1,0.788162,0.789101,0.00119,0.788162,31,0.56807,0.892473,0.240122,1.0
per_agent_scene_only,eth_ucy,ge2,5,2.689107,2.732957,0.016045,1.781943,31,0.56807,0.892473,0.240122,0.945161
per_agent_scene_only,eth_ucy,ge2,10,5.157833,5.17126,0.002596,3.013454,31,0.56807,0.892473,0.240122,0.934677
per_agent_scene_only,eth_ucy,ge5,1,1.044683,1.045163,0.000459,1.044683,21,0.609277,0.936508,0.272558,1.0
per_agent_scene_only,eth_ucy,ge5,5,2.688,2.759664,0.025968,1.977389,21,0.609277,0.936508,0.272558,0.919048
per_agent_scene_only,eth_ucy,ge5,10,5.119747,5.169275,0.009581,3.204055,21,0.609277,0.936508,0.272558,0.903571
per_agent_scene_only,eth_ucy,pedestrian_drone,1,0.788162,0.789101,0.00119,0.788162,31,0.56807,0.892473,0.240122,1.0
per_agent_scene_only,eth_ucy,pedestrian_drone,5,2.689107,2.732957,0.016045,1.781943,31,0.56807,0.892473,0.240122,0.945161
per_agent_scene_only,eth_ucy,pedestrian_drone,10,5.157833,5.17126,0.002596,3.013454,31,0.56807,0.892473,0.240122,0.934677
per_agent_scene_only,eth_ucy_ewap,all,1,0.618865,0.618865,0.0,0.618865,160,0.0,0.0,0.331535,1.0
per_agent_scene_only,eth_ucy_ewap,all,5,2.51635,2.51635,0.0,1.701286,160,0.0,0.0,0.331535,0.936875
per_agent_scene_only,eth_ucy_ewap,all,10,3.678802,3.678802,0.0,2.544834,160,0.0,0.0,0.331535,0.946116
per_agent_scene_only,eth_ucy_ewap,all,25,4.360079,4.360079,0.0,3.572197,160,0.0,0.0,0.331535,0.968713
per_agent_scene_only,eth_ucy_ewap,all,50,4.884364,4.884364,0.0,4.164947,160,0.0,0.0,0.331535,0.984239
per_agent_scene_only,eth_ucy_ewap,all,100,5.460224,5.460224,0.0,4.692049,160,0.0,0.0,0.331535,0.992403
per_agent_scene_only,eth_ucy_ewap,hard,1,0.618865,0.618865,0.0,0.618865,160,0.0,0.0,0.331535,1.0
per_agent_scene_only,eth_ucy_ewap,hard,5,2.51635,2.51635,0.0,1.701286,160,0.0,0.0,0.331535,0.936875
per_agent_scene_only,eth_ucy_ewap,hard,10,3.678802,3.678802,0.0,2.544834,160,0.0,0.0,0.331535,0.946116
per_agent_scene_only,eth_ucy_ewap,hard,25,4.360079,4.360079,0.0,3.572197,160,0.0,0.0,0.331535,0.968713
per_agent_scene_only,eth_ucy_ewap,hard,50,4.884364,4.884364,0.0,4.164947,160,0.0,0.0,0.331535,0.984239
per_agent_scene_only,eth_ucy_ewap,hard,100,5.460224,5.460224,0.0,4.692049,160,0.0,0.0,0.331535,0.992403
per_agent_scene_only,eth_ucy_ewap,baseline_failure,1,0.618865,0.618865,0.0,0.618865,160,0.0,0.0,0.331535,1.0
per_agent_scene_only,eth_ucy_ewap,baseline_failure,5,2.51635,2.51635,0.0,1.701286,160,0.0,0.0,0.331535,0.936875
per_agent_scene_only,eth_ucy_ewap,baseline_failure,10,3.678802,3.678802,0.0,2.544834,160,0.0,0.0,0.331535,0.946116
per_agent_scene_only,eth_ucy_ewap,baseline_failure,25,4.360079,4.360079,0.0,3.572197,160,0.0,0.0,0.331535,0.968713
per_agent_scene_only,eth_ucy_ewap,baseline_failure,50,4.884364,4.884364,0.0,4.164947,160,0.0,0.0,0.331535,0.984239
per_agent_scene_only,eth_ucy_ewap,baseline_failure,100,5.460224,5.460224,0.0,4.692049,160,0.0,0.0,0.331535,0.992403
per_agent_scene_only,eth_ucy_ewap,goalbench_official,1,0.618865,0.618865,0.0,0.618865,160,0.0,0.0,0.331535,1.0
per_agent_scene_only,eth_ucy_ewap,goalbench_official,5,2.51635,2.51635,0.0,1.701286,160,0.0,0.0,0.331535,0.936875
per_agent_scene_only,eth_ucy_ewap,goalbench_official,10,3.678802,3.678802,0.0,2.544834,160,0.0,0.0,0.331535,0.946116
per_agent_scene_only,eth_ucy_ewap,goalbench_official,25,4.360079,4.360079,0.0,3.572197,160,0.0,0.0,0.331535,0.968713
per_agent_scene_only,eth_ucy_ewap,goalbench_official,50,4.884364,4.884364,0.0,4.164947,160,0.0,0.0,0.331535,0.984239
per_agent_scene_only,eth_ucy_ewap,goalbench_official,100,5.460224,5.460224,0.0,4.692049,160,0.0,0.0,0.331535,0.992403
per_agent_scene_only,eth_ucy_ewap,silver,1,0.618865,0.618865,0.0,0.618865,160,0.0,0.0,0.331535,1.0
per_agent_scene_only,eth_ucy_ewap,silver,5,2.51635,2.51635,0.0,1.701286,160,0.0,0.0,0.331535,0.936875
per_agent_scene_only,eth_ucy_ewap,silver,10,3.678802,3.678802,0.0,2.544834,160,0.0,0.0,0.331535,0.946116
per_agent_scene_only,eth_ucy_ewap,silver,25,4.360079,4.360079,0.0,3.572197,160,0.0,0.0,0.331535,0.968713
per_agent_scene_only,eth_ucy_ewap,silver,50,4.884364,4.884364,0.0,4.164947,160,0.0,0.0,0.331535,0.984239
per_agent_scene_only,eth_ucy_ewap,silver,100,5.460224,5.460224,0.0,4.692049,160,0.0,0.0,0.331535,0.992403
per_agent_scene_only,eth_ucy_ewap,ge2,1,0.618865,0.618865,0.0,0.618865,160,0.0,0.0,0.331535,1.0
per_agent_scene_only,eth_ucy_ewap,ge2,5,2.51635,2.51635,0.0,1.701286,160,0.0,0.0,0.331535,0.936875
per_agent_scene_only,eth_ucy_ewap,ge2,10,3.678802,3.678802,0.0,2.544834,160,0.0,0.0,0.331535,0.946116
per_agent_scene_only,eth_ucy_ewap,ge2,25,4.360079,4.360079,0.0,3.572197,160,0.0,0.0,0.331535,0.968713
per_agent_scene_only,eth_ucy_ewap,ge2,50,4.884364,4.884364,0.0,4.164947,160,0.0,0.0,0.331535,0.984239
per_agent_scene_only,eth_ucy_ewap,ge2,100,5.460224,5.460224,0.0,4.692049,160,0.0,0.0,0.331535,0.992403
per_agent_scene_only,eth_ucy_ewap,ge5,1,0.618865,0.618865,0.0,0.618865,160,0.0,0.0,0.331535,1.0
per_agent_scene_only,eth_ucy_ewap,ge5,5,2.51635,2.51635,0.0,1.701286,160,0.0,0.0,0.331535,0.936875
per_agent_scene_only,eth_ucy_ewap,ge5,10,3.678802,3.678802,0.0,2.544834,160,0.0,0.0,0.331535,0.946116
per_agent_scene_only,eth_ucy_ewap,ge5,25,4.360079,4.360079,0.0,3.572197,160,0.0,0.0,0.331535,0.968713
per_agent_scene_only,eth_ucy_ewap,ge5,50,4.884364,4.884364,0.0,4.164947,160,0.0,0.0,0.331535,0.984239
per_agent_scene_only,eth_ucy_ewap,ge5,100,5.460224,5.460224,0.0,4.692049,160,0.0,0.0,0.331535,0.992403
per_agent_scene_only,eth_ucy_ewap,metric,1,0.618865,0.618865,0.0,0.618865,160,0.0,0.0,0.331535,1.0
per_agent_scene_only,eth_ucy_ewap,metric,5,2.51635,2.51635,0.0,1.701286,160,0.0,0.0,0.331535,0.936875
per_agent_scene_only,eth_ucy_ewap,metric,10,3.678802,3.678802,0.0,2.544834,160,0.0,0.0,0.331535,0.946116
per_agent_scene_only,eth_ucy_ewap,metric,25,4.360079,4.360079,0.0,3.572197,160,0.0,0.0,0.331535,0.968713
per_agent_scene_only,eth_ucy_ewap,metric,50,4.884364,4.884364,0.0,4.164947,160,0.0,0.0,0.331535,0.984239
per_agent_scene_only,eth_ucy_ewap,metric,100,5.460224,5.460224,0.0,4.692049,160,0.0,0.0,0.331535,0.992403
per_agent_scene_only,trajnet,all,1,1.43376,1.434547,0.000549,1.43376,30,0.566133,1.0,0.200163,1.0
per_agent_scene_only,trajnet,all,5,10.363433,10.375013,0.001116,6.431628,30,0.566133,1.0,0.200163,0.893333
per_agent_scene_only,trajnet,all,10,20.752849,20.771859,0.000915,11.603111,30,0.566133,1.0,0.200163,0.916667
per_agent_scene_only,trajnet,hard,1,1.43376,1.434547,0.000549,1.43376,30,0.566133,1.0,0.200163,1.0
per_agent_scene_only,trajnet,hard,5,10.363433,10.375013,0.001116,6.431628,30,0.566133,1.0,0.200163,0.893333
per_agent_scene_only,trajnet,hard,10,20.752849,20.771859,0.000915,11.603111,30,0.566133,1.0,0.200163,0.916667
per_agent_scene_only,trajnet,baseline_failure,1,1.355414,1.35613,0.000527,1.355414,25,0.566133,1.0,0.207209,1.0
per_agent_scene_only,trajnet,baseline_failure,5,10.385323,10.398949,0.00131,6.364553,25,0.566133,1.0,0.207209,0.912
per_agent_scene_only,trajnet,baseline_failure,10,21.109506,21.131931,0.001061,11.747721,25,0.566133,1.0,0.207209,0.936
per_agent_scene_only,trajnet,goalbench_official,1,1.43376,1.434547,0.000549,1.43376,30,0.566133,1.0,0.200163,1.0
per_agent_scene_only,trajnet,goalbench_official,5,10.363433,10.375013,0.001116,6.431628,30,0.566133,1.0,0.200163,0.893333
per_agent_scene_only,trajnet,goalbench_official,10,20.752849,20.771859,0.000915,11.603111,30,0.566133,1.0,0.200163,0.916667
per_agent_scene_only,trajnet,silver,1,1.43376,1.434547,0.000549,1.43376,30,0.566133,1.0,0.200163,1.0
per_agent_scene_only,trajnet,silver,5,10.363433,10.375013,0.001116,6.431628,30,0.566133,1.0,0.200163,0.893333
per_agent_scene_only,trajnet,silver,10,20.752849,20.771859,0.000915,11.603111,30,0.566133,1.0,0.200163,0.916667
per_agent_scene_only,trajnet,ge2,1,1.43376,1.434547,0.000549,1.43376,30,0.566133,1.0,0.200163,1.0
per_agent_scene_only,trajnet,ge2,5,10.363433,10.375013,0.001116,6.431628,30,0.566133,1.0,0.200163,0.893333
per_agent_scene_only,trajnet,ge2,10,20.752849,20.771859,0.000915,11.603111,30,0.566133,1.0,0.200163,0.916667
per_agent_scene_only,trajnet,ge5,1,1.43376,1.434547,0.000549,1.43376,30,0.566133,1.0,0.200163,1.0
per_agent_scene_only,trajnet,ge5,5,10.363433,10.375013,0.001116,6.431628,30,0.566133,1.0,0.200163,0.893333
per_agent_scene_only,trajnet,ge5,10,20.752849,20.771859,0.000915,11.603111,30,0.566133,1.0,0.200163,0.916667
per_agent_scene_only,trajnet,pedestrian_drone,1,1.43376,1.434547,0.000549,1.43376,30,0.566133,1.0,0.200163,1.0
per_agent_scene_only,trajnet,pedestrian_drone,5,10.363433,10.375013,0.001116,6.431628,30,0.566133,1.0,0.200163,0.893333
per_agent_scene_only,trajnet,pedestrian_drone,10,20.752849,20.771859,0.000915,11.603111,30,0.566133,1.0,0.200163,0.916667
per_agent_goal_only,aerialmpt,all,1,0.543324,0.514499,-0.056025,0.543324,8,1.0,1.0,0.799126,1.0
per_agent_goal_only,aerialmpt,all,5,2.755548,2.735528,-0.007318,1.565515,8,1.0,1.0,0.799126,0.9625
per_agent_goal_only,aerialmpt,hard,1,0.543324,0.514499,-0.056025,0.543324,8,1.0,1.0,0.799126,1.0
per_agent_goal_only,aerialmpt,hard,5,2.755548,2.735528,-0.007318,1.565515,8,1.0,1.0,0.799126,0.9625
per_agent_goal_only,aerialmpt,baseline_failure,1,0.543324,0.514499,-0.056025,0.543324,8,1.0,1.0,0.799126,1.0
per_agent_goal_only,aerialmpt,baseline_failure,5,2.755548,2.735528,-0.007318,1.565515,8,1.0,1.0,0.799126,0.9625
per_agent_goal_only,aerialmpt,goalbench_official,1,0.543324,0.514499,-0.056025,0.543324,8,1.0,1.0,0.799126,1.0
per_agent_goal_only,aerialmpt,goalbench_official,5,2.755548,2.735528,-0.007318,1.565515,8,1.0,1.0,0.799126,0.9625
per_agent_goal_only,aerialmpt,silver,1,0.543324,0.514499,-0.056025,0.543324,8,1.0,1.0,0.799126,1.0
per_agent_goal_only,aerialmpt,silver,5,2.755548,2.735528,-0.007318,1.565515,8,1.0,1.0,0.799126,0.9625
per_agent_goal_only,aerialmpt,ge2,1,0.543324,0.514499,-0.056025,0.543324,8,1.0,1.0,0.799126,1.0
per_agent_goal_only,aerialmpt,ge2,5,2.755548,2.735528,-0.007318,1.565515,8,1.0,1.0,0.799126,0.9625
per_agent_goal_only,aerialmpt,ge5,1,0.543324,0.514499,-0.056025,0.543324,8,1.0,1.0,0.799126,1.0
per_agent_goal_only,aerialmpt,ge5,5,2.755548,2.735528,-0.007318,1.565515,8,1.0,1.0,0.799126,0.9625
per_agent_goal_only,aerialmpt,pixel_space,1,0.543324,0.514499,-0.056025,0.543324,8,1.0,1.0,0.799126,1.0
per_agent_goal_only,aerialmpt,pixel_space,5,2.755548,2.735528,-0.007318,1.565515,8,1.0,1.0,0.799126,0.9625
per_agent_goal_only,eth_ucy,all,1,0.789016,0.789101,0.000109,0.789016,31,0.157429,0.569892,0.39643,1.0
per_agent_goal_only,eth_ucy,all,5,2.725349,2.732957,0.002784,1.792095,31,0.157429,0.569892,0.39643,0.909677
per_agent_goal_only,eth_ucy,all,10,5.165272,5.17126,0.001158,3.021038,31,0.157429,0.569892,0.39643,0.905645
per_agent_goal_only,eth_ucy,hard,1,0.865887,0.865988,0.000116,0.865887,28,0.154316,0.559524,0.40162,1.0
per_agent_goal_only,eth_ucy,hard,5,2.792365,2.799948,0.002708,1.816697,28,0.154316,0.559524,0.40162,0.9
per_agent_goal_only,eth_ucy,hard,10,5.371875,5.378648,0.001259,3.085058,28,0.154316,0.559524,0.40162,0.895536
per_agent_goal_only,eth_ucy,baseline_failure,1,0.785986,0.78607,0.000106,0.785986,26,0.152073,0.551282,0.393006,1.0
per_agent_goal_only,eth_ucy,baseline_failure,5,2.926622,2.93439,0.002647,1.896652,26,0.152073,0.551282,0.393006,0.923077
per_agent_goal_only,eth_ucy,baseline_failure,10,5.350043,5.352848,0.000524,3.194384,26,0.152073,0.551282,0.393006,0.914423
per_agent_goal_only,eth_ucy,goalbench_official,1,0.789016,0.789101,0.000109,0.789016,31,0.157429,0.569892,0.39643,1.0
per_agent_goal_only,eth_ucy,goalbench_official,5,2.725349,2.732957,0.002784,1.792095,31,0.157429,0.569892,0.39643,0.909677
per_agent_goal_only,eth_ucy,goalbench_official,10,5.165272,5.17126,0.001158,3.021038,31,0.157429,0.569892,0.39643,0.905645
per_agent_goal_only,eth_ucy,silver,1,0.789016,0.789101,0.000109,0.789016,31,0.157429,0.569892,0.39643,1.0
per_agent_goal_only,eth_ucy,silver,5,2.725349,2.732957,0.002784,1.792095,31,0.157429,0.569892,0.39643,0.909677
per_agent_goal_only,eth_ucy,silver,10,5.165272,5.17126,0.001158,3.021038,31,0.157429,0.569892,0.39643,0.905645
per_agent_goal_only,eth_ucy,ge2,1,0.789016,0.789101,0.000109,0.789016,31,0.157429,0.569892,0.39643,1.0
per_agent_goal_only,eth_ucy,ge2,5,2.725349,2.732957,0.002784,1.792095,31,0.157429,0.569892,0.39643,0.909677
per_agent_goal_only,eth_ucy,ge2,10,5.165272,5.17126,0.001158,3.021038,31,0.157429,0.569892,0.39643,0.905645
per_agent_goal_only,eth_ucy,ge5,1,1.045058,1.045163,0.0001,1.045058,21,0.171462,0.619048,0.425204,1.0
per_agent_goal_only,eth_ucy,ge5,5,2.745736,2.759664,0.005047,1.995699,21,0.171462,0.619048,0.425204,0.866667
per_agent_goal_only,eth_ucy,ge5,10,5.136544,5.169275,0.006332,3.216613,21,0.171462,0.619048,0.425204,0.860714
per_agent_goal_only,eth_ucy,pedestrian_drone,1,0.789016,0.789101,0.000109,0.789016,31,0.157429,0.569892,0.39643,1.0
per_agent_goal_only,eth_ucy,pedestrian_drone,5,2.725349,2.732957,0.002784,1.792095,31,0.157429,0.569892,0.39643,0.909677
per_agent_goal_only,eth_ucy,pedestrian_drone,10,5.165272,5.17126,0.001158,3.021038,31,0.157429,0.569892,0.39643,0.905645
per_agent_goal_only,eth_ucy_ewap,all,1,0.618865,0.618865,0.0,0.618865,160,0.0,0.0,0.340784,1.0
per_agent_goal_only,eth_ucy_ewap,all,5,2.51635,2.51635,0.0,1.701286,160,0.0,0.0,0.340784,0.936875
per_agent_goal_only,eth_ucy_ewap,all,10,3.678802,3.678802,0.0,2.544834,160,0.0,0.0,0.340784,0.946116
per_agent_goal_only,eth_ucy_ewap,all,25,4.360079,4.360079,0.0,3.572197,160,0.0,0.0,0.340784,0.968713
per_agent_goal_only,eth_ucy_ewap,all,50,4.884364,4.884364,0.0,4.164947,160,0.0,0.0,0.340784,0.984239
per_agent_goal_only,eth_ucy_ewap,all,100,5.460224,5.460224,0.0,4.692049,160,0.0,0.0,0.340784,0.992403
per_agent_goal_only,eth_ucy_ewap,hard,1,0.618865,0.618865,0.0,0.618865,160,0.0,0.0,0.340784,1.0
per_agent_goal_only,eth_ucy_ewap,hard,5,2.51635,2.51635,0.0,1.701286,160,0.0,0.0,0.340784,0.936875
per_agent_goal_only,eth_ucy_ewap,hard,10,3.678802,3.678802,0.0,2.544834,160,0.0,0.0,0.340784,0.946116
per_agent_goal_only,eth_ucy_ewap,hard,25,4.360079,4.360079,0.0,3.572197,160,0.0,0.0,0.340784,0.968713
per_agent_goal_only,eth_ucy_ewap,hard,50,4.884364,4.884364,0.0,4.164947,160,0.0,0.0,0.340784,0.984239
per_agent_goal_only,eth_ucy_ewap,hard,100,5.460224,5.460224,0.0,4.692049,160,0.0,0.0,0.340784,0.992403
per_agent_goal_only,eth_ucy_ewap,baseline_failure,1,0.618865,0.618865,0.0,0.618865,160,0.0,0.0,0.340784,1.0
per_agent_goal_only,eth_ucy_ewap,baseline_failure,5,2.51635,2.51635,0.0,1.701286,160,0.0,0.0,0.340784,0.936875
per_agent_goal_only,eth_ucy_ewap,baseline_failure,10,3.678802,3.678802,0.0,2.544834,160,0.0,0.0,0.340784,0.946116
per_agent_goal_only,eth_ucy_ewap,baseline_failure,25,4.360079,4.360079,0.0,3.572197,160,0.0,0.0,0.340784,0.968713
per_agent_goal_only,eth_ucy_ewap,baseline_failure,50,4.884364,4.884364,0.0,4.164947,160,0.0,0.0,0.340784,0.984239
per_agent_goal_only,eth_ucy_ewap,baseline_failure,100,5.460224,5.460224,0.0,4.692049,160,0.0,0.0,0.340784,0.992403
per_agent_goal_only,eth_ucy_ewap,goalbench_official,1,0.618865,0.618865,0.0,0.618865,160,0.0,0.0,0.340784,1.0
per_agent_goal_only,eth_ucy_ewap,goalbench_official,5,2.51635,2.51635,0.0,1.701286,160,0.0,0.0,0.340784,0.936875
per_agent_goal_only,eth_ucy_ewap,goalbench_official,10,3.678802,3.678802,0.0,2.544834,160,0.0,0.0,0.340784,0.946116
per_agent_goal_only,eth_ucy_ewap,goalbench_official,25,4.360079,4.360079,0.0,3.572197,160,0.0,0.0,0.340784,0.968713
per_agent_goal_only,eth_ucy_ewap,goalbench_official,50,4.884364,4.884364,0.0,4.164947,160,0.0,0.0,0.340784,0.984239
per_agent_goal_only,eth_ucy_ewap,goalbench_official,100,5.460224,5.460224,0.0,4.692049,160,0.0,0.0,0.340784,0.992403
per_agent_goal_only,eth_ucy_ewap,silver,1,0.618865,0.618865,0.0,0.618865,160,0.0,0.0,0.340784,1.0
per_agent_goal_only,eth_ucy_ewap,silver,5,2.51635,2.51635,0.0,1.701286,160,0.0,0.0,0.340784,0.936875
per_agent_goal_only,eth_ucy_ewap,silver,10,3.678802,3.678802,0.0,2.544834,160,0.0,0.0,0.340784,0.946116
per_agent_goal_only,eth_ucy_ewap,silver,25,4.360079,4.360079,0.0,3.572197,160,0.0,0.0,0.340784,0.968713
per_agent_goal_only,eth_ucy_ewap,silver,50,4.884364,4.884364,0.0,4.164947,160,0.0,0.0,0.340784,0.984239
per_agent_goal_only,eth_ucy_ewap,silver,100,5.460224,5.460224,0.0,4.692049,160,0.0,0.0,0.340784,0.992403
per_agent_goal_only,eth_ucy_ewap,ge2,1,0.618865,0.618865,0.0,0.618865,160,0.0,0.0,0.340784,1.0
per_agent_goal_only,eth_ucy_ewap,ge2,5,2.51635,2.51635,0.0,1.701286,160,0.0,0.0,0.340784,0.936875
per_agent_goal_only,eth_ucy_ewap,ge2,10,3.678802,3.678802,0.0,2.544834,160,0.0,0.0,0.340784,0.946116
per_agent_goal_only,eth_ucy_ewap,ge2,25,4.360079,4.360079,0.0,3.572197,160,0.0,0.0,0.340784,0.968713
per_agent_goal_only,eth_ucy_ewap,ge2,50,4.884364,4.884364,0.0,4.164947,160,0.0,0.0,0.340784,0.984239
per_agent_goal_only,eth_ucy_ewap,ge2,100,5.460224,5.460224,0.0,4.692049,160,0.0,0.0,0.340784,0.992403
per_agent_goal_only,eth_ucy_ewap,ge5,1,0.618865,0.618865,0.0,0.618865,160,0.0,0.0,0.340784,1.0
per_agent_goal_only,eth_ucy_ewap,ge5,5,2.51635,2.51635,0.0,1.701286,160,0.0,0.0,0.340784,0.936875
per_agent_goal_only,eth_ucy_ewap,ge5,10,3.678802,3.678802,0.0,2.544834,160,0.0,0.0,0.340784,0.946116
per_agent_goal_only,eth_ucy_ewap,ge5,25,4.360079,4.360079,0.0,3.572197,160,0.0,0.0,0.340784,0.968713
per_agent_goal_only,eth_ucy_ewap,ge5,50,4.884364,4.884364,0.0,4.164947,160,0.0,0.0,0.340784,0.984239
per_agent_goal_only,eth_ucy_ewap,ge5,100,5.460224,5.460224,0.0,4.692049,160,0.0,0.0,0.340784,0.992403
per_agent_goal_only,eth_ucy_ewap,metric,1,0.618865,0.618865,0.0,0.618865,160,0.0,0.0,0.340784,1.0
per_agent_goal_only,eth_ucy_ewap,metric,5,2.51635,2.51635,0.0,1.701286,160,0.0,0.0,0.340784,0.936875
per_agent_goal_only,eth_ucy_ewap,metric,10,3.678802,3.678802,0.0,2.544834,160,0.0,0.0,0.340784,0.946116
per_agent_goal_only,eth_ucy_ewap,metric,25,4.360079,4.360079,0.0,3.572197,160,0.0,0.0,0.340784,0.968713
per_agent_goal_only,eth_ucy_ewap,metric,50,4.884364,4.884364,0.0,4.164947,160,0.0,0.0,0.340784,0.984239
per_agent_goal_only,eth_ucy_ewap,metric,100,5.460224,5.460224,0.0,4.692049,160,0.0,0.0,0.340784,0.992403
per_agent_goal_only,trajnet,all,1,1.433939,1.434547,0.000424,1.433939,30,0.549467,1.0,0.215594,1.0
per_agent_goal_only,trajnet,all,5,10.363179,10.375013,0.001141,6.431779,30,0.549467,1.0,0.215594,0.893333
per_agent_goal_only,trajnet,all,10,20.748859,20.771859,0.001107,11.602565,30,0.549467,1.0,0.215594,0.916667
per_agent_goal_only,trajnet,hard,1,1.433939,1.434547,0.000424,1.433939,30,0.549467,1.0,0.215594,1.0
per_agent_goal_only,trajnet,hard,5,10.363179,10.375013,0.001141,6.431779,30,0.549467,1.0,0.215594,0.893333
per_agent_goal_only,trajnet,hard,10,20.748859,20.771859,0.001107,11.602565,30,0.549467,1.0,0.215594,0.916667
per_agent_goal_only,trajnet,baseline_failure,1,1.35563,1.35613,0.000369,1.35563,25,0.549467,1.0,0.224226,1.0
per_agent_goal_only,trajnet,baseline_failure,5,10.38599,10.398949,0.001246,6.36518,25,0.549467,1.0,0.224226,0.912
per_agent_goal_only,trajnet,baseline_failure,10,21.10793,21.131931,0.001136,11.748078,25,0.549467,1.0,0.224226,0.936
per_agent_goal_only,trajnet,goalbench_official,1,1.433939,1.434547,0.000424,1.433939,30,0.549467,1.0,0.215594,1.0
per_agent_goal_only,trajnet,goalbench_official,5,10.363179,10.375013,0.001141,6.431779,30,0.549467,1.0,0.215594,0.893333
per_agent_goal_only,trajnet,goalbench_official,10,20.748859,20.771859,0.001107,11.602565,30,0.549467,1.0,0.215594,0.916667
per_agent_goal_only,trajnet,silver,1,1.433939,1.434547,0.000424,1.433939,30,0.549467,1.0,0.215594,1.0
per_agent_goal_only,trajnet,silver,5,10.363179,10.375013,0.001141,6.431779,30,0.549467,1.0,0.215594,0.893333
per_agent_goal_only,trajnet,silver,10,20.748859,20.771859,0.001107,11.602565,30,0.549467,1.0,0.215594,0.916667
per_agent_goal_only,trajnet,ge2,1,1.433939,1.434547,0.000424,1.433939,30,0.549467,1.0,0.215594,1.0
per_agent_goal_only,trajnet,ge2,5,10.363179,10.375013,0.001141,6.431779,30,0.549467,1.0,0.215594,0.893333
per_agent_goal_only,trajnet,ge2,10,20.748859,20.771859,0.001107,11.602565,30,0.549467,1.0,0.215594,0.916667
per_agent_goal_only,trajnet,ge5,1,1.433939,1.434547,0.000424,1.433939,30,0.549467,1.0,0.215594,1.0
per_agent_goal_only,trajnet,ge5,5,10.363179,10.375013,0.001141,6.431779,30,0.549467,1.0,0.215594,0.893333
per_agent_goal_only,trajnet,ge5,10,20.748859,20.771859,0.001107,11.602565,30,0.549467,1.0,0.215594,0.916667
per_agent_goal_only,trajnet,pedestrian_drone,1,1.433939,1.434547,0.000424,1.433939,30,0.549467,1.0,0.215594,1.0
per_agent_goal_only,trajnet,pedestrian_drone,5,10.363179,10.375013,0.001141,6.431779,30,0.549467,1.0,0.215594,0.893333
per_agent_goal_only,trajnet,pedestrian_drone,10,20.748859,20.771859,0.001107,11.602565,30,0.549467,1.0,0.215594,0.916667
per_agent_interaction_only,aerialmpt,all,1,0.634811,0.514499,-0.233842,0.634811,8,0.9246,1.0,0.969059,1.0
per_agent_interaction_only,aerialmpt,all,5,2.847836,2.735528,-0.041055,1.627211,8,0.9246,1.0,0.969059,0.9625
per_agent_interaction_only,aerialmpt,hard,1,0.634811,0.514499,-0.233842,0.634811,8,0.9246,1.0,0.969059,1.0
per_agent_interaction_only,aerialmpt,hard,5,2.847836,2.735528,-0.041055,1.627211,8,0.9246,1.0,0.969059,0.9625
per_agent_interaction_only,aerialmpt,baseline_failure,1,0.634811,0.514499,-0.233842,0.634811,8,0.9246,1.0,0.969059,1.0
per_agent_interaction_only,aerialmpt,baseline_failure,5,2.847836,2.735528,-0.041055,1.627211,8,0.9246,1.0,0.969059,0.9625
per_agent_interaction_only,aerialmpt,goalbench_official,1,0.634811,0.514499,-0.233842,0.634811,8,0.9246,1.0,0.969059,1.0
per_agent_interaction_only,aerialmpt,goalbench_official,5,2.847836,2.735528,-0.041055,1.627211,8,0.9246,1.0,0.969059,0.9625
per_agent_interaction_only,aerialmpt,silver,1,0.634811,0.514499,-0.233842,0.634811,8,0.9246,1.0,0.969059,1.0
per_agent_interaction_only,aerialmpt,silver,5,2.847836,2.735528,-0.041055,1.627211,8,0.9246,1.0,0.969059,0.9625
per_agent_interaction_only,aerialmpt,ge2,1,0.634811,0.514499,-0.233842,0.634811,8,0.9246,1.0,0.969059,1.0
per_agent_interaction_only,aerialmpt,ge2,5,2.847836,2.735528,-0.041055,1.627211,8,0.9246,1.0,0.969059,0.9625
per_agent_interaction_only,aerialmpt,ge5,1,0.634811,0.514499,-0.233842,0.634811,8,0.9246,1.0,0.969059,1.0
per_agent_interaction_only,aerialmpt,ge5,5,2.847836,2.735528,-0.041055,1.627211,8,0.9246,1.0,0.969059,0.9625
per_agent_interaction_only,aerialmpt,pixel_space,1,0.634811,0.514499,-0.233842,0.634811,8,0.9246,1.0,0.969059,1.0
per_agent_interaction_only,aerialmpt,pixel_space,5,2.847836,2.735528,-0.041055,1.627211,8,0.9246,1.0,0.969059,0.9625
per_agent_interaction_only,eth_ucy,all,1,0.789101,0.789101,0.0,0.789101,31,0.05684,0.301075,0.425547,1.0
per_agent_interaction_only,eth_ucy,all,5,2.730581,2.732957,0.00087,1.793829,31,0.05684,0.301075,0.425547,0.935484
per_agent_interaction_only,eth_ucy,all,10,5.167094,5.17126,0.000806,3.019255,31,0.05684,0.301075,0.425547,0.923387
per_agent_interaction_only,eth_ucy,hard,1,0.865988,0.865988,0.0,0.865988,28,0.056409,0.297619,0.411319,1.0
per_agent_interaction_only,eth_ucy,hard,5,2.797433,2.799948,0.000898,1.818649,28,0.056409,0.297619,0.411319,0.928571
per_agent_interaction_only,eth_ucy,hard,10,5.373992,5.378648,0.000866,3.084113,28,0.056409,0.297619,0.411319,0.915179
per_agent_interaction_only,eth_ucy,baseline_failure,1,0.78607,0.78607,0.0,0.78607,26,0.055157,0.294872,0.431212,1.0
per_agent_interaction_only,eth_ucy,baseline_failure,5,2.932467,2.93439,0.000655,1.898855,26,0.055157,0.294872,0.431212,0.938462
per_agent_interaction_only,eth_ucy,baseline_failure,10,5.348081,5.352848,0.00089,3.19061,26,0.055157,0.294872,0.431212,0.939423
per_agent_interaction_only,eth_ucy,goalbench_official,1,0.789101,0.789101,0.0,0.789101,31,0.05684,0.301075,0.425547,1.0
per_agent_interaction_only,eth_ucy,goalbench_official,5,2.730581,2.732957,0.00087,1.793829,31,0.05684,0.301075,0.425547,0.935484
per_agent_interaction_only,eth_ucy,goalbench_official,10,5.167094,5.17126,0.000806,3.019255,31,0.05684,0.301075,0.425547,0.923387
per_agent_interaction_only,eth_ucy,silver,1,0.789101,0.789101,0.0,0.789101,31,0.05684,0.301075,0.425547,1.0
per_agent_interaction_only,eth_ucy,silver,5,2.730581,2.732957,0.00087,1.793829,31,0.05684,0.301075,0.425547,0.935484
per_agent_interaction_only,eth_ucy,silver,10,5.167094,5.17126,0.000806,3.019255,31,0.05684,0.301075,0.425547,0.923387
per_agent_interaction_only,eth_ucy,ge2,1,0.789101,0.789101,0.0,0.789101,31,0.05684,0.301075,0.425547,1.0
per_agent_interaction_only,eth_ucy,ge2,5,2.730581,2.732957,0.00087,1.793829,31,0.05684,0.301075,0.425547,0.935484
per_agent_interaction_only,eth_ucy,ge2,10,5.167094,5.17126,0.000806,3.019255,31,0.05684,0.301075,0.425547,0.923387
per_agent_interaction_only,eth_ucy,ge5,1,1.045163,1.045163,0.0,1.045163,21,0.060594,0.31746,0.431123,1.0
per_agent_interaction_only,eth_ucy,ge5,5,2.752854,2.759664,0.002467,1.99861,21,0.060594,0.31746,0.431123,0.904762
per_agent_interaction_only,eth_ucy,ge5,10,5.164025,5.169275,0.001016,3.227854,21,0.060594,0.31746,0.431123,0.886905
per_agent_interaction_only,eth_ucy,pedestrian_drone,1,0.789101,0.789101,0.0,0.789101,31,0.05684,0.301075,0.425547,1.0
per_agent_interaction_only,eth_ucy,pedestrian_drone,5,2.730581,2.732957,0.00087,1.793829,31,0.05684,0.301075,0.425547,0.935484
per_agent_interaction_only,eth_ucy,pedestrian_drone,10,5.167094,5.17126,0.000806,3.019255,31,0.05684,0.301075,0.425547,0.923387
per_agent_interaction_only,eth_ucy_ewap,all,1,0.618865,0.618865,0.0,0.618865,160,0.0,0.0,0.379774,1.0
per_agent_interaction_only,eth_ucy_ewap,all,5,2.51635,2.51635,0.0,1.701286,160,0.0,0.0,0.379774,0.936875
per_agent_interaction_only,eth_ucy_ewap,all,10,3.678802,3.678802,0.0,2.544834,160,0.0,0.0,0.379774,0.946116
per_agent_interaction_only,eth_ucy_ewap,all,25,4.360079,4.360079,0.0,3.572197,160,0.0,0.0,0.379774,0.968713
per_agent_interaction_only,eth_ucy_ewap,all,50,4.884364,4.884364,0.0,4.164947,160,0.0,0.0,0.379774,0.984239
per_agent_interaction_only,eth_ucy_ewap,all,100,5.460224,5.460224,0.0,4.692049,160,0.0,0.0,0.379774,0.992403
per_agent_interaction_only,eth_ucy_ewap,hard,1,0.618865,0.618865,0.0,0.618865,160,0.0,0.0,0.379774,1.0
per_agent_interaction_only,eth_ucy_ewap,hard,5,2.51635,2.51635,0.0,1.701286,160,0.0,0.0,0.379774,0.936875
per_agent_interaction_only,eth_ucy_ewap,hard,10,3.678802,3.678802,0.0,2.544834,160,0.0,0.0,0.379774,0.946116
per_agent_interaction_only,eth_ucy_ewap,hard,25,4.360079,4.360079,0.0,3.572197,160,0.0,0.0,0.379774,0.968713
per_agent_interaction_only,eth_ucy_ewap,hard,50,4.884364,4.884364,0.0,4.164947,160,0.0,0.0,0.379774,0.984239
per_agent_interaction_only,eth_ucy_ewap,hard,100,5.460224,5.460224,0.0,4.692049,160,0.0,0.0,0.379774,0.992403
per_agent_interaction_only,eth_ucy_ewap,baseline_failure,1,0.618865,0.618865,0.0,0.618865,160,0.0,0.0,0.379774,1.0
per_agent_interaction_only,eth_ucy_ewap,baseline_failure,5,2.51635,2.51635,0.0,1.701286,160,0.0,0.0,0.379774,0.936875
per_agent_interaction_only,eth_ucy_ewap,baseline_failure,10,3.678802,3.678802,0.0,2.544834,160,0.0,0.0,0.379774,0.946116
per_agent_interaction_only,eth_ucy_ewap,baseline_failure,25,4.360079,4.360079,0.0,3.572197,160,0.0,0.0,0.379774,0.968713
per_agent_interaction_only,eth_ucy_ewap,baseline_failure,50,4.884364,4.884364,0.0,4.164947,160,0.0,0.0,0.379774,0.984239
per_agent_interaction_only,eth_ucy_ewap,baseline_failure,100,5.460224,5.460224,0.0,4.692049,160,0.0,0.0,0.379774,0.992403
per_agent_interaction_only,eth_ucy_ewap,goalbench_official,1,0.618865,0.618865,0.0,0.618865,160,0.0,0.0,0.379774,1.0
per_agent_interaction_only,eth_ucy_ewap,goalbench_official,5,2.51635,2.51635,0.0,1.701286,160,0.0,0.0,0.379774,0.936875
per_agent_interaction_only,eth_ucy_ewap,goalbench_official,10,3.678802,3.678802,0.0,2.544834,160,0.0,0.0,0.379774,0.946116
per_agent_interaction_only,eth_ucy_ewap,goalbench_official,25,4.360079,4.360079,0.0,3.572197,160,0.0,0.0,0.379774,0.968713
per_agent_interaction_only,eth_ucy_ewap,goalbench_official,50,4.884364,4.884364,0.0,4.164947,160,0.0,0.0,0.379774,0.984239
per_agent_interaction_only,eth_ucy_ewap,goalbench_official,100,5.460224,5.460224,0.0,4.692049,160,0.0,0.0,0.379774,0.992403
per_agent_interaction_only,eth_ucy_ewap,silver,1,0.618865,0.618865,0.0,0.618865,160,0.0,0.0,0.379774,1.0
per_agent_interaction_only,eth_ucy_ewap,silver,5,2.51635,2.51635,0.0,1.701286,160,0.0,0.0,0.379774,0.936875
per_agent_interaction_only,eth_ucy_ewap,silver,10,3.678802,3.678802,0.0,2.544834,160,0.0,0.0,0.379774,0.946116
per_agent_interaction_only,eth_ucy_ewap,silver,25,4.360079,4.360079,0.0,3.572197,160,0.0,0.0,0.379774,0.968713
per_agent_interaction_only,eth_ucy_ewap,silver,50,4.884364,4.884364,0.0,4.164947,160,0.0,0.0,0.379774,0.984239
per_agent_interaction_only,eth_ucy_ewap,silver,100,5.460224,5.460224,0.0,4.692049,160,0.0,0.0,0.379774,0.992403
per_agent_interaction_only,eth_ucy_ewap,ge2,1,0.618865,0.618865,0.0,0.618865,160,0.0,0.0,0.379774,1.0
per_agent_interaction_only,eth_ucy_ewap,ge2,5,2.51635,2.51635,0.0,1.701286,160,0.0,0.0,0.379774,0.936875
per_agent_interaction_only,eth_ucy_ewap,ge2,10,3.678802,3.678802,0.0,2.544834,160,0.0,0.0,0.379774,0.946116
per_agent_interaction_only,eth_ucy_ewap,ge2,25,4.360079,4.360079,0.0,3.572197,160,0.0,0.0,0.379774,0.968713
per_agent_interaction_only,eth_ucy_ewap,ge2,50,4.884364,4.884364,0.0,4.164947,160,0.0,0.0,0.379774,0.984239
per_agent_interaction_only,eth_ucy_ewap,ge2,100,5.460224,5.460224,0.0,4.692049,160,0.0,0.0,0.379774,0.992403
per_agent_interaction_only,eth_ucy_ewap,ge5,1,0.618865,0.618865,0.0,0.618865,160,0.0,0.0,0.379774,1.0
per_agent_interaction_only,eth_ucy_ewap,ge5,5,2.51635,2.51635,0.0,1.701286,160,0.0,0.0,0.379774,0.936875
per_agent_interaction_only,eth_ucy_ewap,ge5,10,3.678802,3.678802,0.0,2.544834,160,0.0,0.0,0.379774,0.946116
per_agent_interaction_only,eth_ucy_ewap,ge5,25,4.360079,4.360079,0.0,3.572197,160,0.0,0.0,0.379774,0.968713
per_agent_interaction_only,eth_ucy_ewap,ge5,50,4.884364,4.884364,0.0,4.164947,160,0.0,0.0,0.379774,0.984239
per_agent_interaction_only,eth_ucy_ewap,ge5,100,5.460224,5.460224,0.0,4.692049,160,0.0,0.0,0.379774,0.992403
per_agent_interaction_only,eth_ucy_ewap,metric,1,0.618865,0.618865,0.0,0.618865,160,0.0,0.0,0.379774,1.0
per_agent_interaction_only,eth_ucy_ewap,metric,5,2.51635,2.51635,0.0,1.701286,160,0.0,0.0,0.379774,0.936875
per_agent_interaction_only,eth_ucy_ewap,metric,10,3.678802,3.678802,0.0,2.544834,160,0.0,0.0,0.379774,0.946116
per_agent_interaction_only,eth_ucy_ewap,metric,25,4.360079,4.360079,0.0,3.572197,160,0.0,0.0,0.379774,0.968713
per_agent_interaction_only,eth_ucy_ewap,metric,50,4.884364,4.884364,0.0,4.164947,160,0.0,0.0,0.379774,0.984239
per_agent_interaction_only,eth_ucy_ewap,metric,100,5.460224,5.460224,0.0,4.692049,160,0.0,0.0,0.379774,0.992403
per_agent_interaction_only,trajnet,all,1,1.434227,1.434547,0.000224,1.434227,30,0.399617,1.0,0.23588,1.0
per_agent_interaction_only,trajnet,all,5,10.365696,10.375013,0.000898,6.433402,30,0.399617,1.0,0.23588,0.893333
per_agent_interaction_only,trajnet,all,10,20.759804,20.771859,0.00058,11.606304,30,0.399617,1.0,0.23588,0.916667
per_agent_interaction_only,trajnet,hard,1,1.434227,1.434547,0.000224,1.434227,30,0.399617,1.0,0.23588,1.0
per_agent_interaction_only,trajnet,hard,5,10.365696,10.375013,0.000898,6.433402,30,0.399617,1.0,0.23588,0.893333
per_agent_interaction_only,trajnet,hard,10,20.759804,20.771859,0.00058,11.606304,30,0.399617,1.0,0.23588,0.916667
per_agent_interaction_only,trajnet,baseline_failure,1,1.35586,1.35613,0.000199,1.35586,25,0.399617,1.0,0.240895,1.0
per_agent_interaction_only,trajnet,baseline_failure,5,10.388195,10.398949,0.001034,6.366587,25,0.399617,1.0,0.240895,0.912
per_agent_interaction_only,trajnet,baseline_failure,10,21.114919,21.131931,0.000805,11.751073,25,0.399617,1.0,0.240895,0.936
per_agent_interaction_only,trajnet,goalbench_official,1,1.434227,1.434547,0.000224,1.434227,30,0.399617,1.0,0.23588,1.0
per_agent_interaction_only,trajnet,goalbench_official,5,10.365696,10.375013,0.000898,6.433402,30,0.399617,1.0,0.23588,0.893333
per_agent_interaction_only,trajnet,goalbench_official,10,20.759804,20.771859,0.00058,11.606304,30,0.399617,1.0,0.23588,0.916667
per_agent_interaction_only,trajnet,silver,1,1.434227,1.434547,0.000224,1.434227,30,0.399617,1.0,0.23588,1.0
per_agent_interaction_only,trajnet,silver,5,10.365696,10.375013,0.000898,6.433402,30,0.399617,1.0,0.23588,0.893333
per_agent_interaction_only,trajnet,silver,10,20.759804,20.771859,0.00058,11.606304,30,0.399617,1.0,0.23588,0.916667
per_agent_interaction_only,trajnet,ge2,1,1.434227,1.434547,0.000224,1.434227,30,0.399617,1.0,0.23588,1.0
per_agent_interaction_only,trajnet,ge2,5,10.365696,10.375013,0.000898,6.433402,30,0.399617,1.0,0.23588,0.893333
per_agent_interaction_only,trajnet,ge2,10,20.759804,20.771859,0.00058,11.606304,30,0.399617,1.0,0.23588,0.916667
per_agent_interaction_only,trajnet,ge5,1,1.434227,1.434547,0.000224,1.434227,30,0.399617,1.0,0.23588,1.0
per_agent_interaction_only,trajnet,ge5,5,10.365696,10.375013,0.000898,6.433402,30,0.399617,1.0,0.23588,0.893333
per_agent_interaction_only,trajnet,ge5,10,20.759804,20.771859,0.00058,11.606304,30,0.399617,1.0,0.23588,0.916667
per_agent_interaction_only,trajnet,pedestrian_drone,1,1.434227,1.434547,0.000224,1.434227,30,0.399617,1.0,0.23588,1.0
per_agent_interaction_only,trajnet,pedestrian_drone,5,10.365696,10.375013,0.000898,6.433402,30,0.399617,1.0,0.23588,0.893333
per_agent_interaction_only,trajnet,pedestrian_drone,10,20.759804,20.771859,0.00058,11.606304,30,0.399617,1.0,0.23588,0.916667
per_agent_scene_goal,aerialmpt,all,1,0.54465,0.514499,-0.058601,0.54465,8,1.0,1.0,0.808433,1.0
per_agent_scene_goal,aerialmpt,all,5,2.764931,2.735528,-0.010749,1.571915,8,1.0,1.0,0.808433,0.9625
per_agent_scene_goal,aerialmpt,hard,1,0.54465,0.514499,-0.058601,0.54465,8,1.0,1.0,0.808433,1.0
per_agent_scene_goal,aerialmpt,hard,5,2.764931,2.735528,-0.010749,1.571915,8,1.0,1.0,0.808433,0.9625
per_agent_scene_goal,aerialmpt,baseline_failure,1,0.54465,0.514499,-0.058601,0.54465,8,1.0,1.0,0.808433,1.0
per_agent_scene_goal,aerialmpt,baseline_failure,5,2.764931,2.735528,-0.010749,1.571915,8,1.0,1.0,0.808433,0.9625
per_agent_scene_goal,aerialmpt,goalbench_official,1,0.54465,0.514499,-0.058601,0.54465,8,1.0,1.0,0.808433,1.0
per_agent_scene_goal,aerialmpt,goalbench_official,5,2.764931,2.735528,-0.010749,1.571915,8,1.0,1.0,0.808433,0.9625
per_agent_scene_goal,aerialmpt,silver,1,0.54465,0.514499,-0.058601,0.54465,8,1.0,1.0,0.808433,1.0
per_agent_scene_goal,aerialmpt,silver,5,2.764931,2.735528,-0.010749,1.571915,8,1.0,1.0,0.808433,0.9625
per_agent_scene_goal,aerialmpt,ge2,1,0.54465,0.514499,-0.058601,0.54465,8,1.0,1.0,0.808433,1.0
per_agent_scene_goal,aerialmpt,ge2,5,2.764931,2.735528,-0.010749,1.571915,8,1.0,1.0,0.808433,0.9625
per_agent_scene_goal,aerialmpt,ge5,1,0.54465,0.514499,-0.058601,0.54465,8,1.0,1.0,0.808433,1.0
per_agent_scene_goal,aerialmpt,ge5,5,2.764931,2.735528,-0.010749,1.571915,8,1.0,1.0,0.808433,0.9625
per_agent_scene_goal,aerialmpt,pixel_space,1,0.54465,0.514499,-0.058601,0.54465,8,1.0,1.0,0.808433,1.0
per_agent_scene_goal,aerialmpt,pixel_space,5,2.764931,2.735528,-0.010749,1.571915,8,1.0,1.0,0.808433,0.9625
per_agent_scene_goal,eth_ucy,all,1,0.78902,0.789101,0.000104,0.78902,31,0.225367,0.569892,0.40119,1.0
per_agent_scene_goal,eth_ucy,all,5,2.727228,2.732957,0.002096,1.794449,31,0.225367,0.569892,0.40119,0.896774
per_agent_scene_goal,eth_ucy,all,10,5.193296,5.17126,-0.004261,3.034221,31,0.225367,0.569892,0.40119,0.895968
per_agent_scene_goal,eth_ucy,hard,1,0.865883,0.865988,0.000121,0.865883,28,0.220838,0.559524,0.406063,1.0
per_agent_scene_goal,eth_ucy,hard,5,2.79409,2.799948,0.002092,1.818946,28,0.220838,0.559524,0.406063,0.885714
per_agent_scene_goal,eth_ucy,hard,10,5.400889,5.378648,-0.004135,3.098226,28,0.220838,0.559524,0.406063,0.884821
per_agent_scene_goal,eth_ucy,baseline_failure,1,0.785994,0.78607,9.6e-05,0.785994,26,0.21769,0.551282,0.398795,1.0
per_agent_scene_goal,eth_ucy,baseline_failure,5,2.92848,2.93439,0.002014,1.899075,26,0.21769,0.551282,0.398795,0.919231
per_agent_scene_goal,eth_ucy,baseline_failure,10,5.380661,5.352848,-0.005196,3.208417,26,0.21769,0.551282,0.398795,0.9125
per_agent_scene_goal,eth_ucy,goalbench_official,1,0.78902,0.789101,0.000104,0.78902,31,0.225367,0.569892,0.40119,1.0
per_agent_scene_goal,eth_ucy,goalbench_official,5,2.727228,2.732957,0.002096,1.794449,31,0.225367,0.569892,0.40119,0.896774
per_agent_scene_goal,eth_ucy,goalbench_official,10,5.193296,5.17126,-0.004261,3.034221,31,0.225367,0.569892,0.40119,0.895968
per_agent_scene_goal,eth_ucy,silver,1,0.78902,0.789101,0.000104,0.78902,31,0.225367,0.569892,0.40119,1.0
per_agent_scene_goal,eth_ucy,silver,5,2.727228,2.732957,0.002096,1.794449,31,0.225367,0.569892,0.40119,0.896774
per_agent_scene_goal,eth_ucy,silver,10,5.193296,5.17126,-0.004261,3.034221,31,0.225367,0.569892,0.40119,0.895968
per_agent_scene_goal,eth_ucy,ge2,1,0.78902,0.789101,0.000104,0.78902,31,0.225367,0.569892,0.40119,1.0
per_agent_scene_goal,eth_ucy,ge2,5,2.727228,2.732957,0.002096,1.794449,31,0.225367,0.569892,0.40119,0.896774
per_agent_scene_goal,eth_ucy,ge2,10,5.193296,5.17126,-0.004261,3.034221,31,0.225367,0.569892,0.40119,0.895968
per_agent_scene_goal,eth_ucy,ge5,1,1.04507,1.045163,8.8e-05,1.04507,21,0.245618,0.619048,0.438091,1.0
per_agent_scene_goal,eth_ucy,ge5,5,2.746199,2.759664,0.004879,1.997687,21,0.245618,0.619048,0.438091,0.847619
per_agent_scene_goal,eth_ucy,ge5,10,5.155671,5.169275,0.002632,3.225762,21,0.245618,0.619048,0.438091,0.846429
per_agent_scene_goal,eth_ucy,pedestrian_drone,1,0.78902,0.789101,0.000104,0.78902,31,0.225367,0.569892,0.40119,1.0
per_agent_scene_goal,eth_ucy,pedestrian_drone,5,2.727228,2.732957,0.002096,1.794449,31,0.225367,0.569892,0.40119,0.896774
per_agent_scene_goal,eth_ucy,pedestrian_drone,10,5.193296,5.17126,-0.004261,3.034221,31,0.225367,0.569892,0.40119,0.895968
per_agent_scene_goal,eth_ucy_ewap,all,1,0.618865,0.618865,0.0,0.618865,160,0.0,0.0,0.343332,1.0
per_agent_scene_goal,eth_ucy_ewap,all,5,2.51635,2.51635,0.0,1.701286,160,0.0,0.0,0.343332,0.936875
per_agent_scene_goal,eth_ucy_ewap,all,10,3.678802,3.678802,0.0,2.544834,160,0.0,0.0,0.343332,0.946116
per_agent_scene_goal,eth_ucy_ewap,all,25,4.360079,4.360079,0.0,3.572197,160,0.0,0.0,0.343332,0.968713
per_agent_scene_goal,eth_ucy_ewap,all,50,4.884364,4.884364,0.0,4.164947,160,0.0,0.0,0.343332,0.984239
per_agent_scene_goal,eth_ucy_ewap,all,100,5.460224,5.460224,0.0,4.692049,160,0.0,0.0,0.343332,0.992403
per_agent_scene_goal,eth_ucy_ewap,hard,1,0.618865,0.618865,0.0,0.618865,160,0.0,0.0,0.343332,1.0
per_agent_scene_goal,eth_ucy_ewap,hard,5,2.51635,2.51635,0.0,1.701286,160,0.0,0.0,0.343332,0.936875
per_agent_scene_goal,eth_ucy_ewap,hard,10,3.678802,3.678802,0.0,2.544834,160,0.0,0.0,0.343332,0.946116
per_agent_scene_goal,eth_ucy_ewap,hard,25,4.360079,4.360079,0.0,3.572197,160,0.0,0.0,0.343332,0.968713
per_agent_scene_goal,eth_ucy_ewap,hard,50,4.884364,4.884364,0.0,4.164947,160,0.0,0.0,0.343332,0.984239
per_agent_scene_goal,eth_ucy_ewap,hard,100,5.460224,5.460224,0.0,4.692049,160,0.0,0.0,0.343332,0.992403
per_agent_scene_goal,eth_ucy_ewap,baseline_failure,1,0.618865,0.618865,0.0,0.618865,160,0.0,0.0,0.343332,1.0
per_agent_scene_goal,eth_ucy_ewap,baseline_failure,5,2.51635,2.51635,0.0,1.701286,160,0.0,0.0,0.343332,0.936875
per_agent_scene_goal,eth_ucy_ewap,baseline_failure,10,3.678802,3.678802,0.0,2.544834,160,0.0,0.0,0.343332,0.946116
per_agent_scene_goal,eth_ucy_ewap,baseline_failure,25,4.360079,4.360079,0.0,3.572197,160,0.0,0.0,0.343332,0.968713
per_agent_scene_goal,eth_ucy_ewap,baseline_failure,50,4.884364,4.884364,0.0,4.164947,160,0.0,0.0,0.343332,0.984239
per_agent_scene_goal,eth_ucy_ewap,baseline_failure,100,5.460224,5.460224,0.0,4.692049,160,0.0,0.0,0.343332,0.992403
per_agent_scene_goal,eth_ucy_ewap,goalbench_official,1,0.618865,0.618865,0.0,0.618865,160,0.0,0.0,0.343332,1.0
per_agent_scene_goal,eth_ucy_ewap,goalbench_official,5,2.51635,2.51635,0.0,1.701286,160,0.0,0.0,0.343332,0.936875
per_agent_scene_goal,eth_ucy_ewap,goalbench_official,10,3.678802,3.678802,0.0,2.544834,160,0.0,0.0,0.343332,0.946116
per_agent_scene_goal,eth_ucy_ewap,goalbench_official,25,4.360079,4.360079,0.0,3.572197,160,0.0,0.0,0.343332,0.968713
per_agent_scene_goal,eth_ucy_ewap,goalbench_official,50,4.884364,4.884364,0.0,4.164947,160,0.0,0.0,0.343332,0.984239
per_agent_scene_goal,eth_ucy_ewap,goalbench_official,100,5.460224,5.460224,0.0,4.692049,160,0.0,0.0,0.343332,0.992403
per_agent_scene_goal,eth_ucy_ewap,silver,1,0.618865,0.618865,0.0,0.618865,160,0.0,0.0,0.343332,1.0
per_agent_scene_goal,eth_ucy_ewap,silver,5,2.51635,2.51635,0.0,1.701286,160,0.0,0.0,0.343332,0.936875
per_agent_scene_goal,eth_ucy_ewap,silver,10,3.678802,3.678802,0.0,2.544834,160,0.0,0.0,0.343332,0.946116
per_agent_scene_goal,eth_ucy_ewap,silver,25,4.360079,4.360079,0.0,3.572197,160,0.0,0.0,0.343332,0.968713
per_agent_scene_goal,eth_ucy_ewap,silver,50,4.884364,4.884364,0.0,4.164947,160,0.0,0.0,0.343332,0.984239
per_agent_scene_goal,eth_ucy_ewap,silver,100,5.460224,5.460224,0.0,4.692049,160,0.0,0.0,0.343332,0.992403
per_agent_scene_goal,eth_ucy_ewap,ge2,1,0.618865,0.618865,0.0,0.618865,160,0.0,0.0,0.343332,1.0
per_agent_scene_goal,eth_ucy_ewap,ge2,5,2.51635,2.51635,0.0,1.701286,160,0.0,0.0,0.343332,0.936875
per_agent_scene_goal,eth_ucy_ewap,ge2,10,3.678802,3.678802,0.0,2.544834,160,0.0,0.0,0.343332,0.946116
per_agent_scene_goal,eth_ucy_ewap,ge2,25,4.360079,4.360079,0.0,3.572197,160,0.0,0.0,0.343332,0.968713
per_agent_scene_goal,eth_ucy_ewap,ge2,50,4.884364,4.884364,0.0,4.164947,160,0.0,0.0,0.343332,0.984239
per_agent_scene_goal,eth_ucy_ewap,ge2,100,5.460224,5.460224,0.0,4.692049,160,0.0,0.0,0.343332,0.992403
per_agent_scene_goal,eth_ucy_ewap,ge5,1,0.618865,0.618865,0.0,0.618865,160,0.0,0.0,0.343332,1.0
per_agent_scene_goal,eth_ucy_ewap,ge5,5,2.51635,2.51635,0.0,1.701286,160,0.0,0.0,0.343332,0.936875
per_agent_scene_goal,eth_ucy_ewap,ge5,10,3.678802,3.678802,0.0,2.544834,160,0.0,0.0,0.343332,0.946116
per_agent_scene_goal,eth_ucy_ewap,ge5,25,4.360079,4.360079,0.0,3.572197,160,0.0,0.0,0.343332,0.968713
per_agent_scene_goal,eth_ucy_ewap,ge5,50,4.884364,4.884364,0.0,4.164947,160,0.0,0.0,0.343332,0.984239
per_agent_scene_goal,eth_ucy_ewap,ge5,100,5.460224,5.460224,0.0,4.692049,160,0.0,0.0,0.343332,0.992403
per_agent_scene_goal,eth_ucy_ewap,metric,1,0.618865,0.618865,0.0,0.618865,160,0.0,0.0,0.343332,1.0
per_agent_scene_goal,eth_ucy_ewap,metric,5,2.51635,2.51635,0.0,1.701286,160,0.0,0.0,0.343332,0.936875
per_agent_scene_goal,eth_ucy_ewap,metric,10,3.678802,3.678802,0.0,2.544834,160,0.0,0.0,0.343332,0.946116
per_agent_scene_goal,eth_ucy_ewap,metric,25,4.360079,4.360079,0.0,3.572197,160,0.0,0.0,0.343332,0.968713
per_agent_scene_goal,eth_ucy_ewap,metric,50,4.884364,4.884364,0.0,4.164947,160,0.0,0.0,0.343332,0.984239
per_agent_scene_goal,eth_ucy_ewap,metric,100,5.460224,5.460224,0.0,4.692049,160,0.0,0.0,0.343332,0.992403
per_agent_scene_goal,trajnet,all,1,1.433866,1.434547,0.000475,1.433866,30,0.4629,1.0,0.226179,1.0
per_agent_scene_goal,trajnet,all,5,10.363892,10.375013,0.001072,6.432242,30,0.4629,1.0,0.226179,0.893333
per_agent_scene_goal,trajnet,all,10,20.752466,20.771859,0.000934,11.602757,30,0.4629,1.0,0.226179,0.92
per_agent_scene_goal,trajnet,hard,1,1.433866,1.434547,0.000475,1.433866,30,0.4629,1.0,0.226179,1.0
per_agent_scene_goal,trajnet,hard,5,10.363892,10.375013,0.001072,6.432242,30,0.4629,1.0,0.226179,0.893333
per_agent_scene_goal,trajnet,hard,10,20.752466,20.771859,0.000934,11.602757,30,0.4629,1.0,0.226179,0.92
per_agent_scene_goal,trajnet,baseline_failure,1,1.355552,1.35613,0.000426,1.355552,25,0.4629,1.0,0.234761,1.0
per_agent_scene_goal,trajnet,baseline_failure,5,10.386792,10.398949,0.001169,6.36569,25,0.4629,1.0,0.234761,0.912
per_agent_scene_goal,trajnet,baseline_failure,10,21.111839,21.131931,0.000951,11.749019,25,0.4629,1.0,0.234761,0.94
per_agent_scene_goal,trajnet,goalbench_official,1,1.433866,1.434547,0.000475,1.433866,30,0.4629,1.0,0.226179,1.0
per_agent_scene_goal,trajnet,goalbench_official,5,10.363892,10.375013,0.001072,6.432242,30,0.4629,1.0,0.226179,0.893333
per_agent_scene_goal,trajnet,goalbench_official,10,20.752466,20.771859,0.000934,11.602757,30,0.4629,1.0,0.226179,0.92
per_agent_scene_goal,trajnet,silver,1,1.433866,1.434547,0.000475,1.433866,30,0.4629,1.0,0.226179,1.0
per_agent_scene_goal,trajnet,silver,5,10.363892,10.375013,0.001072,6.432242,30,0.4629,1.0,0.226179,0.893333
per_agent_scene_goal,trajnet,silver,10,20.752466,20.771859,0.000934,11.602757,30,0.4629,1.0,0.226179,0.92
per_agent_scene_goal,trajnet,ge2,1,1.433866,1.434547,0.000475,1.433866,30,0.4629,1.0,0.226179,1.0
per_agent_scene_goal,trajnet,ge2,5,10.363892,10.375013,0.001072,6.432242,30,0.4629,1.0,0.226179,0.893333
per_agent_scene_goal,trajnet,ge2,10,20.752466,20.771859,0.000934,11.602757,30,0.4629,1.0,0.226179,0.92
per_agent_scene_goal,trajnet,ge5,1,1.433866,1.434547,0.000475,1.433866,30,0.4629,1.0,0.226179,1.0
per_agent_scene_goal,trajnet,ge5,5,10.363892,10.375013,0.001072,6.432242,30,0.4629,1.0,0.226179,0.893333
per_agent_scene_goal,trajnet,ge5,10,20.752466,20.771859,0.000934,11.602757,30,0.4629,1.0,0.226179,0.92
per_agent_scene_goal,trajnet,pedestrian_drone,1,1.433866,1.434547,0.000475,1.433866,30,0.4629,1.0,0.226179,1.0
per_agent_scene_goal,trajnet,pedestrian_drone,5,10.363892,10.375013,0.001072,6.432242,30,0.4629,1.0,0.226179,0.893333
per_agent_scene_goal,trajnet,pedestrian_drone,10,20.752466,20.771859,0.000934,11.602757,30,0.4629,1.0,0.226179,0.92
per_agent_full_scene_goal_interaction,aerialmpt,all,1,0.661791,0.514499,-0.286281,0.661791,8,0.9246,1.0,1.014491,1.0
per_agent_full_scene_goal_interaction,aerialmpt,all,5,2.878696,2.735528,-0.052337,1.648148,8,0.9246,1.0,1.014491,0.9625
per_agent_full_scene_goal_interaction,aerialmpt,hard,1,0.661791,0.514499,-0.286281,0.661791,8,0.9246,1.0,1.014491,1.0
per_agent_full_scene_goal_interaction,aerialmpt,hard,5,2.878696,2.735528,-0.052337,1.648148,8,0.9246,1.0,1.014491,0.9625
per_agent_full_scene_goal_interaction,aerialmpt,baseline_failure,1,0.661791,0.514499,-0.286281,0.661791,8,0.9246,1.0,1.014491,1.0
per_agent_full_scene_goal_interaction,aerialmpt,baseline_failure,5,2.878696,2.735528,-0.052337,1.648148,8,0.9246,1.0,1.014491,0.9625
per_agent_full_scene_goal_interaction,aerialmpt,goalbench_official,1,0.661791,0.514499,-0.286281,0.661791,8,0.9246,1.0,1.014491,1.0
per_agent_full_scene_goal_interaction,aerialmpt,goalbench_official,5,2.878696,2.735528,-0.052337,1.648148,8,0.9246,1.0,1.014491,0.9625
per_agent_full_scene_goal_interaction,aerialmpt,silver,1,0.661791,0.514499,-0.286281,0.661791,8,0.9246,1.0,1.014491,1.0
per_agent_full_scene_goal_interaction,aerialmpt,silver,5,2.878696,2.735528,-0.052337,1.648148,8,0.9246,1.0,1.014491,0.9625
per_agent_full_scene_goal_interaction,aerialmpt,ge2,1,0.661791,0.514499,-0.286281,0.661791,8,0.9246,1.0,1.014491,1.0
per_agent_full_scene_goal_interaction,aerialmpt,ge2,5,2.878696,2.735528,-0.052337,1.648148,8,0.9246,1.0,1.014491,0.9625
per_agent_full_scene_goal_interaction,aerialmpt,ge5,1,0.661791,0.514499,-0.286281,0.661791,8,0.9246,1.0,1.014491,1.0
per_agent_full_scene_goal_interaction,aerialmpt,ge5,5,2.878696,2.735528,-0.052337,1.648148,8,0.9246,1.0,1.014491,0.9625
per_agent_full_scene_goal_interaction,aerialmpt,pixel_space,1,0.661791,0.514499,-0.286281,0.661791,8,0.9246,1.0,1.014491,1.0
per_agent_full_scene_goal_interaction,aerialmpt,pixel_space,5,2.878696,2.735528,-0.052337,1.648148,8,0.9246,1.0,1.014491,0.9625
per_agent_full_scene_goal_interaction,eth_ucy,all,1,0.789101,0.789101,0.0,0.789101,31,0.121441,0.569892,0.500432,1.0
per_agent_full_scene_goal_interaction,eth_ucy,all,5,2.734224,2.732957,-0.000464,1.796409,31,0.121441,0.569892,0.500432,0.916129
per_agent_full_scene_goal_interaction,eth_ucy,all,10,5.189871,5.17126,-0.003599,3.034979,31,0.121441,0.569892,0.500432,0.895968
per_agent_full_scene_goal_interaction,eth_ucy,hard,1,0.865988,0.865988,0.0,0.865988,28,0.119795,0.559524,0.482349,1.0
per_agent_full_scene_goal_interaction,eth_ucy,hard,5,2.801169,2.799948,-0.000436,1.820845,28,0.119795,0.559524,0.482349,0.907143
per_agent_full_scene_goal_interaction,eth_ucy,hard,10,5.395316,5.378648,-0.003099,3.098571,28,0.119795,0.559524,0.482349,0.884821
per_agent_full_scene_goal_interaction,eth_ucy,baseline_failure,1,0.78607,0.78607,0.0,0.78607,26,0.116528,0.551282,0.51175,1.0
per_agent_full_scene_goal_interaction,eth_ucy,baseline_failure,5,2.935725,2.93439,-0.000455,1.901286,26,0.116528,0.551282,0.51175,0.923077
per_agent_full_scene_goal_interaction,eth_ucy,baseline_failure,10,5.373984,5.352848,-0.003949,3.208194,26,0.116528,0.551282,0.51175,0.914423
per_agent_full_scene_goal_interaction,eth_ucy,goalbench_official,1,0.789101,0.789101,0.0,0.789101,31,0.121441,0.569892,0.500432,1.0
per_agent_full_scene_goal_interaction,eth_ucy,goalbench_official,5,2.734224,2.732957,-0.000464,1.796409,31,0.121441,0.569892,0.500432,0.916129
per_agent_full_scene_goal_interaction,eth_ucy,goalbench_official,10,5.189871,5.17126,-0.003599,3.034979,31,0.121441,0.569892,0.500432,0.895968
per_agent_full_scene_goal_interaction,eth_ucy,silver,1,0.789101,0.789101,0.0,0.789101,31,0.121441,0.569892,0.500432,1.0
per_agent_full_scene_goal_interaction,eth_ucy,silver,5,2.734224,2.732957,-0.000464,1.796409,31,0.121441,0.569892,0.500432,0.916129
per_agent_full_scene_goal_interaction,eth_ucy,silver,10,5.189871,5.17126,-0.003599,3.034979,31,0.121441,0.569892,0.500432,0.895968
per_agent_full_scene_goal_interaction,eth_ucy,ge2,1,0.789101,0.789101,0.0,0.789101,31,0.121441,0.569892,0.500432,1.0
per_agent_full_scene_goal_interaction,eth_ucy,ge2,5,2.734224,2.732957,-0.000464,1.796409,31,0.121441,0.569892,0.500432,0.916129
per_agent_full_scene_goal_interaction,eth_ucy,ge2,10,5.189871,5.17126,-0.003599,3.034979,31,0.121441,0.569892,0.500432,0.895968
per_agent_full_scene_goal_interaction,eth_ucy,ge5,1,1.045163,1.045163,0.0,1.045163,21,0.133146,0.619048,0.546566,1.0
per_agent_full_scene_goal_interaction,eth_ucy,ge5,5,2.758957,2.759664,0.000256,2.002336,21,0.133146,0.619048,0.546566,0.87619
per_agent_full_scene_goal_interaction,eth_ucy,ge5,10,5.164984,5.169275,0.00083,3.23533,21,0.133146,0.619048,0.546566,0.846429
per_agent_full_scene_goal_interaction,eth_ucy,pedestrian_drone,1,0.789101,0.789101,0.0,0.789101,31,0.121441,0.569892,0.500432,1.0
per_agent_full_scene_goal_interaction,eth_ucy,pedestrian_drone,5,2.734224,2.732957,-0.000464,1.796409,31,0.121441,0.569892,0.500432,0.916129
per_agent_full_scene_goal_interaction,eth_ucy,pedestrian_drone,10,5.189871,5.17126,-0.003599,3.034979,31,0.121441,0.569892,0.500432,0.895968
per_agent_full_scene_goal_interaction,eth_ucy_ewap,all,1,0.618865,0.618865,0.0,0.618865,160,0.0,0.0,0.376772,1.0
per_agent_full_scene_goal_interaction,eth_ucy_ewap,all,5,2.51635,2.51635,0.0,1.701286,160,0.0,0.0,0.376772,0.936875
per_agent_full_scene_goal_interaction,eth_ucy_ewap,all,10,3.678802,3.678802,0.0,2.544834,160,0.0,0.0,0.376772,0.946116
per_agent_full_scene_goal_interaction,eth_ucy_ewap,all,25,4.360079,4.360079,0.0,3.572197,160,0.0,0.0,0.376772,0.968713
per_agent_full_scene_goal_interaction,eth_ucy_ewap,all,50,4.884364,4.884364,0.0,4.164947,160,0.0,0.0,0.376772,0.984239
per_agent_full_scene_goal_interaction,eth_ucy_ewap,all,100,5.460224,5.460224,0.0,4.692049,160,0.0,0.0,0.376772,0.992403
per_agent_full_scene_goal_interaction,eth_ucy_ewap,hard,1,0.618865,0.618865,0.0,0.618865,160,0.0,0.0,0.376772,1.0
per_agent_full_scene_goal_interaction,eth_ucy_ewap,hard,5,2.51635,2.51635,0.0,1.701286,160,0.0,0.0,0.376772,0.936875
per_agent_full_scene_goal_interaction,eth_ucy_ewap,hard,10,3.678802,3.678802,0.0,2.544834,160,0.0,0.0,0.376772,0.946116
per_agent_full_scene_goal_interaction,eth_ucy_ewap,hard,25,4.360079,4.360079,0.0,3.572197,160,0.0,0.0,0.376772,0.968713
per_agent_full_scene_goal_interaction,eth_ucy_ewap,hard,50,4.884364,4.884364,0.0,4.164947,160,0.0,0.0,0.376772,0.984239
per_agent_full_scene_goal_interaction,eth_ucy_ewap,hard,100,5.460224,5.460224,0.0,4.692049,160,0.0,0.0,0.376772,0.992403
per_agent_full_scene_goal_interaction,eth_ucy_ewap,baseline_failure,1,0.618865,0.618865,0.0,0.618865,160,0.0,0.0,0.376772,1.0
per_agent_full_scene_goal_interaction,eth_ucy_ewap,baseline_failure,5,2.51635,2.51635,0.0,1.701286,160,0.0,0.0,0.376772,0.936875
per_agent_full_scene_goal_interaction,eth_ucy_ewap,baseline_failure,10,3.678802,3.678802,0.0,2.544834,160,0.0,0.0,0.376772,0.946116
per_agent_full_scene_goal_interaction,eth_ucy_ewap,baseline_failure,25,4.360079,4.360079,0.0,3.572197,160,0.0,0.0,0.376772,0.968713
per_agent_full_scene_goal_interaction,eth_ucy_ewap,baseline_failure,50,4.884364,4.884364,0.0,4.164947,160,0.0,0.0,0.376772,0.984239
per_agent_full_scene_goal_interaction,eth_ucy_ewap,baseline_failure,100,5.460224,5.460224,0.0,4.692049,160,0.0,0.0,0.376772,0.992403
per_agent_full_scene_goal_interaction,eth_ucy_ewap,goalbench_official,1,0.618865,0.618865,0.0,0.618865,160,0.0,0.0,0.376772,1.0
per_agent_full_scene_goal_interaction,eth_ucy_ewap,goalbench_official,5,2.51635,2.51635,0.0,1.701286,160,0.0,0.0,0.376772,0.936875
per_agent_full_scene_goal_interaction,eth_ucy_ewap,goalbench_official,10,3.678802,3.678802,0.0,2.544834,160,0.0,0.0,0.376772,0.946116
per_agent_full_scene_goal_interaction,eth_ucy_ewap,goalbench_official,25,4.360079,4.360079,0.0,3.572197,160,0.0,0.0,0.376772,0.968713
per_agent_full_scene_goal_interaction,eth_ucy_ewap,goalbench_official,50,4.884364,4.884364,0.0,4.164947,160,0.0,0.0,0.376772,0.984239
per_agent_full_scene_goal_interaction,eth_ucy_ewap,goalbench_official,100,5.460224,5.460224,0.0,4.692049,160,0.0,0.0,0.376772,0.992403
per_agent_full_scene_goal_interaction,eth_ucy_ewap,silver,1,0.618865,0.618865,0.0,0.618865,160,0.0,0.0,0.376772,1.0
per_agent_full_scene_goal_interaction,eth_ucy_ewap,silver,5,2.51635,2.51635,0.0,1.701286,160,0.0,0.0,0.376772,0.936875
per_agent_full_scene_goal_interaction,eth_ucy_ewap,silver,10,3.678802,3.678802,0.0,2.544834,160,0.0,0.0,0.376772,0.946116
per_agent_full_scene_goal_interaction,eth_ucy_ewap,silver,25,4.360079,4.360079,0.0,3.572197,160,0.0,0.0,0.376772,0.968713
per_agent_full_scene_goal_interaction,eth_ucy_ewap,silver,50,4.884364,4.884364,0.0,4.164947,160,0.0,0.0,0.376772,0.984239
per_agent_full_scene_goal_interaction,eth_ucy_ewap,silver,100,5.460224,5.460224,0.0,4.692049,160,0.0,0.0,0.376772,0.992403
per_agent_full_scene_goal_interaction,eth_ucy_ewap,ge2,1,0.618865,0.618865,0.0,0.618865,160,0.0,0.0,0.376772,1.0
per_agent_full_scene_goal_interaction,eth_ucy_ewap,ge2,5,2.51635,2.51635,0.0,1.701286,160,0.0,0.0,0.376772,0.936875
per_agent_full_scene_goal_interaction,eth_ucy_ewap,ge2,10,3.678802,3.678802,0.0,2.544834,160,0.0,0.0,0.376772,0.946116
per_agent_full_scene_goal_interaction,eth_ucy_ewap,ge2,25,4.360079,4.360079,0.0,3.572197,160,0.0,0.0,0.376772,0.968713
per_agent_full_scene_goal_interaction,eth_ucy_ewap,ge2,50,4.884364,4.884364,0.0,4.164947,160,0.0,0.0,0.376772,0.984239
per_agent_full_scene_goal_interaction,eth_ucy_ewap,ge2,100,5.460224,5.460224,0.0,4.692049,160,0.0,0.0,0.376772,0.992403
per_agent_full_scene_goal_interaction,eth_ucy_ewap,ge5,1,0.618865,0.618865,0.0,0.618865,160,0.0,0.0,0.376772,1.0
per_agent_full_scene_goal_interaction,eth_ucy_ewap,ge5,5,2.51635,2.51635,0.0,1.701286,160,0.0,0.0,0.376772,0.936875
per_agent_full_scene_goal_interaction,eth_ucy_ewap,ge5,10,3.678802,3.678802,0.0,2.544834,160,0.0,0.0,0.376772,0.946116
per_agent_full_scene_goal_interaction,eth_ucy_ewap,ge5,25,4.360079,4.360079,0.0,3.572197,160,0.0,0.0,0.376772,0.968713
per_agent_full_scene_goal_interaction,eth_ucy_ewap,ge5,50,4.884364,4.884364,0.0,4.164947,160,0.0,0.0,0.376772,0.984239
per_agent_full_scene_goal_interaction,eth_ucy_ewap,ge5,100,5.460224,5.460224,0.0,4.692049,160,0.0,0.0,0.376772,0.992403
per_agent_full_scene_goal_interaction,eth_ucy_ewap,metric,1,0.618865,0.618865,0.0,0.618865,160,0.0,0.0,0.376772,1.0
per_agent_full_scene_goal_interaction,eth_ucy_ewap,metric,5,2.51635,2.51635,0.0,1.701286,160,0.0,0.0,0.376772,0.936875
per_agent_full_scene_goal_interaction,eth_ucy_ewap,metric,10,3.678802,3.678802,0.0,2.544834,160,0.0,0.0,0.376772,0.946116
per_agent_full_scene_goal_interaction,eth_ucy_ewap,metric,25,4.360079,4.360079,0.0,3.572197,160,0.0,0.0,0.376772,0.968713
per_agent_full_scene_goal_interaction,eth_ucy_ewap,metric,50,4.884364,4.884364,0.0,4.164947,160,0.0,0.0,0.376772,0.984239
per_agent_full_scene_goal_interaction,eth_ucy_ewap,metric,100,5.460224,5.460224,0.0,4.692049,160,0.0,0.0,0.376772,0.992403
per_agent_full_scene_goal_interaction,trajnet,all,1,1.434184,1.434547,0.000253,1.434184,30,0.29975,1.0,0.265412,1.0
per_agent_full_scene_goal_interaction,trajnet,all,5,10.367729,10.375013,0.000702,6.434559,30,0.29975,1.0,0.265412,0.893333
per_agent_full_scene_goal_interaction,trajnet,all,10,20.76324,20.771859,0.000415,11.607665,30,0.29975,1.0,0.265412,0.913333
per_agent_full_scene_goal_interaction,trajnet,hard,1,1.434184,1.434547,0.000253,1.434184,30,0.29975,1.0,0.265412,1.0
per_agent_full_scene_goal_interaction,trajnet,hard,5,10.367729,10.375013,0.000702,6.434559,30,0.29975,1.0,0.265412,0.893333
per_agent_full_scene_goal_interaction,trajnet,hard,10,20.76324,20.771859,0.000415,11.607665,30,0.29975,1.0,0.265412,0.913333
per_agent_full_scene_goal_interaction,trajnet,baseline_failure,1,1.355831,1.35613,0.00022,1.355831,25,0.29975,1.0,0.27354,1.0
per_agent_full_scene_goal_interaction,trajnet,baseline_failure,5,10.391119,10.398949,0.000753,6.368184,25,0.29975,1.0,0.27354,0.912
per_agent_full_scene_goal_interaction,trajnet,baseline_failure,10,21.120573,21.131931,0.000537,11.753574,25,0.29975,1.0,0.27354,0.932
per_agent_full_scene_goal_interaction,trajnet,goalbench_official,1,1.434184,1.434547,0.000253,1.434184,30,0.29975,1.0,0.265412,1.0
per_agent_full_scene_goal_interaction,trajnet,goalbench_official,5,10.367729,10.375013,0.000702,6.434559,30,0.29975,1.0,0.265412,0.893333
per_agent_full_scene_goal_interaction,trajnet,goalbench_official,10,20.76324,20.771859,0.000415,11.607665,30,0.29975,1.0,0.265412,0.913333
per_agent_full_scene_goal_interaction,trajnet,silver,1,1.434184,1.434547,0.000253,1.434184,30,0.29975,1.0,0.265412,1.0
per_agent_full_scene_goal_interaction,trajnet,silver,5,10.367729,10.375013,0.000702,6.434559,30,0.29975,1.0,0.265412,0.893333
per_agent_full_scene_goal_interaction,trajnet,silver,10,20.76324,20.771859,0.000415,11.607665,30,0.29975,1.0,0.265412,0.913333
per_agent_full_scene_goal_interaction,trajnet,ge2,1,1.434184,1.434547,0.000253,1.434184,30,0.29975,1.0,0.265412,1.0
per_agent_full_scene_goal_interaction,trajnet,ge2,5,10.367729,10.375013,0.000702,6.434559,30,0.29975,1.0,0.265412,0.893333
per_agent_full_scene_goal_interaction,trajnet,ge2,10,20.76324,20.771859,0.000415,11.607665,30,0.29975,1.0,0.265412,0.913333
per_agent_full_scene_goal_interaction,trajnet,ge5,1,1.434184,1.434547,0.000253,1.434184,30,0.29975,1.0,0.265412,1.0
per_agent_full_scene_goal_interaction,trajnet,ge5,5,10.367729,10.375013,0.000702,6.434559,30,0.29975,1.0,0.265412,0.893333
per_agent_full_scene_goal_interaction,trajnet,ge5,10,20.76324,20.771859,0.000415,11.607665,30,0.29975,1.0,0.265412,0.913333
per_agent_full_scene_goal_interaction,trajnet,pedestrian_drone,1,1.434184,1.434547,0.000253,1.434184,30,0.29975,1.0,0.265412,1.0
per_agent_full_scene_goal_interaction,trajnet,pedestrian_drone,5,10.367729,10.375013,0.000702,6.434559,30,0.29975,1.0,0.265412,0.893333
per_agent_full_scene_goal_interaction,trajnet,pedestrian_drone,10,20.76324,20.771859,0.000415,11.607665,30,0.29975,1.0,0.265412,0.913333
