group,subset,component,mean_pp,low_pp,high_pp
neural_fold0_seed17_all,all,full_total,0.12833746071270175,-0.12136952174326762,0.36583150197130304
neural_fold0_seed17_all,all,support_difference,0.0,0.0,0.0
neural_fold0_seed17_all,all,total,0.12833746071270175,-0.12136952174326762,0.36583150197130304
neural_fold0_seed17_all,all,ranking_at_control_count,0.20214380233546245,-0.006396736883128499,0.40867180730243546
neural_fold0_seed17_all,all,ranking_at_treatment_count,0.20955084055504902,0.03287006471750461,0.3887762348133174
neural_fold0_seed17_all,all,coverage_with_treatment_ranking,-0.07380634162276077,-0.1886903157859702,0.02530610248644516
neural_fold0_seed17_all,all,coverage_with_control_ranking,-0.08121337984234735,-0.2023482610393019,0.023449819612499426
neural_fold0_seed17_all,easy,full_total,-0.24756246331714826,-0.6266590170251662,0.08385386914951233
neural_fold0_seed17_all,easy,support_difference,0.0,0.0,0.0
neural_fold0_seed17_all,easy,total,-0.24756246331714826,-0.6266590170251662,0.08385386914951233
neural_fold0_seed17_all,easy,ranking_at_control_count,-0.24911426829796618,-0.6280671547599443,0.07768536839726158
neural_fold0_seed17_all,easy,ranking_at_treatment_count,-0.2840612786815166,-0.641462966003354,0.012914566854880795
neural_fold0_seed17_all,easy,coverage_with_treatment_ranking,0.001551804980818001,-0.017377075101189875,0.023075088826532635
neural_fold0_seed17_all,easy,coverage_with_control_ranking,0.03649881536436838,-0.003920619153470143,0.08292851952410646
neural_fold0_seed17_all,hard,full_total,0.21161196527987744,-0.03276254971290868,0.4536317770568148
neural_fold0_seed17_all,hard,support_difference,0.0,0.0,0.0
neural_fold0_seed17_all,hard,total,0.21161196527987744,-0.03276254971290868,0.4536317770568148
neural_fold0_seed17_all,hard,ranking_at_control_count,0.3129649888715506,0.12828963156888074,0.5082433788636701
neural_fold0_seed17_all,hard,ranking_at_treatment_count,0.3917226230954226,0.20185572964057946,0.5750217678249057
neural_fold0_seed17_all,hard,coverage_with_treatment_ranking,-0.10135302359167313,-0.2548116099561785,0.02865232645302827
neural_fold0_seed17_all,hard,coverage_with_control_ranking,-0.1801106578155452,-0.3836462676295927,-0.0020586680524931644
neural_fold0_seed17_easy,all,full_total,-0.09387698219251307,-0.17128383131541505,-0.03417517863741074
neural_fold0_seed17_easy,all,support_difference,0.0,0.0,0.0
neural_fold0_seed17_easy,all,total,-0.09387698219251307,-0.17128383131541505,-0.03417517863741074
neural_fold0_seed17_easy,all,ranking_at_control_count,-0.08693985343167301,-0.16606525555410884,-0.029679959633386543
neural_fold0_seed17_easy,all,ranking_at_treatment_count,-0.08582776685346047,-0.16459184238460403,-0.028347340850042244
neural_fold0_seed17_easy,all,coverage_with_treatment_ranking,-0.006937128760840083,-0.018291091750284417,0.0024084419644967558
neural_fold0_seed17_easy,all,coverage_with_control_ranking,-0.008049215339052632,-0.017541861800728684,-0.0003133543544981896
neural_fold0_seed17_easy,easy,full_total,-0.05862583444480667,-0.16410167030212516,0.05416361004047977
neural_fold0_seed17_easy,easy,support_difference,0.0,0.0,0.0
neural_fold0_seed17_easy,easy,total,-0.05862583444480667,-0.16410167030212516,0.05416361004047977
neural_fold0_seed17_easy,easy,ranking_at_control_count,0.015052395484099496,-0.018454187594567746,0.045847430127103864
neural_fold0_seed17_easy,easy,ranking_at_treatment_count,0.016706961695822246,0.0005646333708770994,0.03368967994551082
neural_fold0_seed17_easy,easy,coverage_with_treatment_ranking,-0.07367822992890616,-0.19689634005970547,0.05619799740008881
neural_fold0_seed17_easy,easy,coverage_with_control_ranking,-0.0753327961406289,-0.18098672226464677,0.03484550882507947
neural_fold0_seed17_easy,hard,full_total,-0.09546915685105173,-0.19338841076897773,-0.013469857481378173
neural_fold0_seed17_easy,hard,support_difference,0.0,0.0,0.0
neural_fold0_seed17_easy,hard,total,-0.09546915685105173,-0.19338841076897773,-0.013469857481378173
neural_fold0_seed17_easy,hard,ranking_at_control_count,-0.09366451054354528,-0.1919053194497696,-0.012491219323004506
neural_fold0_seed17_easy,hard,ranking_at_treatment_count,-0.09086854050134618,-0.18516550499879775,-0.013300421664426928
neural_fold0_seed17_easy,hard,coverage_with_treatment_ranking,-0.0018046463075064507,-0.004416161954273553,6.667342748081883e-05
neural_fold0_seed17_easy,hard,coverage_with_control_ranking,-0.004600616349705549,-0.013063323174943409,0.0
damping097_fold0_seed17_all,all,full_total,1.0211859119316988,0.6488988217630359,1.3129591701343608
damping097_fold0_seed17_all,all,support_difference,0.0,0.0,0.0
damping097_fold0_seed17_all,all,total,1.0211859119316988,0.6488988217630359,1.3129591701343608
damping097_fold0_seed17_all,all,ranking_at_control_count,0.6413310223149126,0.34946620660575894,0.9078185577172678
damping097_fold0_seed17_all,all,ranking_at_treatment_count,0.5746518483955168,0.43211821863354766,0.7145719538338253
damping097_fold0_seed17_all,all,coverage_with_treatment_ranking,0.3798548896167864,0.24482919195970615,0.5173597492655951
damping097_fold0_seed17_all,all,coverage_with_control_ranking,0.44653406353618214,0.19351416847472672,0.6287774100982028
damping097_fold0_seed17_all,easy,full_total,-0.41216304406300935,-1.0230136161022694,-0.006527133204725561
damping097_fold0_seed17_all,easy,support_difference,0.0,0.0,0.0
damping097_fold0_seed17_all,easy,total,-0.41216304406300935,-1.0230136161022694,-0.006527133204725561
damping097_fold0_seed17_all,easy,ranking_at_control_count,-0.013342508979720589,-0.08608157443367095,0.04975920276007089
damping097_fold0_seed17_all,easy,ranking_at_treatment_count,-0.10638606500225081,-0.33902360586077784,0.05929133984387319
damping097_fold0_seed17_all,easy,coverage_with_treatment_ranking,-0.3988205350832888,-0.974735405372158,-0.02080129929116349
damping097_fold0_seed17_all,easy,coverage_with_control_ranking,-0.30577697906075857,-0.7126890473708583,0.008178494601462274
damping097_fold0_seed17_all,hard,full_total,1.2538460874710005,0.7932109534983336,1.6640977537430264
damping097_fold0_seed17_all,hard,support_difference,0.0,0.0,0.0
damping097_fold0_seed17_all,hard,total,1.2538460874710005,0.7932109534983336,1.6640977537430264
damping097_fold0_seed17_all,hard,ranking_at_control_count,0.7482206013026806,0.2702241762374229,1.1536263807627192
damping097_fold0_seed17_all,hard,ranking_at_treatment_count,0.6608528383775067,0.38949266051013715,0.9175060063314883
damping097_fold0_seed17_all,hard,coverage_with_treatment_ranking,0.50562548616832,0.39178885379249817,0.6153735776296128
damping097_fold0_seed17_all,hard,coverage_with_control_ranking,0.5929932490934939,0.35537328711634353,0.7841434864641015
damping097_fold0_seed17_easy,all,full_total,-0.32387266528790387,-0.4421504427352225,-0.22652796796463398
damping097_fold0_seed17_easy,all,support_difference,0.0,0.0,0.0
damping097_fold0_seed17_easy,all,total,-0.32387266528790387,-0.4421504427352225,-0.22652796796463398
damping097_fold0_seed17_easy,all,ranking_at_control_count,-0.17345093203936224,-0.2591614870000129,-0.10376727021392122
damping097_fold0_seed17_easy,all,ranking_at_treatment_count,-0.12847742308016102,-0.19707238121448606,-0.06997606222495116
damping097_fold0_seed17_easy,all,coverage_with_treatment_ranking,-0.15042173324854163,-0.20577097880655298,-0.10228213160942375
damping097_fold0_seed17_easy,all,coverage_with_control_ranking,-0.19539524220774285,-0.28558021570243197,-0.11870306449143711
damping097_fold0_seed17_easy,easy,full_total,0.012827386140149125,-0.00895016840393506,0.0375138775527863
damping097_fold0_seed17_easy,easy,support_difference,0.0,0.0,0.0
damping097_fold0_seed17_easy,easy,total,0.012827386140149125,-0.00895016840393506,0.0375138775527863
damping097_fold0_seed17_easy,easy,ranking_at_control_count,-0.01378370202641676,-0.041124845568545045,0.01863868353233289
damping097_fold0_seed17_easy,easy,ranking_at_treatment_count,-0.026413204766397257,-0.05352008771492451,-0.006434268118005967
damping097_fold0_seed17_easy,easy,coverage_with_treatment_ranking,0.026611088166565884,-0.0074872431335121,0.06061359169461551
damping097_fold0_seed17_easy,easy,coverage_with_control_ranking,0.039240590906546385,0.008760875239362932,0.07392435817139793
damping097_fold0_seed17_easy,hard,full_total,-0.34976607410541327,-0.5037247276088048,-0.23375000480104838
damping097_fold0_seed17_easy,hard,support_difference,0.0,0.0,0.0
damping097_fold0_seed17_easy,hard,total,-0.34976607410541327,-0.5037247276088048,-0.23375000480104838
damping097_fold0_seed17_easy,hard,ranking_at_control_count,-0.21718666591014146,-0.3430912103828249,-0.10637746132449043
damping097_fold0_seed17_easy,hard,ranking_at_treatment_count,-0.17019603374858772,-0.2487719383483691,-0.09786558208657781
damping097_fold0_seed17_easy,hard,coverage_with_treatment_ranking,-0.1325794081952718,-0.19260774498010913,-0.07890774554167265
damping097_fold0_seed17_easy,hard,coverage_with_control_ranking,-0.17957004035682558,-0.3032476271124986,-0.09009157077807536
neural_fold0_seed29_all,all,full_total,0.2539273758699907,0.03553113062505502,0.46517196786872694
neural_fold0_seed29_all,all,support_difference,0.0,0.0,0.0
neural_fold0_seed29_all,all,total,0.2539273758699907,0.03553113062505502,0.46517196786872694
neural_fold0_seed29_all,all,ranking_at_control_count,0.31306149063142896,0.2155489087226021,0.41148121646212493
neural_fold0_seed29_all,all,ranking_at_treatment_count,0.30289785947230263,0.1850224120561808,0.4129516252959857
neural_fold0_seed29_all,all,coverage_with_treatment_ranking,-0.059134114761438275,-0.19636124799367422,0.06740435623113433
neural_fold0_seed29_all,all,coverage_with_control_ranking,-0.048970483602311966,-0.23380145267008806,0.11180402531977489
neural_fold0_seed29_all,easy,full_total,-0.38819208471613253,-0.6024954556568702,-0.18131517752957216
neural_fold0_seed29_all,easy,support_difference,0.0,0.0,0.0
neural_fold0_seed29_all,easy,total,-0.38819208471613253,-0.6024954556568702,-0.18131517752957216
neural_fold0_seed29_all,easy,ranking_at_control_count,-0.3198333237082688,-0.49832912699587134,-0.15638881355368728
neural_fold0_seed29_all,easy,ranking_at_treatment_count,-0.4582003094211229,-0.8274881171384658,-0.1476022351611125
neural_fold0_seed29_all,easy,coverage_with_treatment_ranking,-0.06835876100786377,-0.1358023783427485,-0.003505758791427227
neural_fold0_seed29_all,easy,coverage_with_control_ranking,0.0700082247049903,-0.06737354139467507,0.2860600436108217
neural_fold0_seed29_all,hard,full_total,0.448437271683059,0.2570897251098719,0.6811043364529387
neural_fold0_seed29_all,hard,support_difference,0.0,0.0,0.0
neural_fold0_seed29_all,hard,total,0.448437271683059,0.2570897251098719,0.6811043364529387
neural_fold0_seed29_all,hard,ranking_at_control_count,0.49271005994401745,0.40124459694653314,0.6006813292575564
neural_fold0_seed29_all,hard,ranking_at_treatment_count,0.4816186915101068,0.295002041665813,0.6509304651934018
neural_fold0_seed29_all,hard,coverage_with_treatment_ranking,-0.0442727882609585,-0.19429609219969826,0.09638400882691175
neural_fold0_seed29_all,hard,coverage_with_control_ranking,-0.03318141982704782,-0.23678659807240401,0.14485360812050044
neural_fold0_seed29_easy,all,full_total,-0.14964115949238438,-0.2671147783091694,-0.027588948658249922
neural_fold0_seed29_easy,all,support_difference,0.0,0.0,0.0
neural_fold0_seed29_easy,all,total,-0.14964115949238438,-0.2671147783091694,-0.027588948658249922
neural_fold0_seed29_easy,all,ranking_at_control_count,-0.10237197336371631,-0.19836940084404284,0.00033074586960767094
neural_fold0_seed29_easy,all,ranking_at_treatment_count,-0.09234512722840438,-0.19563178289128744,0.01712879786993447
neural_fold0_seed29_easy,all,coverage_with_treatment_ranking,-0.04726918612866804,-0.07492101477731725,-0.022023590279615497
neural_fold0_seed29_easy,all,coverage_with_control_ranking,-0.057296032263979974,-0.08801816543043016,-0.029919953206138706
neural_fold0_seed29_easy,easy,full_total,-0.4600203299694914,-0.6081824195948152,-0.3075461966866034
neural_fold0_seed29_easy,easy,support_difference,0.0,0.0,0.0
neural_fold0_seed29_easy,easy,total,-0.4600203299694914,-0.6081824195948152,-0.3075461966866034
neural_fold0_seed29_easy,easy,ranking_at_control_count,0.283754542045577,0.16754473218204213,0.38712929585468503
neural_fold0_seed29_easy,easy,ranking_at_treatment_count,0.10298545500265682,0.01464478487506483,0.18936427138161463
neural_fold0_seed29_easy,easy,coverage_with_treatment_ranking,-0.7437748720150683,-0.9372337542578439,-0.5129318409699728
neural_fold0_seed29_easy,easy,coverage_with_control_ranking,-0.5630057849721481,-0.7220491110557485,-0.39541490714476923
neural_fold0_seed29_easy,hard,full_total,-0.12655379332967145,-0.2500564093258521,-0.019504384212359862
neural_fold0_seed29_easy,hard,support_difference,0.0,0.0,0.0
neural_fold0_seed29_easy,hard,total,-0.12655379332967145,-0.2500564093258521,-0.019504384212359862
neural_fold0_seed29_easy,hard,ranking_at_control_count,-0.11474239955159787,-0.22776393008444568,-0.018815056553956447
neural_fold0_seed29_easy,hard,ranking_at_treatment_count,-0.10829058732612486,-0.2129888110757835,-0.014091907437409802
neural_fold0_seed29_easy,hard,coverage_with_treatment_ranking,-0.011811393778073605,-0.026190552426494085,-0.00024467246753624635
neural_fold0_seed29_easy,hard,coverage_with_control_ranking,-0.018263206003546615,-0.039955665331468514,-0.0024839987185538447
damping097_fold0_seed29_all,all,full_total,1.1594511474993785,0.8641129574873285,1.487577394243384
damping097_fold0_seed29_all,all,support_difference,0.0,0.0,0.0
damping097_fold0_seed29_all,all,total,1.1594511474993785,0.8641129574873285,1.487577394243384
damping097_fold0_seed29_all,all,ranking_at_control_count,0.6594970482709661,0.46813712226568593,0.8835287700202595
damping097_fold0_seed29_all,all,ranking_at_treatment_count,0.5399630221740834,0.39027743477818033,0.7335964460128259
damping097_fold0_seed29_all,all,coverage_with_treatment_ranking,0.49995409922841233,0.3650969971247194,0.6310236275231934
damping097_fold0_seed29_all,all,coverage_with_control_ranking,0.6194881253252948,0.44593004600345243,0.7740754893936718
damping097_fold0_seed29_all,easy,full_total,-0.28000633847488554,-0.6717238795710787,0.0023412014004461947
damping097_fold0_seed29_all,easy,support_difference,0.0,0.0,0.0
damping097_fold0_seed29_all,easy,total,-0.28000633847488554,-0.6717238795710787,0.0023412014004461947
damping097_fold0_seed29_all,easy,ranking_at_control_count,-0.023598674950960068,-0.21192570263244,0.11356052087289291
damping097_fold0_seed29_all,easy,ranking_at_treatment_count,0.02481511257986288,-0.043237846691912926,0.12083008530784535
damping097_fold0_seed29_all,easy,coverage_with_treatment_ranking,-0.2564076635239254,-0.499694394808758,-0.05722698544197682
damping097_fold0_seed29_all,easy,coverage_with_control_ranking,-0.3048214510547484,-0.6952757785248554,-0.009030113749185735
damping097_fold0_seed29_all,hard,full_total,1.4610607125436774,1.1394700073140591,1.8444066119669975
damping097_fold0_seed29_all,hard,support_difference,0.0,0.0,0.0
damping097_fold0_seed29_all,hard,total,1.4610607125436774,1.1394700073140591,1.8444066119669975
damping097_fold0_seed29_all,hard,ranking_at_control_count,0.8847664100056619,0.6441704995535041,1.1489514313367
damping097_fold0_seed29_all,hard,ranking_at_treatment_count,0.6127641235463137,0.339954181965114,0.8908860352179769
damping097_fold0_seed29_all,hard,coverage_with_treatment_ranking,0.5762943025380154,0.32885208149361744,0.7736334942265919
damping097_fold0_seed29_all,hard,coverage_with_control_ranking,0.8482965889973637,0.704342363183262,0.9876322206022959
damping097_fold0_seed29_easy,all,full_total,-0.19898547239233672,-0.27340950666009106,-0.12674327959407217
damping097_fold0_seed29_easy,all,support_difference,0.0,0.0,0.0
damping097_fold0_seed29_easy,all,total,-0.19898547239233672,-0.27340950666009106,-0.12674327959407217
damping097_fold0_seed29_easy,all,ranking_at_control_count,-0.0784838091736002,-0.12103601634885973,-0.043893836110948804
damping097_fold0_seed29_easy,all,ranking_at_treatment_count,-0.06581934433964468,-0.10262025510765123,-0.033620511661845626
damping097_fold0_seed29_easy,all,coverage_with_treatment_ranking,-0.12050166321873647,-0.1721183195860415,-0.07066555311205922
damping097_fold0_seed29_easy,all,coverage_with_control_ranking,-0.133166128052692,-0.17749241760768042,-0.08411951485989032
damping097_fold0_seed29_easy,easy,full_total,0.009446886846293955,-0.023048469431962943,0.04266950645701764
damping097_fold0_seed29_easy,easy,support_difference,0.0,0.0,0.0
damping097_fold0_seed29_easy,easy,total,0.009446886846293955,-0.023048469431962943,0.04266950645701764
damping097_fold0_seed29_easy,easy,ranking_at_control_count,0.010228371238701926,-0.011060433652677545,0.03376028824029342
damping097_fold0_seed29_easy,easy,ranking_at_treatment_count,0.01559160343216906,-0.007702972237843564,0.052504809546989654
damping097_fold0_seed29_easy,easy,coverage_with_treatment_ranking,-0.0007814843924079714,-0.021617452041791684,0.018806644066024083
damping097_fold0_seed29_easy,easy,coverage_with_control_ranking,-0.006144716585875103,-0.03224214644298518,0.02503934367662407
damping097_fold0_seed29_easy,hard,full_total,-0.20172425033058677,-0.27847464835498353,-0.13342897100591394
damping097_fold0_seed29_easy,hard,support_difference,0.0,0.0,0.0
damping097_fold0_seed29_easy,hard,total,-0.20172425033058677,-0.27847464835498353,-0.13342897100591394
damping097_fold0_seed29_easy,hard,ranking_at_control_count,-0.13193954304729255,-0.19040789170597083,-0.07900347387580982
damping097_fold0_seed29_easy,hard,ranking_at_treatment_count,-0.10598749666558993,-0.16267235052328782,-0.05176730357001049
damping097_fold0_seed29_easy,hard,coverage_with_treatment_ranking,-0.06978470728329422,-0.1128255591263585,-0.028868965600182987
damping097_fold0_seed29_easy,hard,coverage_with_control_ranking,-0.09573675366499683,-0.13413332941107564,-0.056261220661669394
neural_fold0_seed43_all,all,full_total,-0.22870243060746223,-0.4484716569037934,-0.01257802569624507
neural_fold0_seed43_all,all,support_difference,0.0,0.0,0.0
neural_fold0_seed43_all,all,total,-0.22870243060746223,-0.4484716569037934,-0.01257802569624507
neural_fold0_seed43_all,all,ranking_at_control_count,-0.08100354650592197,-0.18163797095015016,0.02802228029283443
neural_fold0_seed43_all,all,ranking_at_treatment_count,-0.06226961031318648,-0.1500582434226702,0.058079904040161695
neural_fold0_seed43_all,all,coverage_with_treatment_ranking,-0.14769888410154022,-0.30550107977128826,0.005920309061872675
neural_fold0_seed43_all,all,coverage_with_control_ranking,-0.16643282029427572,-0.3452508441641533,0.011838522366218159
neural_fold0_seed43_all,easy,full_total,-0.11291179927187614,-0.2538014039935811,0.08752315587958681
neural_fold0_seed43_all,easy,support_difference,0.0,0.0,0.0
neural_fold0_seed43_all,easy,total,-0.11291179927187614,-0.2538014039935811,0.08752315587958681
neural_fold0_seed43_all,easy,ranking_at_control_count,-0.08544881377966511,-0.23629655003693756,0.13089334814415773
neural_fold0_seed43_all,easy,ranking_at_treatment_count,-0.23847687212285018,-0.6290952545314764,0.09551137260050296
neural_fold0_seed43_all,easy,coverage_with_treatment_ranking,-0.02746298549221101,-0.06833703316409057,0.009879244116796157
neural_fold0_seed43_all,easy,coverage_with_control_ranking,0.12556507285097415,-0.04887342345295219,0.4370495823008502
neural_fold0_seed43_all,hard,full_total,-0.3325216292214339,-0.6284988860350705,-0.061106634076356844
neural_fold0_seed43_all,hard,support_difference,0.0,0.0,0.0
neural_fold0_seed43_all,hard,total,-0.3325216292214339,-0.6284988860350705,-0.061106634076356844
neural_fold0_seed43_all,hard,ranking_at_control_count,-0.08929045059286964,-0.2768439967447455,0.10248452724046332
neural_fold0_seed43_all,hard,ranking_at_treatment_count,-0.16246293738591006,-0.3392683721035991,0.016132937543814105
neural_fold0_seed43_all,hard,coverage_with_treatment_ranking,-0.24323117862856425,-0.46190550747680137,-0.028691232645213356
neural_fold0_seed43_all,hard,coverage_with_control_ranking,-0.17005869183552388,-0.4103415723785649,0.06955393000878135
neural_fold0_seed43_easy,all,full_total,-0.07713271037249955,-0.1715835250853419,-0.013144807377492684
neural_fold0_seed43_easy,all,support_difference,0.0,0.0,0.0
neural_fold0_seed43_easy,all,total,-0.07713271037249955,-0.1715835250853419,-0.013144807377492684
neural_fold0_seed43_easy,all,ranking_at_control_count,-0.0796655137417554,-0.17461033129543263,-0.019955803190094722
neural_fold0_seed43_easy,all,ranking_at_treatment_count,-0.07970078145619258,-0.17401328905496716,-0.020722115389738525
neural_fold0_seed43_easy,all,coverage_with_treatment_ranking,0.00253280336925585,-0.006150640560873006,0.010995924692065681
neural_fold0_seed43_easy,all,coverage_with_control_ranking,0.0025680710836930424,-0.006518979608838834,0.012463996157381597
neural_fold0_seed43_easy,easy,full_total,-0.12038891580783313,-0.267778020590776,0.05345139155371885
neural_fold0_seed43_easy,easy,support_difference,0.0,0.0,0.0
neural_fold0_seed43_easy,easy,total,-0.12038891580783313,-0.267778020590776,0.05345139155371885
neural_fold0_seed43_easy,easy,ranking_at_control_count,-0.20506477521028818,-0.3326131491106918,-0.05261241306674554
neural_fold0_seed43_easy,easy,ranking_at_treatment_count,-0.18617339482348874,-0.3236970616116949,-0.022584359236666317
neural_fold0_seed43_easy,easy,coverage_with_treatment_ranking,0.08467585940245505,-0.07051503230671363,0.27505235406650724
neural_fold0_seed43_easy,easy,coverage_with_control_ranking,0.06578447901565562,-0.04968696357726722,0.19549931434550644
neural_fold0_seed43_easy,hard,full_total,-0.08307170045543323,-0.1953682236003748,-0.010457798539676055
neural_fold0_seed43_easy,hard,support_difference,0.0,0.0,0.0
neural_fold0_seed43_easy,hard,total,-0.08307170045543323,-0.1953682236003748,-0.010457798539676055
neural_fold0_seed43_easy,hard,ranking_at_control_count,-0.08425052456558924,-0.19664688679589618,-0.011433960046573464
neural_fold0_seed43_easy,hard,ranking_at_treatment_count,-0.08257279697519924,-0.19636466885633472,-0.008900848318195485
neural_fold0_seed43_easy,hard,coverage_with_treatment_ranking,0.0011788241101560108,0.0003166795108825011,0.002079632883470888
neural_fold0_seed43_easy,hard,coverage_with_control_ranking,-0.0004989034802339782,-0.004698214286492541,0.002742379896821006
damping097_fold0_seed43_all,all,full_total,0.8900573569730656,0.6440656779343444,1.1241773384825338
damping097_fold0_seed43_all,all,support_difference,0.0,0.0,0.0
damping097_fold0_seed43_all,all,total,0.8900573569730656,0.6440656779343444,1.1241773384825338
damping097_fold0_seed43_all,all,ranking_at_control_count,0.5218977269047288,0.29290575791330015,0.7351426346679469
damping097_fold0_seed43_all,all,ranking_at_treatment_count,0.39081485929290516,0.14064768657784044,0.6058404214334413
damping097_fold0_seed43_all,all,coverage_with_treatment_ranking,0.3681596300683369,0.25412289121695647,0.48984664558229246
damping097_fold0_seed43_all,all,coverage_with_control_ranking,0.4992424976801606,0.37734969738288876,0.6376079445279168
damping097_fold0_seed43_all,easy,full_total,-0.4254541611715935,-0.9533855970669962,-0.07654377370846181
damping097_fold0_seed43_all,easy,support_difference,0.0,0.0,0.0
damping097_fold0_seed43_all,easy,total,-0.4254541611715935,-0.9533855970669962,-0.07654377370846181
damping097_fold0_seed43_all,easy,ranking_at_control_count,-0.002767611989682603,-0.27008870625948594,0.23383744483682103
damping097_fold0_seed43_all,easy,ranking_at_treatment_count,0.04153226125638046,-0.02405593628265556,0.10670211390838812
damping097_fold0_seed43_all,easy,coverage_with_treatment_ranking,-0.42268654918191084,-0.8038910512153649,-0.11376932549760609
damping097_fold0_seed43_all,easy,coverage_with_control_ranking,-0.46698642242797395,-1.0062137932831008,-0.0970893373101584
damping097_fold0_seed43_all,hard,full_total,1.0459943856161646,0.6698072724086387,1.3876042587554887
damping097_fold0_seed43_all,hard,support_difference,0.0,0.0,0.0
damping097_fold0_seed43_all,hard,total,1.0459943856161646,0.6698072724086387,1.3876042587554887
damping097_fold0_seed43_all,hard,ranking_at_control_count,0.647105489731665,0.40464835924164183,0.8905445903451787
damping097_fold0_seed43_all,hard,ranking_at_treatment_count,0.4307396577794035,0.08667789701827819,0.7257264718630053
damping097_fold0_seed43_all,hard,coverage_with_treatment_ranking,0.39888889588449944,0.1968138259811174,0.5764194335710082
damping097_fold0_seed43_all,hard,coverage_with_control_ranking,0.615254727836761,0.4767507916747356,0.7620457101550843
damping097_fold0_seed43_easy,all,full_total,-0.3240568872598684,-0.3994694129391804,-0.24937216590223568
damping097_fold0_seed43_easy,all,support_difference,0.0,0.0,0.0
damping097_fold0_seed43_easy,all,total,-0.3240568872598684,-0.3994694129391804,-0.24937216590223568
damping097_fold0_seed43_easy,all,ranking_at_control_count,-0.18725224660220396,-0.22023766690375182,-0.15045723960600332
damping097_fold0_seed43_easy,all,ranking_at_treatment_count,-0.15974101510991484,-0.22149030428167532,-0.11315771984083932
damping097_fold0_seed43_easy,all,coverage_with_treatment_ranking,-0.13680464065766446,-0.19483863155477021,-0.075209761362022
damping097_fold0_seed43_easy,all,coverage_with_control_ranking,-0.16431587214995363,-0.21607902531619194,-0.11022058309293493
damping097_fold0_seed43_easy,easy,full_total,0.05551878318583228,0.006291792076886508,0.1134754029037075
damping097_fold0_seed43_easy,easy,support_difference,0.0,0.0,0.0
damping097_fold0_seed43_easy,easy,total,0.05551878318583228,0.006291792076886508,0.1134754029037075
damping097_fold0_seed43_easy,easy,ranking_at_control_count,0.003481172303175793,-0.025340347104920054,0.030770565068948628
damping097_fold0_seed43_easy,easy,ranking_at_treatment_count,0.05561958427034609,0.0025211580806381254,0.11662128015982366
damping097_fold0_seed43_easy,easy,coverage_with_treatment_ranking,0.05203761088265648,0.014241021724147577,0.10334635710648299
damping097_fold0_seed43_easy,easy,coverage_with_control_ranking,-0.00010080108451380413,-0.014924748286003365,0.012763490043012107
damping097_fold0_seed43_easy,hard,full_total,-0.4393816018973418,-0.5726748945886908,-0.3174842951770518
damping097_fold0_seed43_easy,hard,support_difference,0.0,0.0,0.0
damping097_fold0_seed43_easy,hard,total,-0.4393816018973418,-0.5726748945886908,-0.3174842951770518
damping097_fold0_seed43_easy,hard,ranking_at_control_count,-0.3226137443421544,-0.46973890392237017,-0.21823423356171426
damping097_fold0_seed43_easy,hard,ranking_at_treatment_count,-0.28617831471825456,-0.4514425779604246,-0.16434704226627808
damping097_fold0_seed43_easy,hard,coverage_with_treatment_ranking,-0.11676785755518745,-0.17826969582827526,-0.06003994111739872
damping097_fold0_seed43_easy,hard,coverage_with_control_ranking,-0.15320328717908732,-0.22173260637459558,-0.0848388041441374
neural_fold1_seed17_all,all,full_total,0.7657400686648239,0.33721293020242565,1.2335262910201532
neural_fold1_seed17_all,all,support_difference,0.0,0.0,0.0
neural_fold1_seed17_all,all,total,0.7657400686648239,0.33721293020242565,1.2335262910201532
neural_fold1_seed17_all,all,ranking_at_control_count,0.20325011886092917,-0.035628789194958266,0.4653996751230012
neural_fold1_seed17_all,all,ranking_at_treatment_count,0.20679303487020312,-0.04647386512680036,0.45328876655054406
neural_fold1_seed17_all,all,coverage_with_treatment_ranking,0.5624899498038948,0.29060963452638705,0.8283870116479541
neural_fold1_seed17_all,all,coverage_with_control_ranking,0.5589470337946207,0.25805550119354315,0.8382819813485343
neural_fold1_seed17_all,easy,full_total,-0.7048799014122413,-1.0347927605983123,-0.37676024584193396
neural_fold1_seed17_all,easy,support_difference,0.0,0.0,0.0
neural_fold1_seed17_all,easy,total,-0.7048799014122413,-1.0347927605983123,-0.37676024584193396
neural_fold1_seed17_all,easy,ranking_at_control_count,-0.3480389431970511,-0.5424778296965935,-0.17151884139792872
neural_fold1_seed17_all,easy,ranking_at_treatment_count,-0.3826011005146499,-0.6124799962994857,-0.16356912783325672
neural_fold1_seed17_all,easy,coverage_with_treatment_ranking,-0.35684095821519013,-0.6426930758629641,-0.08822419229011516
neural_fold1_seed17_all,easy,coverage_with_control_ranking,-0.3222788008975913,-0.6090438309171057,-0.1048865503921711
neural_fold1_seed17_all,hard,full_total,1.0480780630616109,0.4610102116632728,1.6200344090369363
neural_fold1_seed17_all,hard,support_difference,0.0,0.0,0.0
neural_fold1_seed17_all,hard,total,1.0480780630616109,0.4610102116632728,1.6200344090369363
neural_fold1_seed17_all,hard,ranking_at_control_count,0.5646629882981542,0.23782701714944984,0.8686123737285765
neural_fold1_seed17_all,hard,ranking_at_treatment_count,0.5673784472163172,0.233687691943093,0.8696777654042753
neural_fold1_seed17_all,hard,coverage_with_treatment_ranking,0.48341507476345646,0.1697536398009438,0.8067796456791004
neural_fold1_seed17_all,hard,coverage_with_control_ranking,0.4806996158452935,0.19810960178752374,0.7851400843216259
neural_fold1_seed17_easy,all,full_total,-0.07225246597930113,-0.14502474728802267,-0.006927243571341996
neural_fold1_seed17_easy,all,support_difference,0.0,0.0,0.0
neural_fold1_seed17_easy,all,total,-0.07225246597930113,-0.14502474728802267,-0.006927243571341996
neural_fold1_seed17_easy,all,ranking_at_control_count,-0.04853665575456734,-0.10094618531242969,0.0035522288557448406
neural_fold1_seed17_easy,all,ranking_at_treatment_count,-0.05803118055055353,-0.09973605504552914,-0.016986898704959494
neural_fold1_seed17_easy,all,coverage_with_treatment_ranking,-0.023715810224733784,-0.052229169481459364,0.002633006331995696
neural_fold1_seed17_easy,all,coverage_with_control_ranking,-0.014221285428747581,-0.05496317850866376,0.020722732080722752
neural_fold1_seed17_easy,easy,full_total,-0.06397842622373384,-0.2894015817419975,0.13797349078261226
neural_fold1_seed17_easy,easy,support_difference,0.0,0.0,0.0
neural_fold1_seed17_easy,easy,total,-0.06397842622373384,-0.2894015817419975,0.13797349078261226
neural_fold1_seed17_easy,easy,ranking_at_control_count,0.09002686173584383,-0.16432231728851782,0.3694695892930658
neural_fold1_seed17_easy,easy,ranking_at_treatment_count,0.1169711866460967,-0.10980349918434663,0.3486781387372446
neural_fold1_seed17_easy,easy,coverage_with_treatment_ranking,-0.15400528795957769,-0.5331216549458165,0.22485338441206187
neural_fold1_seed17_easy,easy,coverage_with_control_ranking,-0.1809496128698305,-0.5163752876694176,0.15783829970387972
neural_fold1_seed17_easy,hard,full_total,-0.04394316333209514,-0.12031258985244925,0.02246556310884627
neural_fold1_seed17_easy,hard,support_difference,0.0,0.0,0.0
neural_fold1_seed17_easy,hard,total,-0.04394316333209514,-0.12031258985244925,0.02246556310884627
neural_fold1_seed17_easy,hard,ranking_at_control_count,-0.04093251405460551,-0.1112128755415798,0.022036325352941876
neural_fold1_seed17_easy,hard,ranking_at_treatment_count,-0.040434687543641934,-0.10074165968999454,0.02023529940916434
neural_fold1_seed17_easy,hard,coverage_with_treatment_ranking,-0.003010649277489636,-0.009676878258875117,0.000708335988366663
neural_fold1_seed17_easy,hard,coverage_with_control_ranking,-0.003508475788453213,-0.02620968053690186,0.013438095920349998
damping097_fold1_seed17_all,all,full_total,0.695091192054593,0.5350336569620494,0.8620533392686861
damping097_fold1_seed17_all,all,support_difference,0.0,0.0,0.0
damping097_fold1_seed17_all,all,total,0.695091192054593,0.5350336569620494,0.8620533392686861
damping097_fold1_seed17_all,all,ranking_at_control_count,0.4446414267878094,0.2936537483990646,0.6117609755181681
damping097_fold1_seed17_all,all,ranking_at_treatment_count,0.4034758285083144,0.2549512020326989,0.546748518798402
damping097_fold1_seed17_all,all,coverage_with_treatment_ranking,0.2504497652667838,0.16877061132386142,0.36920615795738004
damping097_fold1_seed17_all,all,coverage_with_control_ranking,0.29161536354627865,0.1949130908633537,0.4013465481429292
damping097_fold1_seed17_all,easy,full_total,-0.11719277689292995,-0.388554157040068,0.1066118713451128
damping097_fold1_seed17_all,easy,support_difference,0.0,0.0,0.0
damping097_fold1_seed17_all,easy,total,-0.11719277689292995,-0.388554157040068,0.1066118713451128
damping097_fold1_seed17_all,easy,ranking_at_control_count,-0.01406000224401581,-0.1600969086774169,0.11676999365164413
damping097_fold1_seed17_all,easy,ranking_at_treatment_count,-0.0878178290695922,-0.359574381365876,0.10250217605128763
damping097_fold1_seed17_all,easy,coverage_with_treatment_ranking,-0.10313277464891414,-0.24493364183051305,0.01944562177874604
damping097_fold1_seed17_all,easy,coverage_with_control_ranking,-0.02937494782333775,-0.11677908320579503,0.04482531532714764
damping097_fold1_seed17_all,hard,full_total,1.009789829650313,0.7206780001700589,1.2839839760864287
damping097_fold1_seed17_all,hard,support_difference,0.0,0.0,0.0
damping097_fold1_seed17_all,hard,total,1.009789829650313,0.7206780001700589,1.2839839760864287
damping097_fold1_seed17_all,hard,ranking_at_control_count,0.6388481511016435,0.42258021278338204,0.8698768601026895
damping097_fold1_seed17_all,hard,ranking_at_treatment_count,0.3933192721641273,-0.1980317656467104,0.765804250303943
damping097_fold1_seed17_all,hard,coverage_with_treatment_ranking,0.3709416785486694,0.21184728908500494,0.5802730558282237
damping097_fold1_seed17_all,hard,coverage_with_control_ranking,0.6164705574861857,0.3008069065949559,1.028880417363404
damping097_fold1_seed17_easy,all,full_total,-1.206496953733466,-1.4655585228473211,-0.9785638342707061
damping097_fold1_seed17_easy,all,support_difference,0.0,0.0,0.0
damping097_fold1_seed17_easy,all,total,-1.206496953733466,-1.4655585228473211,-0.9785638342707061
damping097_fold1_seed17_easy,all,ranking_at_control_count,0.02559449442787764,-0.12310006892113406,0.2032619276955366
damping097_fold1_seed17_easy,all,ranking_at_treatment_count,-0.07238780506236184,-0.11886182719759218,-0.030734638135169773
damping097_fold1_seed17_easy,all,coverage_with_treatment_ranking,-1.2320914481613436,-1.455807838152558,-0.9955153243430721
damping097_fold1_seed17_easy,all,coverage_with_control_ranking,-1.1341091486711044,-1.3692417789484197,-0.9177018548685901
damping097_fold1_seed17_easy,easy,full_total,0.5343680977504974,0.17911338139643057,0.9242643459099615
damping097_fold1_seed17_easy,easy,support_difference,0.0,0.0,0.0
damping097_fold1_seed17_easy,easy,total,0.5343680977504974,0.17911338139643057,0.9242643459099615
damping097_fold1_seed17_easy,easy,ranking_at_control_count,-0.01488084575763838,-0.0546597645612362,0.02408064440475099
damping097_fold1_seed17_easy,easy,ranking_at_treatment_count,0.0580879790612196,-0.006537406305558567,0.13886370521116417
damping097_fold1_seed17_easy,easy,coverage_with_treatment_ranking,0.5492489435081357,0.22091128166573634,0.9019987958110288
damping097_fold1_seed17_easy,easy,coverage_with_control_ranking,0.4762801186892777,0.11216739928590377,0.8988422173672928
damping097_fold1_seed17_easy,hard,full_total,-1.560032863809944,-2.2992469582345736,-1.0262046208726203
damping097_fold1_seed17_easy,hard,support_difference,0.0,0.0,0.0
damping097_fold1_seed17_easy,hard,total,-1.560032863809944,-2.2992469582345736,-1.0262046208726203
damping097_fold1_seed17_easy,hard,ranking_at_control_count,-0.04905750418679615,-0.18012950548753767,0.11897950640225834
damping097_fold1_seed17_easy,hard,ranking_at_treatment_count,-0.08028468204999537,-0.13952286450660786,-0.03125053099476409
damping097_fold1_seed17_easy,hard,coverage_with_treatment_ranking,-1.5109753596231479,-2.295081541131428,-0.9347302686459321
damping097_fold1_seed17_easy,hard,coverage_with_control_ranking,-1.4797481817599487,-2.2265686993394653,-0.9618117436538863
neural_fold1_seed29_all,all,full_total,0.7933621223211473,0.28324137206975,1.2386239034352826
neural_fold1_seed29_all,all,support_difference,0.0,0.0,0.0
neural_fold1_seed29_all,all,total,0.7933621223211473,0.28324137206975,1.2386239034352826
neural_fold1_seed29_all,all,ranking_at_control_count,0.27952108508352724,-0.1429913443964453,0.6309947406524915
neural_fold1_seed29_all,all,ranking_at_treatment_count,0.3865433000507965,0.11152844432751927,0.6295473342417497
neural_fold1_seed29_all,all,coverage_with_treatment_ranking,0.5138410372376202,0.39624828129458844,0.6432277842877371
neural_fold1_seed29_all,all,coverage_with_control_ranking,0.4068188222703509,0.1741651621196965,0.6302391829987543
neural_fold1_seed29_all,easy,full_total,-0.7479618674431835,-1.1995480437813264,-0.3462382804892014
neural_fold1_seed29_all,easy,support_difference,0.0,0.0,0.0
neural_fold1_seed29_all,easy,total,-0.7479618674431835,-1.1995480437813264,-0.3462382804892014
neural_fold1_seed29_all,easy,ranking_at_control_count,-0.5931483347293858,-0.9187817189788748,-0.2924531715470561
neural_fold1_seed29_all,easy,ranking_at_treatment_count,-0.4922327222641419,-0.8741424755668679,-0.20097420722386003
neural_fold1_seed29_all,easy,coverage_with_treatment_ranking,-0.1548135327137976,-0.3505861013597031,-0.0021662738910526815
neural_fold1_seed29_all,easy,coverage_with_control_ranking,-0.25572914517904155,-0.49949316296280966,-0.06293740541815743
neural_fold1_seed29_all,hard,full_total,1.2132218743091818,0.7168004063906203,1.7009741741493316
neural_fold1_seed29_all,hard,support_difference,0.0,0.0,0.0
neural_fold1_seed29_all,hard,total,1.2132218743091818,0.7168004063906203,1.7009741741493316
neural_fold1_seed29_all,hard,ranking_at_control_count,0.6083630432847903,0.06950338799871607,1.0692708227698797
neural_fold1_seed29_all,hard,ranking_at_treatment_count,0.8316189486075588,0.4684593763866545,1.1503877876801023
neural_fold1_seed29_all,hard,coverage_with_treatment_ranking,0.6048588310243915,0.4191007210931852,0.8049737398884035
neural_fold1_seed29_all,hard,coverage_with_control_ranking,0.3816029257016231,0.18959134622472645,0.603350962237945
neural_fold1_seed29_easy,all,full_total,-0.10128367830198517,-0.3694854660672503,0.1444720579309941
neural_fold1_seed29_easy,all,support_difference,0.0,0.0,0.0
neural_fold1_seed29_easy,all,total,-0.10128367830198517,-0.3694854660672503,0.1444720579309941
neural_fold1_seed29_easy,all,ranking_at_control_count,-0.04715518021134511,-0.2512835572870456,0.18808286406146912
neural_fold1_seed29_easy,all,ranking_at_treatment_count,-0.10236211253902108,-0.2384888973369893,0.00942826890140156
neural_fold1_seed29_easy,all,coverage_with_treatment_ranking,-0.05412849809064006,-0.14259477883943242,0.00891445939453285
neural_fold1_seed29_easy,all,coverage_with_control_ranking,0.0010784342370359287,-0.13630988928350357,0.15210656318215676
neural_fold1_seed29_easy,easy,full_total,0.5070296933376399,0.06912832879795379,0.9288085141625323
neural_fold1_seed29_easy,easy,support_difference,0.0,0.0,0.0
neural_fold1_seed29_easy,easy,total,0.5070296933376399,0.06912832879795379,0.9288085141625323
neural_fold1_seed29_easy,easy,ranking_at_control_count,0.5961843140856664,0.23388657578667332,1.0575289271470936
neural_fold1_seed29_easy,easy,ranking_at_treatment_count,0.5874373383203269,0.25003130244166083,1.0220127385348474
neural_fold1_seed29_easy,easy,coverage_with_treatment_ranking,-0.0891546207480264,-0.4730588758319823,0.2543312276347426
neural_fold1_seed29_easy,easy,coverage_with_control_ranking,-0.08040764498268684,-0.4457143373032611,0.24468297184162294
neural_fold1_seed29_easy,hard,full_total,-0.19668148119251905,-0.4396983053777379,-0.023679141022714508
neural_fold1_seed29_easy,hard,support_difference,0.0,0.0,0.0
neural_fold1_seed29_easy,hard,total,-0.19668148119251905,-0.4396983053777379,-0.023679141022714508
neural_fold1_seed29_easy,hard,ranking_at_control_count,-0.18655903415596733,-0.4156573932231954,-0.021852022757182035
neural_fold1_seed29_easy,hard,ranking_at_treatment_count,-0.14867839814661768,-0.3191264522784673,-0.021406630558021195
neural_fold1_seed29_easy,hard,coverage_with_treatment_ranking,-0.0101224470365517,-0.0248670803734673,-0.00042815334144363033
neural_fold1_seed29_easy,hard,coverage_with_control_ranking,-0.04800308304590136,-0.12367544945091706,-0.0012790982047674263
damping097_fold1_seed29_all,all,full_total,0.5104630366107055,0.36363448404998855,0.640136454950001
damping097_fold1_seed29_all,all,support_difference,0.0,0.0,0.0
damping097_fold1_seed29_all,all,total,0.5104630366107055,0.36363448404998855,0.640136454950001
damping097_fold1_seed29_all,all,ranking_at_control_count,0.3149821197146966,0.14146790603400927,0.4323835999471743
damping097_fold1_seed29_all,all,ranking_at_treatment_count,0.32957625799497914,0.2085983266045017,0.42302545709043826
damping097_fold1_seed29_all,all,coverage_with_treatment_ranking,0.19548091689600897,0.12133515999047545,0.26992504374603876
damping097_fold1_seed29_all,all,coverage_with_control_ranking,0.18088677861572644,0.1282035671906525,0.23570162811742287
damping097_fold1_seed29_all,easy,full_total,-0.023118307915526125,-0.11591091798747521,0.058344547830295565
damping097_fold1_seed29_all,easy,support_difference,0.0,0.0,0.0
damping097_fold1_seed29_all,easy,total,-0.023118307915526125,-0.11591091798747521,0.058344547830295565
damping097_fold1_seed29_all,easy,ranking_at_control_count,0.016845747104930125,-0.026091681003678566,0.06541905395516728
damping097_fold1_seed29_all,easy,ranking_at_treatment_count,0.06929217036008462,-0.015045628342749369,0.2184886074455051
damping097_fold1_seed29_all,easy,coverage_with_treatment_ranking,-0.039964055020456246,-0.10357636461868645,0.003038441214151557
damping097_fold1_seed29_all,easy,coverage_with_control_ranking,-0.09241047827561073,-0.20998141879151624,0.005086193645579277
damping097_fold1_seed29_all,hard,full_total,0.9972396085395567,0.5852043124293612,1.5341248420106421
damping097_fold1_seed29_all,hard,support_difference,0.0,0.0,0.0
damping097_fold1_seed29_all,hard,total,0.9972396085395567,0.5852043124293612,1.5341248420106421
damping097_fold1_seed29_all,hard,ranking_at_control_count,0.620611083853951,0.28113713662906437,0.9819172698533333
damping097_fold1_seed29_all,hard,ranking_at_treatment_count,0.6163095478883274,0.3735190034156701,0.9282147901834924
damping097_fold1_seed29_all,hard,coverage_with_treatment_ranking,0.3766285246856057,0.18855785611498907,0.6068506008009583
damping097_fold1_seed29_all,hard,coverage_with_control_ranking,0.3809300606512295,0.1922552709662827,0.6164418235376207
damping097_fold1_seed29_easy,all,full_total,-0.9868792818876962,-1.3450431410945234,-0.5720494782505229
damping097_fold1_seed29_easy,all,support_difference,0.0,0.0,0.0
damping097_fold1_seed29_easy,all,total,-0.9868792818876962,-1.3450431410945234,-0.5720494782505229
damping097_fold1_seed29_easy,all,ranking_at_control_count,-0.13110046684614732,-0.30327195477631586,0.00134290179742848
damping097_fold1_seed29_easy,all,ranking_at_treatment_count,-0.03238886618365456,-0.11106590213951409,0.03690456971269956
damping097_fold1_seed29_easy,all,coverage_with_treatment_ranking,-0.8557788150415488,-1.1499239852494798,-0.5284236344718274
damping097_fold1_seed29_easy,all,coverage_with_control_ranking,-0.9544904157040416,-1.2490314911490574,-0.5981074640665982
damping097_fold1_seed29_easy,easy,full_total,0.72922223039432,0.09790210073610199,1.640182076029417
damping097_fold1_seed29_easy,easy,support_difference,0.0,0.0,0.0
damping097_fold1_seed29_easy,easy,total,0.72922223039432,0.09790210073610199,1.640182076029417
damping097_fold1_seed29_easy,easy,ranking_at_control_count,0.09928465193456498,-0.005529263031864675,0.2696413212431316
damping097_fold1_seed29_easy,easy,ranking_at_treatment_count,0.08475874027199537,0.01139447772890577,0.18669786106168057
damping097_fold1_seed29_easy,easy,coverage_with_treatment_ranking,0.6299375784597551,0.07893927271005062,1.382014547450217
damping097_fold1_seed29_easy,easy,coverage_with_control_ranking,0.6444634901223247,0.05237698333606272,1.4654381671099572
damping097_fold1_seed29_easy,hard,full_total,-1.5664505813303025,-2.405082444660983,-0.9612535533358924
damping097_fold1_seed29_easy,hard,support_difference,0.0,0.0,0.0
damping097_fold1_seed29_easy,hard,total,-1.5664505813303025,-2.405082444660983,-0.9612535533358924
damping097_fold1_seed29_easy,hard,ranking_at_control_count,-0.31537503546085643,-0.5266289052473174,-0.11703590193464258
damping097_fold1_seed29_easy,hard,ranking_at_treatment_count,-0.020748524688229773,-0.13684545643353063,0.10883676652606371
damping097_fold1_seed29_easy,hard,coverage_with_treatment_ranking,-1.2510755458694458,-1.9868391752237655,-0.7345470123258945
damping097_fold1_seed29_easy,hard,coverage_with_control_ranking,-1.5457020566420725,-2.4577396423361666,-0.9357439164146357
neural_fold1_seed43_all,all,full_total,0.5198801759663629,0.11714551838175599,0.9212616620969676
neural_fold1_seed43_all,all,support_difference,0.0,0.0,0.0
neural_fold1_seed43_all,all,total,0.5198801759663629,0.11714551838175599,0.9212616620969676
neural_fold1_seed43_all,all,ranking_at_control_count,0.41869460617345444,0.15457516786745715,0.7327918171097129
neural_fold1_seed43_all,all,ranking_at_treatment_count,0.3550345964111522,0.09247909405897008,0.6495955139956477
neural_fold1_seed43_all,all,coverage_with_treatment_ranking,0.10118556979290852,-0.1285466678818105,0.33393547044059957
neural_fold1_seed43_all,all,coverage_with_control_ranking,0.1648455795552107,-0.08765182002576113,0.41134253062234755
neural_fold1_seed43_all,easy,full_total,-0.18646758537610633,-0.3905247592487704,0.007424511040831308
neural_fold1_seed43_all,easy,support_difference,0.0,0.0,0.0
neural_fold1_seed43_all,easy,total,-0.18646758537610633,-0.3905247592487704,0.007424511040831308
neural_fold1_seed43_all,easy,ranking_at_control_count,-0.28060190356812076,-0.5141174754046034,-0.08219866777308522
neural_fold1_seed43_all,easy,ranking_at_treatment_count,-0.22948093102531303,-0.5147802022979318,0.002179152150801703
neural_fold1_seed43_all,easy,coverage_with_treatment_ranking,0.09413431819201441,-0.1131466543238078,0.31780988919810227
neural_fold1_seed43_all,easy,coverage_with_control_ranking,0.0430133456492067,-0.1324047304488224,0.2888912458961901
neural_fold1_seed43_all,hard,full_total,0.8216019889235742,0.3968037274457739,1.2763342102421067
neural_fold1_seed43_all,hard,support_difference,0.0,0.0,0.0
neural_fold1_seed43_all,hard,total,0.8216019889235742,0.3968037274457739,1.2763342102421067
neural_fold1_seed43_all,hard,ranking_at_control_count,0.7851009249545964,0.4099127459664141,1.1879300651959117
neural_fold1_seed43_all,hard,ranking_at_treatment_count,0.7375943598953798,0.3952389807953169,1.0906694110736004
neural_fold1_seed43_all,hard,coverage_with_treatment_ranking,0.03650106396897779,-0.16151561172493545,0.22263280742458297
neural_fold1_seed43_all,hard,coverage_with_control_ranking,0.08400762902819435,-0.1407317180948859,0.2990147522996812
neural_fold1_seed43_easy,all,full_total,-0.07011493797029661,-0.3184321677910366,0.1616117842986522
neural_fold1_seed43_easy,all,support_difference,0.0,0.0,0.0
neural_fold1_seed43_easy,all,total,-0.07011493797029661,-0.3184321677910366,0.1616117842986522
neural_fold1_seed43_easy,all,ranking_at_control_count,0.036442159453682024,-0.153307631446696,0.21069704865817376
neural_fold1_seed43_easy,all,ranking_at_treatment_count,-0.06139275175417907,-0.21313435746778,0.07216659825625815
neural_fold1_seed43_easy,all,coverage_with_treatment_ranking,-0.1065570974239786,-0.23579874221037186,-0.018967719835335815
neural_fold1_seed43_easy,all,coverage_with_control_ranking,-0.008722186216117554,-0.12773729570517778,0.12964642365774298
neural_fold1_seed43_easy,easy,full_total,-0.07164563485176303,-0.33232456409467104,0.22568142644188818
neural_fold1_seed43_easy,easy,support_difference,0.0,0.0,0.0
neural_fold1_seed43_easy,easy,total,-0.07164563485176303,-0.33232456409467104,0.22568142644188818
neural_fold1_seed43_easy,easy,ranking_at_control_count,0.45810205577514584,0.21904124786184503,0.7197728039350807
neural_fold1_seed43_easy,easy,ranking_at_treatment_count,0.23955295775014726,0.05254461099293693,0.46354346936946245
neural_fold1_seed43_easy,easy,coverage_with_treatment_ranking,-0.5297476906269089,-0.7832712774733435,-0.309079981402027
neural_fold1_seed43_easy,easy,coverage_with_control_ranking,-0.3111985926019103,-0.6287467044824905,0.08675890712355734
neural_fold1_seed43_easy,hard,full_total,-0.15357062077205508,-0.4022145949325016,0.02193045308498089
neural_fold1_seed43_easy,hard,support_difference,0.0,0.0,0.0
neural_fold1_seed43_easy,hard,total,-0.15357062077205508,-0.4022145949325016,0.02193045308498089
neural_fold1_seed43_easy,hard,ranking_at_control_count,-0.05173869997145498,-0.2915066951466477,0.11145105680974125
neural_fold1_seed43_easy,hard,ranking_at_treatment_count,-0.13939900732189137,-0.34057510366879284,0.007149862294494957
neural_fold1_seed43_easy,hard,coverage_with_treatment_ranking,-0.10183192080060008,-0.2606919139792149,-0.005454134085754615
neural_fold1_seed43_easy,hard,coverage_with_control_ranking,-0.01417161345016372,-0.072054058877891,0.04029956564729933
damping097_fold1_seed43_all,all,full_total,0.7427772638936148,0.4146697110930111,1.2005196799647466
damping097_fold1_seed43_all,all,support_difference,0.0,0.0,0.0
damping097_fold1_seed43_all,all,total,0.7427772638936148,0.4146697110930111,1.2005196799647466
damping097_fold1_seed43_all,all,ranking_at_control_count,0.536540714557854,0.3971413954478906,0.6766051014970955
damping097_fold1_seed43_all,all,ranking_at_treatment_count,0.5857319538717545,0.4297598246203307,0.7767817437802638
damping097_fold1_seed43_all,all,coverage_with_treatment_ranking,0.20623654933576072,-0.03147063821546384,0.606292509832298
damping097_fold1_seed43_all,all,coverage_with_control_ranking,0.1570453100218603,-0.015869947756257403,0.42838200407427657
damping097_fold1_seed43_all,easy,full_total,0.023309712094287525,-0.009682006501171209,0.059725968023695154
damping097_fold1_seed43_all,easy,support_difference,0.0,0.0,0.0
damping097_fold1_seed43_all,easy,total,0.023309712094287525,-0.009682006501171209,0.059725968023695154
damping097_fold1_seed43_all,easy,ranking_at_control_count,0.1862304519299212,-0.015343420774953024,0.5506778251548361
damping097_fold1_seed43_all,easy,ranking_at_treatment_count,0.14646349873559605,-0.00641273709241105,0.42175663143161757
damping097_fold1_seed43_all,easy,coverage_with_treatment_ranking,-0.1629207398356337,-0.49432132069644197,0.009775826237965846
damping097_fold1_seed43_all,easy,coverage_with_control_ranking,-0.12315378664130854,-0.3640128150229732,0.0
damping097_fold1_seed43_all,hard,full_total,1.3008173479253875,0.6681057929931837,2.0945699023785203
damping097_fold1_seed43_all,hard,support_difference,0.0,0.0,0.0
damping097_fold1_seed43_all,hard,total,1.3008173479253875,0.6681057929931837,2.0945699023785203
damping097_fold1_seed43_all,hard,ranking_at_control_count,0.7440420525989153,0.5891571351302324,0.9002414590646172
damping097_fold1_seed43_all,hard,ranking_at_treatment_count,0.9430703573319028,0.653620158266119,1.287135262893208
damping097_fold1_seed43_all,hard,coverage_with_treatment_ranking,0.5567752953264722,0.020394129169463496,1.2460257576289397
damping097_fold1_seed43_all,hard,coverage_with_control_ranking,0.35774699059348475,0.008788131373643086,0.8390290390758179
damping097_fold1_seed43_easy,all,full_total,-1.5024680892482858,-1.8644998693020314,-1.18066109185177
damping097_fold1_seed43_easy,all,support_difference,0.0,0.0,0.0
damping097_fold1_seed43_easy,all,total,-1.5024680892482858,-1.8644998693020314,-1.18066109185177
damping097_fold1_seed43_easy,all,ranking_at_control_count,-0.18747480275860096,-0.35762292308765026,-0.020050766695591384
damping097_fold1_seed43_easy,all,ranking_at_treatment_count,-0.07679322950954921,-0.19748193163363184,0.04910353438649902
damping097_fold1_seed43_easy,all,coverage_with_treatment_ranking,-1.3149932864896847,-1.6369498773531646,-1.0217999733942282
damping097_fold1_seed43_easy,all,coverage_with_control_ranking,-1.4256748597387365,-1.696015793143439,-1.1827728363609482
damping097_fold1_seed43_easy,easy,full_total,0.7908582341717342,0.16803105355344047,1.583605274318618
damping097_fold1_seed43_easy,easy,support_difference,0.0,0.0,0.0
damping097_fold1_seed43_easy,easy,total,0.7908582341717342,0.16803105355344047,1.583605274318618
damping097_fold1_seed43_easy,easy,ranking_at_control_count,-0.07480934469002146,-0.10409359046246518,-0.04392428422810405
damping097_fold1_seed43_easy,easy,ranking_at_treatment_count,0.057088845319294965,-0.04379125310574586,0.19991465517025958
damping097_fold1_seed43_easy,easy,coverage_with_treatment_ranking,0.8656675788617557,0.22988767826889667,1.6682198647602982
damping097_fold1_seed43_easy,easy,coverage_with_control_ranking,0.7337693888524391,0.14597582012683624,1.4488105522420824
damping097_fold1_seed43_easy,hard,full_total,-2.158982371291545,-2.9388927009760035,-1.5612890869874854
damping097_fold1_seed43_easy,hard,support_difference,0.0,0.0,0.0
damping097_fold1_seed43_easy,hard,total,-2.158982371291545,-2.9388927009760035,-1.5612890869874854
damping097_fold1_seed43_easy,hard,ranking_at_control_count,-0.5522025710216638,-1.0535143193982974,-0.18145984861321207
damping097_fold1_seed43_easy,hard,ranking_at_treatment_count,-0.18623761704676253,-0.31885612674472524,-0.06729062770602441
damping097_fold1_seed43_easy,hard,coverage_with_treatment_ranking,-1.6067798002698814,-1.9591186868627404,-1.25849031647325
damping097_fold1_seed43_easy,hard,coverage_with_control_ranking,-1.9727447542447825,-2.7988310486002947,-1.3882943796113454
neural_fold2_seed17_all,all,full_total,-0.3368543128766926,-0.5472798071535457,-0.13505484962083864
neural_fold2_seed17_all,all,support_difference,0.0,0.0,0.0
neural_fold2_seed17_all,all,total,-0.3368543128766926,-0.5472798071535457,-0.13505484962083864
neural_fold2_seed17_all,all,ranking_at_control_count,-0.4111158000699352,-0.6184115210179867,-0.2271815551272265
neural_fold2_seed17_all,all,ranking_at_treatment_count,-0.4072242021679794,-0.6118468910779394,-0.21013512664462414
neural_fold2_seed17_all,all,coverage_with_treatment_ranking,0.07426148719324263,0.026192449710669904,0.12532905855006543
neural_fold2_seed17_all,all,coverage_with_control_ranking,0.07036988929128676,0.040397070084463665,0.09755054241973987
neural_fold2_seed17_all,easy,full_total,0.45182146810983737,0.06264888382445033,0.943945199925489
neural_fold2_seed17_all,easy,support_difference,0.0,0.0,0.0
neural_fold2_seed17_all,easy,total,0.45182146810983737,0.06264888382445033,0.943945199925489
neural_fold2_seed17_all,easy,ranking_at_control_count,0.18672782613044983,-0.04862032180883459,0.4349982851034555
neural_fold2_seed17_all,easy,ranking_at_treatment_count,0.2787782308668654,0.03098304412661477,0.5459753393524797
neural_fold2_seed17_all,easy,coverage_with_treatment_ranking,0.2650936419793876,0.008040344554499,0.592344263595549
neural_fold2_seed17_all,easy,coverage_with_control_ranking,0.17304323724297205,-0.12075648279839817,0.5165019019531495
neural_fold2_seed17_all,hard,full_total,-0.4392783976382977,-0.6979094402529626,-0.20736939885488517
neural_fold2_seed17_all,hard,support_difference,0.0,0.0,0.0
neural_fold2_seed17_all,hard,total,-0.4392783976382977,-0.6979094402529626,-0.20736939885488517
neural_fold2_seed17_all,hard,ranking_at_control_count,-0.5055894841154062,-0.7551853933393505,-0.2819184681719247
neural_fold2_seed17_all,hard,ranking_at_treatment_count,-0.5090331086328084,-0.7619142535822736,-0.2669602256924269
neural_fold2_seed17_all,hard,coverage_with_treatment_ranking,0.06631108647710844,0.01445187838972594,0.11969444697851359
neural_fold2_seed17_all,hard,coverage_with_control_ranking,0.06975471099451075,0.021081559634146825,0.1109924986547764
neural_fold2_seed17_easy,all,full_total,0.02914305888561704,-0.012653557657798669,0.10480925995154755
neural_fold2_seed17_easy,all,support_difference,0.0,0.0,0.0
neural_fold2_seed17_easy,all,total,0.02914305888561704,-0.012653557657798669,0.10480925995154755
neural_fold2_seed17_easy,all,ranking_at_control_count,0.030419983098459873,-0.012787236508003069,0.10910404706577152
neural_fold2_seed17_easy,all,ranking_at_treatment_count,0.046439301858915136,-0.012489851431807503,0.15634902484814756
neural_fold2_seed17_easy,all,coverage_with_treatment_ranking,-0.0012769242128428345,-0.004787532847548806,0.0011087054382325943
neural_fold2_seed17_easy,all,coverage_with_control_ranking,-0.017296242973298098,-0.05160404796039136,-4.9994786594110765e-05
neural_fold2_seed17_easy,easy,full_total,-0.09842735295681154,-0.24457578939658542,0.0021938434022535373
neural_fold2_seed17_easy,easy,support_difference,0.0,0.0,0.0
neural_fold2_seed17_easy,easy,total,-0.09842735295681154,-0.24457578939658542,0.0021938434022535373
neural_fold2_seed17_easy,easy,ranking_at_control_count,-0.06665434320235017,-0.14531736059419625,0.0017658273890014215
neural_fold2_seed17_easy,easy,ranking_at_treatment_count,-0.05644667400428916,-0.13508917710981724,0.006037951847959166
neural_fold2_seed17_easy,easy,coverage_with_treatment_ranking,-0.03177300975446139,-0.10397685761448783,0.008457376290519562
neural_fold2_seed17_easy,easy,coverage_with_control_ranking,-0.04198067895252239,-0.11033577692456889,0.0018265258963973024
neural_fold2_seed17_easy,hard,full_total,0.037543190451676464,-0.008606324396791156,0.12037153599022624
neural_fold2_seed17_easy,hard,support_difference,0.0,0.0,0.0
neural_fold2_seed17_easy,hard,total,0.037543190451676464,-0.008606324396791156,0.12037153599022624
neural_fold2_seed17_easy,hard,ranking_at_control_count,0.03760183547983788,-0.008447198633390307,0.12041337169730426
neural_fold2_seed17_easy,hard,ranking_at_treatment_count,0.037543190451676464,-0.008606324396791156,0.12037153599022624
neural_fold2_seed17_easy,hard,coverage_with_treatment_ranking,-5.8645028161410803e-05,-0.0001759350844842324,0.0
neural_fold2_seed17_easy,hard,coverage_with_control_ranking,0.0,0.0,0.0
damping097_fold2_seed17_all,all,full_total,0.694056175284846,0.46928166450008457,0.9328424080981276
damping097_fold2_seed17_all,all,support_difference,0.0,0.0,0.0
damping097_fold2_seed17_all,all,total,0.694056175284846,0.46928166450008457,0.9328424080981276
damping097_fold2_seed17_all,all,ranking_at_control_count,0.3207453713184618,0.2040660907897349,0.4496986034461656
damping097_fold2_seed17_all,all,ranking_at_treatment_count,0.30686455351068087,0.13737050775705495,0.4784458264468682
damping097_fold2_seed17_all,all,coverage_with_treatment_ranking,0.37331080396638405,0.22299731550947627,0.5699530160059295
damping097_fold2_seed17_all,all,coverage_with_control_ranking,0.387191621774165,0.25711220625184367,0.5367673962579311
damping097_fold2_seed17_all,easy,full_total,-0.08126540088755341,-0.189205434517305,-0.005980021112998534
damping097_fold2_seed17_all,easy,support_difference,0.0,0.0,0.0
damping097_fold2_seed17_all,easy,total,-0.08126540088755341,-0.189205434517305,-0.005980021112998534
damping097_fold2_seed17_all,easy,ranking_at_control_count,-0.01662375920087629,-0.05487063764349001,0.009427648820626038
damping097_fold2_seed17_all,easy,ranking_at_treatment_count,0.03278044765161081,-0.014014120558522658,0.09439644715797055
damping097_fold2_seed17_all,easy,coverage_with_treatment_ranking,-0.06464164168667713,-0.18106093960799172,0.002746641645355273
damping097_fold2_seed17_all,easy,coverage_with_control_ranking,-0.11404584853916425,-0.2773204402865651,0.004004822039944471
damping097_fold2_seed17_all,hard,full_total,0.8071324396233799,0.5863130719208713,1.0369601740124437
damping097_fold2_seed17_all,hard,support_difference,0.0,0.0,0.0
damping097_fold2_seed17_all,hard,total,0.8071324396233799,0.5863130719208713,1.0369601740124437
damping097_fold2_seed17_all,hard,ranking_at_control_count,0.40926900520787846,0.27602306051004233,0.5488343273553778
damping097_fold2_seed17_all,hard,ranking_at_treatment_count,0.34168761342740883,0.16815773015007196,0.5506471473837471
damping097_fold2_seed17_all,hard,coverage_with_treatment_ranking,0.3978634344155014,0.2560411103957143,0.585226908960411
damping097_fold2_seed17_all,hard,coverage_with_control_ranking,0.465444826195971,0.2928789670142259,0.662780107838899
damping097_fold2_seed17_easy,all,full_total,-0.25089236280191374,-0.342682215468581,-0.15164203005549837
damping097_fold2_seed17_easy,all,support_difference,0.0,0.0,0.0
damping097_fold2_seed17_easy,all,total,-0.25089236280191374,-0.342682215468581,-0.15164203005549837
damping097_fold2_seed17_easy,all,ranking_at_control_count,-0.05520044626700131,-0.09118758673992909,-0.02192178364198858
damping097_fold2_seed17_easy,all,ranking_at_treatment_count,-0.037626242555014365,-0.06498927736723518,-0.010073451584643076
damping097_fold2_seed17_easy,all,coverage_with_treatment_ranking,-0.19569191653491247,-0.2775553668751524,-0.1086491158542587
damping097_fold2_seed17_easy,all,coverage_with_control_ranking,-0.21326612024689942,-0.28897551299722907,-0.13130071709165328
damping097_fold2_seed17_easy,easy,full_total,-0.20619916273129052,-0.2655312269748049,-0.14916942249662982
damping097_fold2_seed17_easy,easy,support_difference,0.0,0.0,0.0
damping097_fold2_seed17_easy,easy,total,-0.20619916273129052,-0.2655312269748049,-0.14916942249662982
damping097_fold2_seed17_easy,easy,ranking_at_control_count,0.02182844871203823,-0.013254586061383647,0.062056835367236135
damping097_fold2_seed17_easy,easy,ranking_at_treatment_count,0.10541280010769191,0.0379859351019172,0.17492966341219382
damping097_fold2_seed17_easy,easy,coverage_with_treatment_ranking,-0.22802761144332875,-0.2905417608628111,-0.1633990023159971
damping097_fold2_seed17_easy,easy,coverage_with_control_ranking,-0.31161196283898246,-0.4120008100895744,-0.21035675711956062
damping097_fold2_seed17_easy,hard,full_total,-0.1461615756124967,-0.23555599505330063,-0.06332850399069681
damping097_fold2_seed17_easy,hard,support_difference,0.0,0.0,0.0
damping097_fold2_seed17_easy,hard,total,-0.1461615756124967,-0.23555599505330063,-0.06332850399069681
damping097_fold2_seed17_easy,hard,ranking_at_control_count,-0.05769157350571502,-0.10413792073215455,-0.017692394025879576
damping097_fold2_seed17_easy,hard,ranking_at_treatment_count,-0.04550440965477515,-0.08194978073664957,-0.01293737945564503
damping097_fold2_seed17_easy,hard,coverage_with_treatment_ranking,-0.0884700021067817,-0.1767059954951082,-0.022893167756219513
damping097_fold2_seed17_easy,hard,coverage_with_control_ranking,-0.10065716595772158,-0.15484984441438626,-0.04917514945842438
neural_fold2_seed29_all,all,full_total,-0.5415581197193207,-0.7066585531276406,-0.3579723794434244
neural_fold2_seed29_all,all,support_difference,0.0,0.0,0.0
neural_fold2_seed29_all,all,total,-0.5415581197193207,-0.7066585531276406,-0.3579723794434244
neural_fold2_seed29_all,all,ranking_at_control_count,-0.5736601351551971,-0.7322042158073752,-0.40057167876233163
neural_fold2_seed29_all,all,ranking_at_treatment_count,-0.61315874154096,-0.7805733187760799,-0.43156975075015663
neural_fold2_seed29_all,all,coverage_with_treatment_ranking,0.03210201543587642,0.0005933272457284359,0.05800628839270157
neural_fold2_seed29_all,all,coverage_with_control_ranking,0.07160062182163929,0.010224348332913975,0.12392448042446932
neural_fold2_seed29_all,easy,full_total,0.4000594638170874,-0.14832770647332474,0.9083606216834054
neural_fold2_seed29_all,easy,support_difference,0.0,0.0,0.0
neural_fold2_seed29_all,easy,total,0.4000594638170874,-0.14832770647332474,0.9083606216834054
neural_fold2_seed29_all,easy,ranking_at_control_count,-0.06352175882165494,-0.6444248230725969,0.46361018095351797
neural_fold2_seed29_all,easy,ranking_at_treatment_count,0.1359761605824856,-0.3523235228216929,0.5539113915647614
neural_fold2_seed29_all,easy,coverage_with_treatment_ranking,0.4635812226387423,0.08830470201150428,0.9077405031870356
neural_fold2_seed29_all,easy,coverage_with_control_ranking,0.2640833032346018,0.04794492369411532,0.5045805828739501
neural_fold2_seed29_all,hard,full_total,-0.6464180954592775,-0.8798708394230725,-0.42390062356940794
neural_fold2_seed29_all,hard,support_difference,0.0,0.0,0.0
neural_fold2_seed29_all,hard,total,-0.6464180954592775,-0.8798708394230725,-0.42390062356940794
neural_fold2_seed29_all,hard,ranking_at_control_count,-0.6830149512664041,-0.9030322555325578,-0.4641696752400298
neural_fold2_seed29_all,hard,ranking_at_treatment_count,-0.7383399142843051,-0.95836078019344,-0.5184015756061436
neural_fold2_seed29_all,hard,coverage_with_treatment_ranking,0.036596855807126655,-0.010365670818328114,0.09694902541052536
neural_fold2_seed29_all,hard,coverage_with_control_ranking,0.09192181882502755,0.010031601758729441,0.16783884636210877
neural_fold2_seed29_easy,all,full_total,-0.03144812407947049,-0.09198934788714905,0.009388365209645878
neural_fold2_seed29_easy,all,support_difference,0.0,0.0,0.0
neural_fold2_seed29_easy,all,total,-0.03144812407947049,-0.09198934788714905,0.009388365209645878
neural_fold2_seed29_easy,all,ranking_at_control_count,-0.03737525107886319,-0.09555118437173085,0.007988874792788073
neural_fold2_seed29_easy,all,ranking_at_treatment_count,-0.027150008107072653,-0.09208528289624636,0.023109301411777687
neural_fold2_seed29_easy,all,coverage_with_treatment_ranking,0.005927126999392719,-0.0034720290626293515,0.021781922215027488
neural_fold2_seed29_easy,all,coverage_with_control_ranking,-0.004298115972397831,-0.01524859260355083,0.002796052501786944
neural_fold2_seed29_easy,easy,full_total,0.04161636772540668,-0.018182637902034192,0.1379770684280621
neural_fold2_seed29_easy,easy,support_difference,0.0,0.0,0.0
neural_fold2_seed29_easy,easy,total,0.04161636772540668,-0.018182637902034192,0.1379770684280621
neural_fold2_seed29_easy,easy,ranking_at_control_count,0.03774618936229382,-0.01997247491650045,0.13507628431129232
neural_fold2_seed29_easy,easy,ranking_at_treatment_count,0.04629343409146095,-0.008658252107366746,0.1406106472562304
neural_fold2_seed29_easy,easy,coverage_with_treatment_ranking,0.0038701783631128733,-0.007556626594036508,0.016046302840040355
neural_fold2_seed29_easy,easy,coverage_with_control_ranking,-0.00467706636605425,-0.012098167606145356,0.0013700752234904589
neural_fold2_seed29_easy,hard,full_total,-0.059454258136703075,-0.13166989169037221,-0.002548324432639592
neural_fold2_seed29_easy,hard,support_difference,0.0,0.0,0.0
neural_fold2_seed29_easy,hard,total,-0.059454258136703075,-0.13166989169037221,-0.002548324432639592
neural_fold2_seed29_easy,hard,ranking_at_control_count,-0.07213094470921268,-0.14395447568927375,-0.012918998836611345
neural_fold2_seed29_easy,hard,ranking_at_treatment_count,-0.051283920874827436,-0.12056073887132224,-0.0013485493926802931
neural_fold2_seed29_easy,hard,coverage_with_treatment_ranking,0.012676686572509602,0.0,0.03802790631100232
neural_fold2_seed29_easy,hard,coverage_with_control_ranking,-0.008170337261875634,-0.023861629290201122,0.00012820309585232875
damping097_fold2_seed29_all,all,full_total,0.6005802859089152,0.35444203732054985,0.8914389777950715
damping097_fold2_seed29_all,all,support_difference,0.0,0.0,0.0
damping097_fold2_seed29_all,all,total,0.6005802859089152,0.35444203732054985,0.8914389777950715
damping097_fold2_seed29_all,all,ranking_at_control_count,0.3463910816410395,0.20264523379749047,0.5108036139983066
damping097_fold2_seed29_all,all,ranking_at_treatment_count,0.36444053866254883,0.16372282455475606,0.6264461979269893
damping097_fold2_seed29_all,all,coverage_with_treatment_ranking,0.2541892042678757,0.14682115971179577,0.38457675208769315
damping097_fold2_seed29_all,all,coverage_with_control_ranking,0.2361397472463664,0.15729533736104492,0.3191337430890228
damping097_fold2_seed29_all,easy,full_total,-0.03350012262450082,-0.07664538457496495,-0.004066200899250151
damping097_fold2_seed29_all,easy,support_difference,0.0,0.0,0.0
damping097_fold2_seed29_all,easy,total,-0.03350012262450082,-0.07664538457496495,-0.004066200899250151
damping097_fold2_seed29_all,easy,ranking_at_control_count,0.03727411146271507,-0.006477612092503619,0.08816373876856193
damping097_fold2_seed29_all,easy,ranking_at_treatment_count,0.054623412835367854,-0.0005482046150113226,0.1275085570049456
damping097_fold2_seed29_all,easy,coverage_with_treatment_ranking,-0.07077423408721589,-0.14703088419671295,-0.0017731238727516588
damping097_fold2_seed29_all,easy,coverage_with_control_ranking,-0.08812353545986867,-0.19829089739025135,-0.006298442571626811
damping097_fold2_seed29_all,hard,full_total,0.7780661714230899,0.43975634972824,1.2249243824993008
damping097_fold2_seed29_all,hard,support_difference,0.0,0.0,0.0
damping097_fold2_seed29_all,hard,total,0.7780661714230899,0.43975634972824,1.2249243824993008
damping097_fold2_seed29_all,hard,ranking_at_control_count,0.47959126223669535,0.268228563314543,0.7421964886566477
damping097_fold2_seed29_all,hard,ranking_at_treatment_count,0.49548985377067245,0.21060323406704456,0.8954763958815327
damping097_fold2_seed29_all,hard,coverage_with_treatment_ranking,0.29847490918639447,0.16248709472178297,0.4876266705915664
damping097_fold2_seed29_all,hard,coverage_with_control_ranking,0.2825763176524174,0.18749526431134028,0.37606626925762854
damping097_fold2_seed29_easy,all,full_total,-0.08080995233056154,-0.14212057948156823,-0.011234642529153968
damping097_fold2_seed29_easy,all,support_difference,0.0,0.0,0.0
damping097_fold2_seed29_easy,all,total,-0.08080995233056154,-0.14212057948156823,-0.011234642529153968
damping097_fold2_seed29_easy,all,ranking_at_control_count,0.019804792215585076,-0.030358577227495184,0.07754989618087388
damping097_fold2_seed29_easy,all,ranking_at_treatment_count,0.011301547594281272,-0.018865390349744847,0.044758818269996115
damping097_fold2_seed29_easy,all,coverage_with_treatment_ranking,-0.10061474454614662,-0.13632265044992228,-0.057265808370747066
damping097_fold2_seed29_easy,all,coverage_with_control_ranking,-0.0921114999248428,-0.1333574385611479,-0.047287927523405895
damping097_fold2_seed29_easy,easy,full_total,-0.23985675961044833,-0.328903241536956,-0.15757407103292595
damping097_fold2_seed29_easy,easy,support_difference,0.0,0.0,0.0
damping097_fold2_seed29_easy,easy,total,-0.23985675961044833,-0.328903241536956,-0.15757407103292595
damping097_fold2_seed29_easy,easy,ranking_at_control_count,-0.10520935287730797,-0.14336140454551394,-0.06547962173973781
damping097_fold2_seed29_easy,easy,ranking_at_treatment_count,-0.1347940742289592,-0.1832377623049859,-0.08894284795826711
damping097_fold2_seed29_easy,easy,coverage_with_treatment_ranking,-0.13464740673314035,-0.1968024472302045,-0.0751661051335028
damping097_fold2_seed29_easy,easy,coverage_with_control_ranking,-0.10506268538148913,-0.16043517886428071,-0.05222433982092533
damping097_fold2_seed29_easy,hard,full_total,-0.007508583689464644,-0.0694028330499602,0.06663519875846396
damping097_fold2_seed29_easy,hard,support_difference,0.0,0.0,0.0
damping097_fold2_seed29_easy,hard,total,-0.007508583689464644,-0.0694028330499602,0.06663519875846396
damping097_fold2_seed29_easy,hard,ranking_at_control_count,0.019695559705513094,-0.04371248145152143,0.09348911056832661
damping097_fold2_seed29_easy,hard,ranking_at_treatment_count,0.019588880174054375,-0.026806641444091783,0.08000434118021092
damping097_fold2_seed29_easy,hard,coverage_with_treatment_ranking,-0.027204143394977738,-0.05174869645451782,-0.006515425106467317
damping097_fold2_seed29_easy,hard,coverage_with_control_ranking,-0.02709746386351902,-0.05148626673973995,-0.005844981346815324
neural_fold2_seed43_all,all,full_total,-0.1655840741495873,-0.30760820211910994,-0.027038625999045274
neural_fold2_seed43_all,all,support_difference,0.0,0.0,0.0
neural_fold2_seed43_all,all,total,-0.1655840741495873,-0.30760820211910994,-0.027038625999045274
neural_fold2_seed43_all,all,ranking_at_control_count,-0.20973501617780504,-0.34047192232425055,-0.08270772595180521
neural_fold2_seed43_all,all,ranking_at_treatment_count,-0.2133074212715047,-0.36742675543785613,-0.04912989201079292
neural_fold2_seed43_all,all,coverage_with_treatment_ranking,0.04415094202821776,0.0016793638558816062,0.08401011583047914
neural_fold2_seed43_all,all,coverage_with_control_ranking,0.04772334712191738,-0.010260628722977796,0.1028627370404143
neural_fold2_seed43_all,easy,full_total,0.5588226994012822,0.265206618814495,1.0089885446721165
neural_fold2_seed43_all,easy,support_difference,0.0,0.0,0.0
neural_fold2_seed43_all,easy,total,0.5588226994012822,0.265206618814495,1.0089885446721165
neural_fold2_seed43_all,easy,ranking_at_control_count,0.27446272415794604,-0.0024226888839785528,0.5671479104212502
neural_fold2_seed43_all,easy,ranking_at_treatment_count,0.30686091530625315,0.026821692018524773,0.6076917367079937
neural_fold2_seed43_all,easy,coverage_with_treatment_ranking,0.2843599752433361,0.024779855703597354,0.5741576290960175
neural_fold2_seed43_all,easy,coverage_with_control_ranking,0.251961784095029,-0.04883460269939383,0.573503034154148
neural_fold2_seed43_all,hard,full_total,-0.24656816445794827,-0.4480112935048333,-0.05560059812909166
neural_fold2_seed43_all,hard,support_difference,0.0,0.0,0.0
neural_fold2_seed43_all,hard,total,-0.24656816445794827,-0.4480112935048333,-0.05560059812909166
neural_fold2_seed43_all,hard,ranking_at_control_count,-0.2919902478096338,-0.4879773656336872,-0.11203740316612053
neural_fold2_seed43_all,hard,ranking_at_treatment_count,-0.28217206692846536,-0.49309044529393725,-0.07108592627672176
neural_fold2_seed43_all,hard,coverage_with_treatment_ranking,0.04542208335168553,0.011228152126923253,0.0842577748500676
neural_fold2_seed43_all,hard,coverage_with_control_ranking,0.03560390247051713,-0.024953101596558825,0.0983259807550799
neural_fold2_seed43_easy,all,full_total,0.04206601228334188,-0.01599236980045796,0.13750660843056542
neural_fold2_seed43_easy,all,support_difference,0.0,0.0,0.0
neural_fold2_seed43_easy,all,total,0.04206601228334188,-0.01599236980045796,0.13750660843056542
neural_fold2_seed43_easy,all,ranking_at_control_count,0.04356943746301337,-0.014168969387220757,0.13797383827392035
neural_fold2_seed43_easy,all,ranking_at_treatment_count,0.04667880191093159,-0.013683831615563214,0.16030496936090902
neural_fold2_seed43_easy,all,coverage_with_treatment_ranking,-0.0015034251796714807,-0.0044866129863260626,0.00015983866406281885
neural_fold2_seed43_easy,all,coverage_with_control_ranking,-0.004612789627589716,-0.02964350152776186,0.016185147765444188
neural_fold2_seed43_easy,easy,full_total,0.021911894982565613,-0.013528651097955558,0.06859672730266149
neural_fold2_seed43_easy,easy,support_difference,0.0,0.0,0.0
neural_fold2_seed43_easy,easy,total,0.021911894982565613,-0.013528651097955558,0.06859672730266149
neural_fold2_seed43_easy,easy,ranking_at_control_count,0.027943552224448956,-0.002304672384611362,0.0712278950249202
neural_fold2_seed43_easy,easy,ranking_at_treatment_count,0.029864072321212035,0.001035979890755343,0.07424348377628223
neural_fold2_seed43_easy,easy,coverage_with_treatment_ranking,-0.006031657241883338,-0.0175907615136928,0.004047918034934232
neural_fold2_seed43_easy,easy,coverage_with_control_ranking,-0.007952177338646421,-0.017958187333371393,0.0004084973868030428
neural_fold2_seed43_easy,hard,full_total,0.039349746443951894,-0.019139698172555734,0.12495956792943319
neural_fold2_seed43_easy,hard,support_difference,0.0,0.0,0.0
neural_fold2_seed43_easy,hard,total,0.039349746443951894,-0.019139698172555734,0.12495956792943319
neural_fold2_seed43_easy,hard,ranking_at_control_count,0.041251155142963236,-0.01761210117344496,0.12637201882391058
neural_fold2_seed43_easy,hard,ranking_at_treatment_count,0.030356447318764693,-0.015602920047385681,0.115092990026675
neural_fold2_seed43_easy,hard,coverage_with_treatment_ranking,-0.0019014086990113471,-0.005881786032049783,0.000177559935015741
neural_fold2_seed43_easy,hard,coverage_with_control_ranking,0.0089932991251872,-0.007610187066796814,0.03463508578682688
damping097_fold2_seed43_all,all,full_total,0.6065981085495648,0.42886691395207555,0.7929063349656066
damping097_fold2_seed43_all,all,support_difference,0.0,0.0,0.0
damping097_fold2_seed43_all,all,total,0.6065981085495648,0.42886691395207555,0.7929063349656066
damping097_fold2_seed43_all,all,ranking_at_control_count,0.4460483941585294,0.297781995171765,0.6233285058272988
damping097_fold2_seed43_all,all,ranking_at_treatment_count,0.39453288872688774,0.2311197826306245,0.5908770048317955
damping097_fold2_seed43_all,all,coverage_with_treatment_ranking,0.16054971439103544,0.11115600346853399,0.20727703412775
damping097_fold2_seed43_all,all,coverage_with_control_ranking,0.212065219822677,0.11695997212639539,0.3201276648204932
damping097_fold2_seed43_all,easy,full_total,-0.041754518678701905,-0.09521167171393259,-0.0005072739888442174
damping097_fold2_seed43_all,easy,support_difference,0.0,0.0,0.0
damping097_fold2_seed43_all,easy,total,-0.041754518678701905,-0.09521167171393259,-0.0005072739888442174
damping097_fold2_seed43_all,easy,ranking_at_control_count,-0.0013406064685101242,-0.032403877237946126,0.025203357812861166
damping097_fold2_seed43_all,easy,ranking_at_treatment_count,0.029731502743580003,-0.0015077281583295396,0.06999138648893181
damping097_fold2_seed43_all,easy,coverage_with_treatment_ranking,-0.04041391221019178,-0.10684475326342846,0.0022578996858471597
damping097_fold2_seed43_all,easy,coverage_with_control_ranking,-0.0714860214222819,-0.15862818852208116,-0.003243793355114073
damping097_fold2_seed43_all,hard,full_total,0.7808889516027296,0.5276745533538442,1.1156476220598337
damping097_fold2_seed43_all,hard,support_difference,0.0,0.0,0.0
damping097_fold2_seed43_all,hard,total,0.7808889516027296,0.5276745533538442,1.1156476220598337
damping097_fold2_seed43_all,hard,ranking_at_control_count,0.5921530597612974,0.359945205395118,0.926235107368007
damping097_fold2_seed43_all,hard,ranking_at_treatment_count,0.5384318158004519,0.28813398354108705,0.873760813107265
damping097_fold2_seed43_all,hard,coverage_with_treatment_ranking,0.18873589184143214,0.12940593611908932,0.2441336634895292
damping097_fold2_seed43_all,hard,coverage_with_control_ranking,0.24245713580227773,0.13962617572823557,0.35871440753465156
damping097_fold2_seed43_easy,all,full_total,-0.052977476555684605,-0.09058463350553558,-0.015094253204329026
damping097_fold2_seed43_easy,all,support_difference,0.0,0.0,0.0
damping097_fold2_seed43_easy,all,total,-0.052977476555684605,-0.09058463350553558,-0.015094253204329026
damping097_fold2_seed43_easy,all,ranking_at_control_count,0.006982636480364224,-0.0018626330122405248,0.016116867580742947
damping097_fold2_seed43_easy,all,ranking_at_treatment_count,0.0009517951270023501,-0.007011564747067204,0.00773616814011039
damping097_fold2_seed43_easy,all,coverage_with_treatment_ranking,-0.059960113036048826,-0.0957752002387711,-0.02109329712717387
damping097_fold2_seed43_easy,all,coverage_with_control_ranking,-0.05392927168268695,-0.08519194476640826,-0.021189366188969452
damping097_fold2_seed43_easy,easy,full_total,-0.2643302755543828,-0.37772611079585955,-0.16303314782468867
damping097_fold2_seed43_easy,easy,support_difference,0.0,0.0,0.0
damping097_fold2_seed43_easy,easy,total,-0.2643302755543828,-0.37772611079585955,-0.16303314782468867
damping097_fold2_seed43_easy,easy,ranking_at_control_count,-0.02368052208820049,-0.052761268639553216,0.005518281276956747
damping097_fold2_seed43_easy,easy,ranking_at_treatment_count,-0.04295954473010659,-0.07471803146987217,-0.01475250762620288
damping097_fold2_seed43_easy,easy,coverage_with_treatment_ranking,-0.24064975346618234,-0.36347913446290037,-0.12710926177282553
damping097_fold2_seed43_easy,easy,coverage_with_control_ranking,-0.22137073082427625,-0.3333100426586732,-0.12232449316619125
damping097_fold2_seed43_easy,hard,full_total,-0.015128759736822386,-0.036349362590974515,0.006361826657936279
damping097_fold2_seed43_easy,hard,support_difference,0.0,0.0,0.0
damping097_fold2_seed43_easy,hard,total,-0.015128759736822386,-0.036349362590974515,0.006361826657936279
damping097_fold2_seed43_easy,hard,ranking_at_control_count,0.000971323636265222,-0.013552726195729966,0.018457850843883766
damping097_fold2_seed43_easy,hard,ranking_at_treatment_count,-0.004979505219452423,-0.021294212234512017,0.011241802968225526
damping097_fold2_seed43_easy,hard,coverage_with_treatment_ranking,-0.016100083373087604,-0.034556392331677885,0.005859388187169404
damping097_fold2_seed43_easy,hard,coverage_with_control_ranking,-0.01014925451736996,-0.01947588315430974,7.582050872662408e-05
