model,dataset,subset,horizon,ADE,FDE,baseline_ADE,baseline_FDE,improvement,ci_low,ci_high,episodes,alpha_mean,failure_probability,intervention_rate,false_intervention_rate,residual_magnitude
goal_only_v2,tgsim,all,1,0.000636,0.000636,0.000636,0.000636,0.0,0.0,0.0,8,0.145029,0.235276,0.175,0.175,0.736329
goal_only_v2,tgsim,all,10,0.009671,0.023025,0.009847,0.023329,0.003042,-0.004417,0.01465,8,0.145029,0.235276,0.175,0.175,0.736329
goal_only_v2,tgsim,all,25,3.358594,7.616238,3.348184,7.597211,-0.002504,-0.179103,-0.003346,8,0.145029,0.235276,0.175,0.175,0.736329
goal_only_v2,tgsim,all,50,5.637394,8.037024,5.511348,7.794749,-0.031082,-1.377415,-0.078493,8,0.145029,0.235276,0.175,0.175,0.736329
goal_only_v2,tgsim,all,100,7.881817,13.947091,7.877969,13.93978,-0.000525,-0.116289,0.004919,8,0.145029,0.235276,0.175,0.175,0.736329
goal_only_v2,tgsim,easy,1,0.000427,0.000427,0.000427,0.000427,0.0,0.0,0.0,2,0.034,0.048825,0.0,0.0,0.340096
goal_only_v2,tgsim,easy,10,0.00671,0.014986,0.006786,0.015132,0.001461,-0.00048,0.003402,2,0.034,0.048825,0.0,0.0,0.340096
goal_only_v2,tgsim,easy,25,0.017359,0.031297,0.018537,0.034109,0.02812,0.01771,0.03853,2,0.034,0.048825,0.0,0.0,0.340096
goal_only_v2,tgsim,easy,50,0.034752,0.081637,0.038184,0.084776,0.031391,-0.041583,0.104365,2,0.034,0.048825,0.0,0.0,0.340096
goal_only_v2,tgsim,easy,100,0.978444,4.925309,0.981646,4.934126,0.001787,0.001767,0.002883,2,0.034,0.048825,0.0,0.0,0.340096
goal_only_v2,tgsim,medium,1,0.000769,0.000769,0.000769,0.000769,0.0,0.0,0.0,5,0.211646,0.341948,0.28,0.28,0.786257
goal_only_v2,tgsim,medium,10,0.011963,0.029231,0.012386,0.029977,0.007456,-0.001399,0.022999,5,0.211646,0.341948,0.28,0.28,0.786257
goal_only_v2,tgsim,medium,25,5.363228,12.166742,5.348016,12.138897,-0.002294,-0.237026,-0.005489,5,0.211646,0.341948,0.28,0.28,0.786257
goal_only_v2,tgsim,medium,50,8.99638,12.807546,8.799873,12.431497,-0.03025,-1.958096,-0.10096,5,0.211646,0.341948,0.28,0.28,0.786257
goal_only_v2,tgsim,medium,100,12.210232,20.326345,12.205771,20.316957,-0.000462,-0.065753,0.009717,5,0.211646,0.341948,0.28,0.28,0.786257
goal_only_v2,tgsim,hard,1,0.00039,0.00039,0.00039,0.00039,0.0,,,1,0.034,0.074816,0.0,0.0,1.279158
goal_only_v2,tgsim,hard,10,0.004134,0.00807,0.003271,0.006484,-0.015861,,,1,0.034,0.074816,0.0,0.0,1.279158
goal_only_v2,tgsim,hard,25,0.017897,0.033598,0.008318,0.014984,-0.186139,,,1,0.034,0.074816,0.0,0.0,1.279158
goal_only_v2,tgsim,hard,50,0.04775,0.095193,0.015049,0.030954,-0.642394,,,1,0.034,0.074816,0.0,0.0,1.279158
goal_only_v2,tgsim,hard,100,0.046491,0.094389,0.03161,0.065199,-0.291895,,,1,0.034,0.074816,0.0,0.0,1.279158
goal_only_v2,tgsim,hardbench,1,0.00039,0.00039,0.00039,0.00039,0.0,,,1,0.034,0.074816,0.0,0.0,1.279158
goal_only_v2,tgsim,hardbench,10,0.004134,0.00807,0.003271,0.006484,-0.015861,,,1,0.034,0.074816,0.0,0.0,1.279158
goal_only_v2,tgsim,hardbench,25,0.017897,0.033598,0.008318,0.014984,-0.186139,,,1,0.034,0.074816,0.0,0.0,1.279158
goal_only_v2,tgsim,hardbench,50,0.04775,0.095193,0.015049,0.030954,-0.642394,,,1,0.034,0.074816,0.0,0.0,1.279158
goal_only_v2,tgsim,hardbench,100,0.046491,0.094389,0.03161,0.065199,-0.291895,,,1,0.034,0.074816,0.0,0.0,1.279158
goal_only_v2,tgsim,traffic,1,0.000636,0.000636,0.000636,0.000636,0.0,0.0,0.0,8,0.145029,0.235276,0.175,0.175,0.736329
goal_only_v2,tgsim,traffic,10,0.009671,0.023025,0.009847,0.023329,0.003042,-0.004417,0.01465,8,0.145029,0.235276,0.175,0.175,0.736329
goal_only_v2,tgsim,traffic,25,3.358594,7.616238,3.348184,7.597211,-0.002504,-0.179103,-0.003346,8,0.145029,0.235276,0.175,0.175,0.736329
goal_only_v2,tgsim,traffic,50,5.637394,8.037024,5.511348,7.794749,-0.031082,-1.377415,-0.078493,8,0.145029,0.235276,0.175,0.175,0.736329
goal_only_v2,tgsim,traffic,100,7.881817,13.947091,7.877969,13.93978,-0.000525,-0.116289,0.004919,8,0.145029,0.235276,0.175,0.175,0.736329
goal_only_v2,tgsim,inferred_only,1,0.000636,0.000636,0.000636,0.000636,0.0,0.0,0.0,8,0.145029,0.235276,0.175,0.175,0.736329
goal_only_v2,tgsim,inferred_only,10,0.009671,0.023025,0.009847,0.023329,0.003042,-0.004417,0.01465,8,0.145029,0.235276,0.175,0.175,0.736329
goal_only_v2,tgsim,inferred_only,25,3.358594,7.616238,3.348184,7.597211,-0.002504,-0.179103,-0.003346,8,0.145029,0.235276,0.175,0.175,0.736329
goal_only_v2,tgsim,inferred_only,50,5.637394,8.037024,5.511348,7.794749,-0.031082,-1.377415,-0.078493,8,0.145029,0.235276,0.175,0.175,0.736329
goal_only_v2,tgsim,inferred_only,100,7.881817,13.947091,7.877969,13.93978,-0.000525,-0.116289,0.004919,8,0.145029,0.235276,0.175,0.175,0.736329
goal_only_v2,tgsim,multi_agent,1,0.000636,0.000636,0.000636,0.000636,0.0,0.0,0.0,8,0.145029,0.235276,0.175,0.175,0.736329
goal_only_v2,tgsim,multi_agent,10,0.009671,0.023025,0.009847,0.023329,0.003042,-0.004417,0.01465,8,0.145029,0.235276,0.175,0.175,0.736329
goal_only_v2,tgsim,multi_agent,25,3.358594,7.616238,3.348184,7.597211,-0.002504,-0.179103,-0.003346,8,0.145029,0.235276,0.175,0.175,0.736329
goal_only_v2,tgsim,multi_agent,50,5.637394,8.037024,5.511348,7.794749,-0.031082,-1.377415,-0.078493,8,0.145029,0.235276,0.175,0.175,0.736329
goal_only_v2,tgsim,multi_agent,100,7.881817,13.947091,7.877969,13.93978,-0.000525,-0.116289,0.004919,8,0.145029,0.235276,0.175,0.175,0.736329
goal_only_v2,tgsim,verified_t50,1,0.000636,0.000636,0.000636,0.000636,0.0,0.0,0.0,8,0.145029,0.235276,0.175,0.175,0.736329
goal_only_v2,tgsim,verified_t50,10,0.009671,0.023025,0.009847,0.023329,0.003042,-0.004417,0.01465,8,0.145029,0.235276,0.175,0.175,0.736329
goal_only_v2,tgsim,verified_t50,25,3.358594,7.616238,3.348184,7.597211,-0.002504,-0.179103,-0.003346,8,0.145029,0.235276,0.175,0.175,0.736329
goal_only_v2,tgsim,verified_t50,50,5.637394,8.037024,5.511348,7.794749,-0.031082,-1.377415,-0.078493,8,0.145029,0.235276,0.175,0.175,0.736329
goal_only_v2,tgsim,verified_t50,100,7.881817,13.947091,7.877969,13.93978,-0.000525,-0.116289,0.004919,8,0.145029,0.235276,0.175,0.175,0.736329
goal_only_v2,tgsim,verified_t100,1,0.000636,0.000636,0.000636,0.000636,0.0,0.0,0.0,8,0.145029,0.235276,0.175,0.175,0.736329
goal_only_v2,tgsim,verified_t100,10,0.009671,0.023025,0.009847,0.023329,0.003042,-0.004417,0.01465,8,0.145029,0.235276,0.175,0.175,0.736329
goal_only_v2,tgsim,verified_t100,25,3.358594,7.616238,3.348184,7.597211,-0.002504,-0.179103,-0.003346,8,0.145029,0.235276,0.175,0.175,0.736329
goal_only_v2,tgsim,verified_t100,50,5.637394,8.037024,5.511348,7.794749,-0.031082,-1.377415,-0.078493,8,0.145029,0.235276,0.175,0.175,0.736329
goal_only_v2,tgsim,verified_t100,100,7.881817,13.947091,7.877969,13.93978,-0.000525,-0.116289,0.004919,8,0.145029,0.235276,0.175,0.175,0.736329
goal_only_v2,tgsim,metric,1,0.000636,0.000636,0.000636,0.000636,0.0,0.0,0.0,8,0.145029,0.235276,0.175,0.175,0.736329
goal_only_v2,tgsim,metric,10,0.009671,0.023025,0.009847,0.023329,0.003042,-0.004417,0.01465,8,0.145029,0.235276,0.175,0.175,0.736329
goal_only_v2,tgsim,metric,25,3.358594,7.616238,3.348184,7.597211,-0.002504,-0.179103,-0.003346,8,0.145029,0.235276,0.175,0.175,0.736329
goal_only_v2,tgsim,metric,50,5.637394,8.037024,5.511348,7.794749,-0.031082,-1.377415,-0.078493,8,0.145029,0.235276,0.175,0.175,0.736329
goal_only_v2,tgsim,metric,100,7.881817,13.947091,7.877969,13.93978,-0.000525,-0.116289,0.004919,8,0.145029,0.235276,0.175,0.175,0.736329
goal_only_v2,tgsim_i90,all,1,0.036656,0.036656,0.036656,0.036656,0.0,0.0,0.0,4,0.533661,0.729358,0.75,0.15,1.743915
goal_only_v2,tgsim_i90,all,10,0.184753,0.369664,0.183886,0.368381,-0.003484,-0.018148,0.009885,4,0.533661,0.729358,0.75,0.15,1.743915
goal_only_v2,tgsim_i90,all,25,0.613234,1.444691,0.604443,1.430183,-0.010144,-0.015385,-0.00182,4,0.533661,0.729358,0.75,0.15,1.743915
goal_only_v2,tgsim_i90,all,50,1.783394,4.556287,1.764847,4.52605,-0.006681,-0.01294,0.003649,4,0.533661,0.729358,0.75,0.15,1.743915
goal_only_v2,tgsim_i90,all,100,5.182419,12.686731,5.167149,12.629881,-0.004501,-0.013462,0.008259,4,0.533661,0.729358,0.75,0.15,1.743915
goal_only_v2,tgsim_i90,hard,1,0.055009,0.055009,0.055009,0.055009,0.0,0.0,0.0,2,0.506096,0.679963,0.7,0.3,1.785127
goal_only_v2,tgsim_i90,hard,10,0.234856,0.442131,0.23601,0.444763,0.005919,0.000767,0.016999,2,0.506096,0.679963,0.7,0.3,1.785127
goal_only_v2,tgsim_i90,hard,25,0.715176,1.651837,0.7099,1.641304,-0.006417,-0.011329,0.002162,2,0.506096,0.679963,0.7,0.3,1.785127
goal_only_v2,tgsim_i90,hard,50,2.048197,5.219896,2.017962,5.157442,-0.012109,-0.014164,-0.009267,2,0.506096,0.679963,0.7,0.3,1.785127
goal_only_v2,tgsim_i90,hard,100,5.950335,14.442691,5.893878,14.324951,-0.008219,-0.013162,-0.004393,2,0.506096,0.679963,0.7,0.3,1.785127
goal_only_v2,tgsim_i90,extreme,1,0.018304,0.018304,0.018304,0.018304,0.0,0.0,0.0,2,0.561226,0.778752,0.8,0.0,1.702703
goal_only_v2,tgsim_i90,extreme,10,0.134649,0.297198,0.131762,0.291998,-0.017806,-0.024453,-0.011458,2,0.561226,0.778752,0.8,0.0,1.702703
goal_only_v2,tgsim_i90,extreme,25,0.511291,1.237545,0.498986,1.219062,-0.015162,-0.016737,-0.013766,2,0.561226,0.778752,0.8,0.0,1.702703
goal_only_v2,tgsim_i90,extreme,50,1.51859,3.892679,1.511733,3.894658,0.000508,-0.009314,0.009586,2,0.561226,0.778752,0.8,0.0,1.702703
goal_only_v2,tgsim_i90,extreme,100,4.414503,10.930771,4.44042,10.934811,0.000369,-0.013761,0.015399,2,0.561226,0.778752,0.8,0.0,1.702703
goal_only_v2,tgsim_i90,baseline_failure,1,0.01938,0.01938,0.01938,0.01938,0.0,0.0,0.0,3,0.563982,0.784373,0.8,0.0,1.68331
goal_only_v2,tgsim_i90,baseline_failure,10,0.136974,0.290632,0.135716,0.288765,-0.006464,-0.024453,0.016999,3,0.563982,0.784373,0.8,0.0,1.68331
goal_only_v2,tgsim_i90,baseline_failure,25,0.502468,1.222546,0.49422,1.211085,-0.009463,-0.016737,0.002162,3,0.563982,0.784373,0.8,0.0,1.68331
goal_only_v2,tgsim_i90,baseline_failure,50,1.543218,4.051096,1.531592,4.039046,-0.002983,-0.009314,0.009586,3,0.563982,0.784373,0.8,0.0,1.68331
goal_only_v2,tgsim_i90,baseline_failure,100,4.647626,11.50903,4.637173,11.456875,-0.004552,-0.013761,0.015399,3,0.563982,0.784373,0.8,0.0,1.68331
goal_only_v2,tgsim_i90,hardbench,1,0.036656,0.036656,0.036656,0.036656,0.0,0.0,0.0,4,0.533661,0.729358,0.75,0.15,1.743915
goal_only_v2,tgsim_i90,hardbench,10,0.184753,0.369664,0.183886,0.368381,-0.003484,-0.018148,0.009885,4,0.533661,0.729358,0.75,0.15,1.743915
goal_only_v2,tgsim_i90,hardbench,25,0.613234,1.444691,0.604443,1.430183,-0.010144,-0.015385,-0.00182,4,0.533661,0.729358,0.75,0.15,1.743915
goal_only_v2,tgsim_i90,hardbench,50,1.783394,4.556287,1.764847,4.52605,-0.006681,-0.01294,0.003649,4,0.533661,0.729358,0.75,0.15,1.743915
goal_only_v2,tgsim_i90,hardbench,100,5.182419,12.686731,5.167149,12.629881,-0.004501,-0.013462,0.008259,4,0.533661,0.729358,0.75,0.15,1.743915
goal_only_v2,tgsim_i90,traffic,1,0.036656,0.036656,0.036656,0.036656,0.0,0.0,0.0,4,0.533661,0.729358,0.75,0.15,1.743915
goal_only_v2,tgsim_i90,traffic,10,0.184753,0.369664,0.183886,0.368381,-0.003484,-0.018148,0.009885,4,0.533661,0.729358,0.75,0.15,1.743915
goal_only_v2,tgsim_i90,traffic,25,0.613234,1.444691,0.604443,1.430183,-0.010144,-0.015385,-0.00182,4,0.533661,0.729358,0.75,0.15,1.743915
goal_only_v2,tgsim_i90,traffic,50,1.783394,4.556287,1.764847,4.52605,-0.006681,-0.01294,0.003649,4,0.533661,0.729358,0.75,0.15,1.743915
goal_only_v2,tgsim_i90,traffic,100,5.182419,12.686731,5.167149,12.629881,-0.004501,-0.013462,0.008259,4,0.533661,0.729358,0.75,0.15,1.743915
goal_only_v2,tgsim_i90,inferred_only,1,0.036656,0.036656,0.036656,0.036656,0.0,0.0,0.0,4,0.533661,0.729358,0.75,0.15,1.743915
goal_only_v2,tgsim_i90,inferred_only,10,0.184753,0.369664,0.183886,0.368381,-0.003484,-0.018148,0.009885,4,0.533661,0.729358,0.75,0.15,1.743915
goal_only_v2,tgsim_i90,inferred_only,25,0.613234,1.444691,0.604443,1.430183,-0.010144,-0.015385,-0.00182,4,0.533661,0.729358,0.75,0.15,1.743915
goal_only_v2,tgsim_i90,inferred_only,50,1.783394,4.556287,1.764847,4.52605,-0.006681,-0.01294,0.003649,4,0.533661,0.729358,0.75,0.15,1.743915
goal_only_v2,tgsim_i90,inferred_only,100,5.182419,12.686731,5.167149,12.629881,-0.004501,-0.013462,0.008259,4,0.533661,0.729358,0.75,0.15,1.743915
goal_only_v2,tgsim_i90,multi_agent,1,0.036656,0.036656,0.036656,0.036656,0.0,0.0,0.0,4,0.533661,0.729358,0.75,0.15,1.743915
goal_only_v2,tgsim_i90,multi_agent,10,0.184753,0.369664,0.183886,0.368381,-0.003484,-0.018148,0.009885,4,0.533661,0.729358,0.75,0.15,1.743915
goal_only_v2,tgsim_i90,multi_agent,25,0.613234,1.444691,0.604443,1.430183,-0.010144,-0.015385,-0.00182,4,0.533661,0.729358,0.75,0.15,1.743915
goal_only_v2,tgsim_i90,multi_agent,50,1.783394,4.556287,1.764847,4.52605,-0.006681,-0.01294,0.003649,4,0.533661,0.729358,0.75,0.15,1.743915
goal_only_v2,tgsim_i90,multi_agent,100,5.182419,12.686731,5.167149,12.629881,-0.004501,-0.013462,0.008259,4,0.533661,0.729358,0.75,0.15,1.743915
goal_only_v2,tgsim_i90,verified_t50,1,0.036656,0.036656,0.036656,0.036656,0.0,0.0,0.0,4,0.533661,0.729358,0.75,0.15,1.743915
goal_only_v2,tgsim_i90,verified_t50,10,0.184753,0.369664,0.183886,0.368381,-0.003484,-0.018148,0.009885,4,0.533661,0.729358,0.75,0.15,1.743915
goal_only_v2,tgsim_i90,verified_t50,25,0.613234,1.444691,0.604443,1.430183,-0.010144,-0.015385,-0.00182,4,0.533661,0.729358,0.75,0.15,1.743915
goal_only_v2,tgsim_i90,verified_t50,50,1.783394,4.556287,1.764847,4.52605,-0.006681,-0.01294,0.003649,4,0.533661,0.729358,0.75,0.15,1.743915
goal_only_v2,tgsim_i90,verified_t50,100,5.182419,12.686731,5.167149,12.629881,-0.004501,-0.013462,0.008259,4,0.533661,0.729358,0.75,0.15,1.743915
goal_only_v2,tgsim_i90,verified_t100,1,0.036656,0.036656,0.036656,0.036656,0.0,0.0,0.0,4,0.533661,0.729358,0.75,0.15,1.743915
goal_only_v2,tgsim_i90,verified_t100,10,0.184753,0.369664,0.183886,0.368381,-0.003484,-0.018148,0.009885,4,0.533661,0.729358,0.75,0.15,1.743915
goal_only_v2,tgsim_i90,verified_t100,25,0.613234,1.444691,0.604443,1.430183,-0.010144,-0.015385,-0.00182,4,0.533661,0.729358,0.75,0.15,1.743915
goal_only_v2,tgsim_i90,verified_t100,50,1.783394,4.556287,1.764847,4.52605,-0.006681,-0.01294,0.003649,4,0.533661,0.729358,0.75,0.15,1.743915
goal_only_v2,tgsim_i90,verified_t100,100,5.182419,12.686731,5.167149,12.629881,-0.004501,-0.013462,0.008259,4,0.533661,0.729358,0.75,0.15,1.743915
goal_only_v2,tgsim_i90,metric,1,0.036656,0.036656,0.036656,0.036656,0.0,0.0,0.0,4,0.533661,0.729358,0.75,0.15,1.743915
goal_only_v2,tgsim_i90,metric,10,0.184753,0.369664,0.183886,0.368381,-0.003484,-0.018148,0.009885,4,0.533661,0.729358,0.75,0.15,1.743915
goal_only_v2,tgsim_i90,metric,25,0.613234,1.444691,0.604443,1.430183,-0.010144,-0.015385,-0.00182,4,0.533661,0.729358,0.75,0.15,1.743915
goal_only_v2,tgsim_i90,metric,50,1.783394,4.556287,1.764847,4.52605,-0.006681,-0.01294,0.003649,4,0.533661,0.729358,0.75,0.15,1.743915
goal_only_v2,tgsim_i90,metric,100,5.182419,12.686731,5.167149,12.629881,-0.004501,-0.013462,0.008259,4,0.533661,0.729358,0.75,0.15,1.743915
scene_only_v2,tgsim,all,1,0.000636,0.000636,0.000636,0.000636,0.0,0.0,0.0,8,0.138525,0.235276,0.175,0.175,0.618164
scene_only_v2,tgsim,all,10,0.00956,0.022813,0.009847,0.023329,0.00516,-0.001459,0.017089,8,0.138525,0.235276,0.175,0.175,0.618164
scene_only_v2,tgsim,all,25,3.3517,7.603387,3.348184,7.597211,-0.000813,-0.097772,0.00194,8,0.138525,0.235276,0.175,0.175,0.618164
scene_only_v2,tgsim,all,50,5.594382,7.95238,5.511348,7.794749,-0.020223,-0.574954,-0.006848,8,0.138525,0.235276,0.175,0.175,0.618164
scene_only_v2,tgsim,all,100,7.877969,13.93978,7.877969,13.93978,0.0,0.0,0.0,8,0.138525,0.235276,0.175,0.175,0.618164
scene_only_v2,tgsim,easy,1,0.000427,0.000427,0.000427,0.000427,0.0,0.0,0.0,2,0.03,0.048825,0.0,0.0,0.652909
scene_only_v2,tgsim,easy,10,0.006715,0.014997,0.006786,0.015132,0.001357,0.000926,0.001789,2,0.03,0.048825,0.0,0.0,0.652909
scene_only_v2,tgsim,easy,25,0.018228,0.033615,0.018537,0.034109,0.004942,0.002105,0.007779,2,0.03,0.048825,0.0,0.0,0.652909
scene_only_v2,tgsim,easy,50,0.0427,0.082961,0.038184,0.084776,0.01815,-0.097465,0.133765,2,0.03,0.048825,0.0,0.0,0.652909
scene_only_v2,tgsim,easy,100,0.981646,4.934126,0.981646,4.934126,0.0,0.0,0.0,2,0.03,0.048825,0.0,0.0,0.652909
scene_only_v2,tgsim,medium,1,0.000769,0.000769,0.000769,0.000769,0.0,0.0,0.0,5,0.203639,0.341948,0.28,0.28,0.545273
scene_only_v2,tgsim,medium,10,0.01189,0.029083,0.012386,0.029977,0.008937,-0.000695,0.026845,5,0.203639,0.341948,0.28,0.28,0.545273
scene_only_v2,tgsim,medium,25,5.352935,12.147354,5.348016,12.138897,-0.000697,-0.142478,0.003676,5,0.203639,0.341948,0.28,0.28,0.545273
scene_only_v2,tgsim,medium,50,8.927756,12.678187,8.799873,12.431497,-0.019844,-0.879187,-0.003353,5,0.203639,0.341948,0.28,0.28,0.545273
scene_only_v2,tgsim,medium,100,12.205771,20.316957,12.205771,20.316957,0.0,0.0,0.0,5,0.203639,0.341948,0.28,0.28,0.545273
scene_only_v2,tgsim,hard,1,0.00039,0.00039,0.00039,0.00039,0.0,,,1,0.03,0.074816,0.0,0.0,0.913125
scene_only_v2,tgsim,hard,10,0.003601,0.007096,0.003271,0.006484,-0.006118,,,1,0.03,0.074816,0.0,0.0,0.913125
scene_only_v2,tgsim,hard,25,0.012472,0.023095,0.008318,0.014984,-0.081113,,,1,0.03,0.074816,0.0,0.0,0.913125
scene_only_v2,tgsim,hard,50,0.030877,0.062182,0.015049,0.030954,-0.312289,,,1,0.03,0.074816,0.0,0.0,0.913125
scene_only_v2,tgsim,hard,100,0.03161,0.065199,0.03161,0.065199,0.0,,,1,0.03,0.074816,0.0,0.0,0.913125
scene_only_v2,tgsim,hardbench,1,0.00039,0.00039,0.00039,0.00039,0.0,,,1,0.03,0.074816,0.0,0.0,0.913125
scene_only_v2,tgsim,hardbench,10,0.003601,0.007096,0.003271,0.006484,-0.006118,,,1,0.03,0.074816,0.0,0.0,0.913125
scene_only_v2,tgsim,hardbench,25,0.012472,0.023095,0.008318,0.014984,-0.081113,,,1,0.03,0.074816,0.0,0.0,0.913125
scene_only_v2,tgsim,hardbench,50,0.030877,0.062182,0.015049,0.030954,-0.312289,,,1,0.03,0.074816,0.0,0.0,0.913125
scene_only_v2,tgsim,hardbench,100,0.03161,0.065199,0.03161,0.065199,0.0,,,1,0.03,0.074816,0.0,0.0,0.913125
scene_only_v2,tgsim,traffic,1,0.000636,0.000636,0.000636,0.000636,0.0,0.0,0.0,8,0.138525,0.235276,0.175,0.175,0.618164
scene_only_v2,tgsim,traffic,10,0.00956,0.022813,0.009847,0.023329,0.00516,-0.001459,0.017089,8,0.138525,0.235276,0.175,0.175,0.618164
scene_only_v2,tgsim,traffic,25,3.3517,7.603387,3.348184,7.597211,-0.000813,-0.097772,0.00194,8,0.138525,0.235276,0.175,0.175,0.618164
scene_only_v2,tgsim,traffic,50,5.594382,7.95238,5.511348,7.794749,-0.020223,-0.574954,-0.006848,8,0.138525,0.235276,0.175,0.175,0.618164
scene_only_v2,tgsim,traffic,100,7.877969,13.93978,7.877969,13.93978,0.0,0.0,0.0,8,0.138525,0.235276,0.175,0.175,0.618164
scene_only_v2,tgsim,inferred_only,1,0.000636,0.000636,0.000636,0.000636,0.0,0.0,0.0,8,0.138525,0.235276,0.175,0.175,0.618164
scene_only_v2,tgsim,inferred_only,10,0.00956,0.022813,0.009847,0.023329,0.00516,-0.001459,0.017089,8,0.138525,0.235276,0.175,0.175,0.618164
scene_only_v2,tgsim,inferred_only,25,3.3517,7.603387,3.348184,7.597211,-0.000813,-0.097772,0.00194,8,0.138525,0.235276,0.175,0.175,0.618164
scene_only_v2,tgsim,inferred_only,50,5.594382,7.95238,5.511348,7.794749,-0.020223,-0.574954,-0.006848,8,0.138525,0.235276,0.175,0.175,0.618164
scene_only_v2,tgsim,inferred_only,100,7.877969,13.93978,7.877969,13.93978,0.0,0.0,0.0,8,0.138525,0.235276,0.175,0.175,0.618164
scene_only_v2,tgsim,multi_agent,1,0.000636,0.000636,0.000636,0.000636,0.0,0.0,0.0,8,0.138525,0.235276,0.175,0.175,0.618164
scene_only_v2,tgsim,multi_agent,10,0.00956,0.022813,0.009847,0.023329,0.00516,-0.001459,0.017089,8,0.138525,0.235276,0.175,0.175,0.618164
scene_only_v2,tgsim,multi_agent,25,3.3517,7.603387,3.348184,7.597211,-0.000813,-0.097772,0.00194,8,0.138525,0.235276,0.175,0.175,0.618164
scene_only_v2,tgsim,multi_agent,50,5.594382,7.95238,5.511348,7.794749,-0.020223,-0.574954,-0.006848,8,0.138525,0.235276,0.175,0.175,0.618164
scene_only_v2,tgsim,multi_agent,100,7.877969,13.93978,7.877969,13.93978,0.0,0.0,0.0,8,0.138525,0.235276,0.175,0.175,0.618164
scene_only_v2,tgsim,verified_t50,1,0.000636,0.000636,0.000636,0.000636,0.0,0.0,0.0,8,0.138525,0.235276,0.175,0.175,0.618164
scene_only_v2,tgsim,verified_t50,10,0.00956,0.022813,0.009847,0.023329,0.00516,-0.001459,0.017089,8,0.138525,0.235276,0.175,0.175,0.618164
scene_only_v2,tgsim,verified_t50,25,3.3517,7.603387,3.348184,7.597211,-0.000813,-0.097772,0.00194,8,0.138525,0.235276,0.175,0.175,0.618164
scene_only_v2,tgsim,verified_t50,50,5.594382,7.95238,5.511348,7.794749,-0.020223,-0.574954,-0.006848,8,0.138525,0.235276,0.175,0.175,0.618164
scene_only_v2,tgsim,verified_t50,100,7.877969,13.93978,7.877969,13.93978,0.0,0.0,0.0,8,0.138525,0.235276,0.175,0.175,0.618164
scene_only_v2,tgsim,verified_t100,1,0.000636,0.000636,0.000636,0.000636,0.0,0.0,0.0,8,0.138525,0.235276,0.175,0.175,0.618164
scene_only_v2,tgsim,verified_t100,10,0.00956,0.022813,0.009847,0.023329,0.00516,-0.001459,0.017089,8,0.138525,0.235276,0.175,0.175,0.618164
scene_only_v2,tgsim,verified_t100,25,3.3517,7.603387,3.348184,7.597211,-0.000813,-0.097772,0.00194,8,0.138525,0.235276,0.175,0.175,0.618164
scene_only_v2,tgsim,verified_t100,50,5.594382,7.95238,5.511348,7.794749,-0.020223,-0.574954,-0.006848,8,0.138525,0.235276,0.175,0.175,0.618164
scene_only_v2,tgsim,verified_t100,100,7.877969,13.93978,7.877969,13.93978,0.0,0.0,0.0,8,0.138525,0.235276,0.175,0.175,0.618164
scene_only_v2,tgsim,metric,1,0.000636,0.000636,0.000636,0.000636,0.0,0.0,0.0,8,0.138525,0.235276,0.175,0.175,0.618164
scene_only_v2,tgsim,metric,10,0.00956,0.022813,0.009847,0.023329,0.00516,-0.001459,0.017089,8,0.138525,0.235276,0.175,0.175,0.618164
scene_only_v2,tgsim,metric,25,3.3517,7.603387,3.348184,7.597211,-0.000813,-0.097772,0.00194,8,0.138525,0.235276,0.175,0.175,0.618164
scene_only_v2,tgsim,metric,50,5.594382,7.95238,5.511348,7.794749,-0.020223,-0.574954,-0.006848,8,0.138525,0.235276,0.175,0.175,0.618164
scene_only_v2,tgsim,metric,100,7.877969,13.93978,7.877969,13.93978,0.0,0.0,0.0,8,0.138525,0.235276,0.175,0.175,0.618164
scene_only_v2,tgsim_i90,all,1,0.036656,0.036656,0.036656,0.036656,0.0,0.0,0.0,4,0.470001,0.729358,0.75,0.15,1.546077
scene_only_v2,tgsim_i90,all,10,0.184548,0.3694,0.183886,0.368381,-0.002766,-0.020527,0.013248,4,0.470001,0.729358,0.75,0.15,1.546077
scene_only_v2,tgsim_i90,all,25,0.609761,1.438587,0.604443,1.430183,-0.005876,-0.019713,0.008487,4,0.470001,0.729358,0.75,0.15,1.546077
scene_only_v2,tgsim_i90,all,50,1.770473,4.532661,1.764847,4.52605,-0.001461,-0.008611,0.006301,4,0.470001,0.729358,0.75,0.15,1.546077
scene_only_v2,tgsim_i90,all,100,5.155622,12.63192,5.167149,12.629881,-0.000161,-0.008606,0.007312,4,0.470001,0.729358,0.75,0.15,1.546077
scene_only_v2,tgsim_i90,hard,1,0.055009,0.055009,0.055009,0.055009,0.0,0.0,0.0,2,0.443372,0.679963,0.7,0.3,1.606149
scene_only_v2,tgsim_i90,hard,10,0.234429,0.44155,0.23601,0.444763,0.007224,0.001023,0.020561,2,0.443372,0.679963,0.7,0.3,1.606149
scene_only_v2,tgsim_i90,hard,25,0.708872,1.639635,0.7099,1.641304,0.001017,-0.00603,0.013326,2,0.443372,0.679963,0.7,0.3,1.606149
scene_only_v2,tgsim_i90,hard,50,2.015529,5.155235,2.017962,5.157442,0.000428,-0.003967,0.006508,2,0.443372,0.679963,0.7,0.3,1.606149
scene_only_v2,tgsim_i90,hard,100,5.885322,14.314168,5.893878,14.324951,0.000753,-0.002128,0.002983,2,0.443372,0.679963,0.7,0.3,1.606149
scene_only_v2,tgsim_i90,extreme,1,0.018304,0.018304,0.018304,0.018304,0.0,0.0,0.0,2,0.496631,0.778752,0.8,0.0,1.486004
scene_only_v2,tgsim_i90,extreme,10,0.134667,0.297249,0.131762,0.291998,-0.017981,-0.027711,-0.008688,2,0.496631,0.778752,0.8,0.0,1.486004
scene_only_v2,tgsim_i90,extreme,25,0.51065,1.23754,0.498986,1.219062,-0.015157,-0.024893,-0.004171,2,0.496631,0.778752,0.8,0.0,1.486004
scene_only_v2,tgsim_i90,extreme,50,1.525416,3.910087,1.511733,3.894658,-0.003962,-0.013256,0.006094,2,0.496631,0.778752,0.8,0.0,1.486004
scene_only_v2,tgsim_i90,extreme,100,4.425923,10.949672,4.44042,10.934811,-0.001359,-0.012469,0.010458,2,0.496631,0.778752,0.8,0.0,1.486004
scene_only_v2,tgsim_i90,baseline_failure,1,0.01938,0.01938,0.01938,0.01938,0.0,0.0,0.0,3,0.499348,0.784373,0.8,0.0,1.466135
scene_only_v2,tgsim_i90,baseline_failure,10,0.136729,0.290331,0.135716,0.288765,-0.005421,-0.027711,0.020561,3,0.499348,0.784373,0.8,0.0,1.466135
scene_only_v2,tgsim_i90,baseline_failure,25,0.499697,1.218095,0.49422,1.211085,-0.005788,-0.024893,0.013326,3,0.499348,0.784373,0.8,0.0,1.466135
scene_only_v2,tgsim_i90,baseline_failure,50,1.536079,4.039944,1.531592,4.039046,-0.000222,-0.013256,0.006508,3,0.499348,0.784373,0.8,0.0,1.466135
scene_only_v2,tgsim_i90,baseline_failure,100,4.632469,11.47565,4.637173,11.456875,-0.001639,-0.012469,0.010458,3,0.499348,0.784373,0.8,0.0,1.466135
scene_only_v2,tgsim_i90,hardbench,1,0.036656,0.036656,0.036656,0.036656,0.0,0.0,0.0,4,0.470001,0.729358,0.75,0.15,1.546077
scene_only_v2,tgsim_i90,hardbench,10,0.184548,0.3694,0.183886,0.368381,-0.002766,-0.020527,0.013248,4,0.470001,0.729358,0.75,0.15,1.546077
scene_only_v2,tgsim_i90,hardbench,25,0.609761,1.438587,0.604443,1.430183,-0.005876,-0.019713,0.008487,4,0.470001,0.729358,0.75,0.15,1.546077
scene_only_v2,tgsim_i90,hardbench,50,1.770473,4.532661,1.764847,4.52605,-0.001461,-0.008611,0.006301,4,0.470001,0.729358,0.75,0.15,1.546077
scene_only_v2,tgsim_i90,hardbench,100,5.155622,12.63192,5.167149,12.629881,-0.000161,-0.008606,0.007312,4,0.470001,0.729358,0.75,0.15,1.546077
scene_only_v2,tgsim_i90,traffic,1,0.036656,0.036656,0.036656,0.036656,0.0,0.0,0.0,4,0.470001,0.729358,0.75,0.15,1.546077
scene_only_v2,tgsim_i90,traffic,10,0.184548,0.3694,0.183886,0.368381,-0.002766,-0.020527,0.013248,4,0.470001,0.729358,0.75,0.15,1.546077
scene_only_v2,tgsim_i90,traffic,25,0.609761,1.438587,0.604443,1.430183,-0.005876,-0.019713,0.008487,4,0.470001,0.729358,0.75,0.15,1.546077
scene_only_v2,tgsim_i90,traffic,50,1.770473,4.532661,1.764847,4.52605,-0.001461,-0.008611,0.006301,4,0.470001,0.729358,0.75,0.15,1.546077
scene_only_v2,tgsim_i90,traffic,100,5.155622,12.63192,5.167149,12.629881,-0.000161,-0.008606,0.007312,4,0.470001,0.729358,0.75,0.15,1.546077
scene_only_v2,tgsim_i90,inferred_only,1,0.036656,0.036656,0.036656,0.036656,0.0,0.0,0.0,4,0.470001,0.729358,0.75,0.15,1.546077
scene_only_v2,tgsim_i90,inferred_only,10,0.184548,0.3694,0.183886,0.368381,-0.002766,-0.020527,0.013248,4,0.470001,0.729358,0.75,0.15,1.546077
scene_only_v2,tgsim_i90,inferred_only,25,0.609761,1.438587,0.604443,1.430183,-0.005876,-0.019713,0.008487,4,0.470001,0.729358,0.75,0.15,1.546077
scene_only_v2,tgsim_i90,inferred_only,50,1.770473,4.532661,1.764847,4.52605,-0.001461,-0.008611,0.006301,4,0.470001,0.729358,0.75,0.15,1.546077
scene_only_v2,tgsim_i90,inferred_only,100,5.155622,12.63192,5.167149,12.629881,-0.000161,-0.008606,0.007312,4,0.470001,0.729358,0.75,0.15,1.546077
scene_only_v2,tgsim_i90,multi_agent,1,0.036656,0.036656,0.036656,0.036656,0.0,0.0,0.0,4,0.470001,0.729358,0.75,0.15,1.546077
scene_only_v2,tgsim_i90,multi_agent,10,0.184548,0.3694,0.183886,0.368381,-0.002766,-0.020527,0.013248,4,0.470001,0.729358,0.75,0.15,1.546077
scene_only_v2,tgsim_i90,multi_agent,25,0.609761,1.438587,0.604443,1.430183,-0.005876,-0.019713,0.008487,4,0.470001,0.729358,0.75,0.15,1.546077
scene_only_v2,tgsim_i90,multi_agent,50,1.770473,4.532661,1.764847,4.52605,-0.001461,-0.008611,0.006301,4,0.470001,0.729358,0.75,0.15,1.546077
scene_only_v2,tgsim_i90,multi_agent,100,5.155622,12.63192,5.167149,12.629881,-0.000161,-0.008606,0.007312,4,0.470001,0.729358,0.75,0.15,1.546077
scene_only_v2,tgsim_i90,verified_t50,1,0.036656,0.036656,0.036656,0.036656,0.0,0.0,0.0,4,0.470001,0.729358,0.75,0.15,1.546077
scene_only_v2,tgsim_i90,verified_t50,10,0.184548,0.3694,0.183886,0.368381,-0.002766,-0.020527,0.013248,4,0.470001,0.729358,0.75,0.15,1.546077
scene_only_v2,tgsim_i90,verified_t50,25,0.609761,1.438587,0.604443,1.430183,-0.005876,-0.019713,0.008487,4,0.470001,0.729358,0.75,0.15,1.546077
scene_only_v2,tgsim_i90,verified_t50,50,1.770473,4.532661,1.764847,4.52605,-0.001461,-0.008611,0.006301,4,0.470001,0.729358,0.75,0.15,1.546077
scene_only_v2,tgsim_i90,verified_t50,100,5.155622,12.63192,5.167149,12.629881,-0.000161,-0.008606,0.007312,4,0.470001,0.729358,0.75,0.15,1.546077
scene_only_v2,tgsim_i90,verified_t100,1,0.036656,0.036656,0.036656,0.036656,0.0,0.0,0.0,4,0.470001,0.729358,0.75,0.15,1.546077
scene_only_v2,tgsim_i90,verified_t100,10,0.184548,0.3694,0.183886,0.368381,-0.002766,-0.020527,0.013248,4,0.470001,0.729358,0.75,0.15,1.546077
scene_only_v2,tgsim_i90,verified_t100,25,0.609761,1.438587,0.604443,1.430183,-0.005876,-0.019713,0.008487,4,0.470001,0.729358,0.75,0.15,1.546077
scene_only_v2,tgsim_i90,verified_t100,50,1.770473,4.532661,1.764847,4.52605,-0.001461,-0.008611,0.006301,4,0.470001,0.729358,0.75,0.15,1.546077
scene_only_v2,tgsim_i90,verified_t100,100,5.155622,12.63192,5.167149,12.629881,-0.000161,-0.008606,0.007312,4,0.470001,0.729358,0.75,0.15,1.546077
scene_only_v2,tgsim_i90,metric,1,0.036656,0.036656,0.036656,0.036656,0.0,0.0,0.0,4,0.470001,0.729358,0.75,0.15,1.546077
scene_only_v2,tgsim_i90,metric,10,0.184548,0.3694,0.183886,0.368381,-0.002766,-0.020527,0.013248,4,0.470001,0.729358,0.75,0.15,1.546077
scene_only_v2,tgsim_i90,metric,25,0.609761,1.438587,0.604443,1.430183,-0.005876,-0.019713,0.008487,4,0.470001,0.729358,0.75,0.15,1.546077
scene_only_v2,tgsim_i90,metric,50,1.770473,4.532661,1.764847,4.52605,-0.001461,-0.008611,0.006301,4,0.470001,0.729358,0.75,0.15,1.546077
scene_only_v2,tgsim_i90,metric,100,5.155622,12.63192,5.167149,12.629881,-0.000161,-0.008606,0.007312,4,0.470001,0.729358,0.75,0.15,1.546077
multiagent_only_v2,tgsim,all,1,0.000636,0.000636,0.000636,0.000636,0.0,0.0,0.0,8,0.143093,0.235276,0.175,0.175,0.645517
multiagent_only_v2,tgsim,all,10,0.009559,0.022817,0.009847,0.023329,0.005126,-0.001603,0.017296,8,0.143093,0.235276,0.175,0.175,0.645517
multiagent_only_v2,tgsim,all,25,3.35494,7.609803,3.348184,7.597211,-0.001657,-0.130814,0.00157,8,0.143093,0.235276,0.175,0.175,0.645517
multiagent_only_v2,tgsim,all,50,5.605049,7.973965,5.511348,7.794749,-0.022992,-0.684399,-0.007852,8,0.143093,0.235276,0.175,0.175,0.645517
multiagent_only_v2,tgsim,all,100,7.877969,13.93978,7.877969,13.93978,0.0,0.0,0.0,8,0.143093,0.235276,0.175,0.175,0.645517
multiagent_only_v2,tgsim,easy,1,0.000427,0.000427,0.000427,0.000427,0.0,0.0,0.0,2,0.03,0.048825,0.0,0.0,0.696317
multiagent_only_v2,tgsim,easy,10,0.006716,0.014999,0.006786,0.015132,0.001336,0.000794,0.001878,2,0.03,0.048825,0.0,0.0,0.696317
multiagent_only_v2,tgsim,easy,25,0.018259,0.033698,0.018537,0.034109,0.004117,0.001389,0.006844,2,0.03,0.048825,0.0,0.0,0.696317
multiagent_only_v2,tgsim,easy,50,0.04451,0.083092,0.038184,0.084776,0.016841,-0.136088,0.169769,2,0.03,0.048825,0.0,0.0,0.696317
multiagent_only_v2,tgsim,easy,100,0.981646,4.934126,0.981646,4.934126,0.0,0.0,0.0,2,0.03,0.048825,0.0,0.0,0.696317
multiagent_only_v2,tgsim,medium,1,0.000769,0.000769,0.000769,0.000769,0.0,0.0,0.0,5,0.210949,0.341948,0.28,0.28,0.562311
multiagent_only_v2,tgsim,medium,10,0.011886,0.029085,0.012386,0.029977,0.008923,-0.000863,0.027193,5,0.210949,0.341948,0.28,0.28,0.562311
multiagent_only_v2,tgsim,medium,25,5.357981,12.157345,5.348016,12.138897,-0.00152,-0.190947,0.003619,5,0.210949,0.341948,0.28,0.28,0.562311
multiagent_only_v2,tgsim,medium,50,8.943775,12.712033,8.799873,12.431497,-0.022567,-1.055914,-0.009917,5,0.210949,0.341948,0.28,0.28,0.562311
multiagent_only_v2,tgsim,medium,100,12.205771,20.316957,12.205771,20.316957,0.0,0.0,0.0,5,0.210949,0.341948,0.28,0.28,0.562311
multiagent_only_v2,tgsim,hard,1,0.00039,0.00039,0.00039,0.00039,0.0,,,1,0.03,0.074816,0.0,0.0,0.959952
multiagent_only_v2,tgsim,hard,10,0.00361,0.007111,0.003271,0.006484,-0.006274,,,1,0.03,0.074816,0.0,0.0,0.959952
multiagent_only_v2,tgsim,hard,25,0.013095,0.024303,0.008318,0.014984,-0.093194,,,1,0.03,0.074816,0.0,0.0,0.959952
multiagent_only_v2,tgsim,hard,50,0.0325,0.065372,0.015049,0.030954,-0.344189,,,1,0.03,0.074816,0.0,0.0,0.959952
multiagent_only_v2,tgsim,hard,100,0.03161,0.065199,0.03161,0.065199,0.0,,,1,0.03,0.074816,0.0,0.0,0.959952
multiagent_only_v2,tgsim,hardbench,1,0.00039,0.00039,0.00039,0.00039,0.0,,,1,0.03,0.074816,0.0,0.0,0.959952
multiagent_only_v2,tgsim,hardbench,10,0.00361,0.007111,0.003271,0.006484,-0.006274,,,1,0.03,0.074816,0.0,0.0,0.959952
multiagent_only_v2,tgsim,hardbench,25,0.013095,0.024303,0.008318,0.014984,-0.093194,,,1,0.03,0.074816,0.0,0.0,0.959952
multiagent_only_v2,tgsim,hardbench,50,0.0325,0.065372,0.015049,0.030954,-0.344189,,,1,0.03,0.074816,0.0,0.0,0.959952
multiagent_only_v2,tgsim,hardbench,100,0.03161,0.065199,0.03161,0.065199,0.0,,,1,0.03,0.074816,0.0,0.0,0.959952
multiagent_only_v2,tgsim,traffic,1,0.000636,0.000636,0.000636,0.000636,0.0,0.0,0.0,8,0.143093,0.235276,0.175,0.175,0.645517
multiagent_only_v2,tgsim,traffic,10,0.009559,0.022817,0.009847,0.023329,0.005126,-0.001603,0.017296,8,0.143093,0.235276,0.175,0.175,0.645517
multiagent_only_v2,tgsim,traffic,25,3.35494,7.609803,3.348184,7.597211,-0.001657,-0.130814,0.00157,8,0.143093,0.235276,0.175,0.175,0.645517
multiagent_only_v2,tgsim,traffic,50,5.605049,7.973965,5.511348,7.794749,-0.022992,-0.684399,-0.007852,8,0.143093,0.235276,0.175,0.175,0.645517
multiagent_only_v2,tgsim,traffic,100,7.877969,13.93978,7.877969,13.93978,0.0,0.0,0.0,8,0.143093,0.235276,0.175,0.175,0.645517
multiagent_only_v2,tgsim,inferred_only,1,0.000636,0.000636,0.000636,0.000636,0.0,0.0,0.0,8,0.143093,0.235276,0.175,0.175,0.645517
multiagent_only_v2,tgsim,inferred_only,10,0.009559,0.022817,0.009847,0.023329,0.005126,-0.001603,0.017296,8,0.143093,0.235276,0.175,0.175,0.645517
multiagent_only_v2,tgsim,inferred_only,25,3.35494,7.609803,3.348184,7.597211,-0.001657,-0.130814,0.00157,8,0.143093,0.235276,0.175,0.175,0.645517
multiagent_only_v2,tgsim,inferred_only,50,5.605049,7.973965,5.511348,7.794749,-0.022992,-0.684399,-0.007852,8,0.143093,0.235276,0.175,0.175,0.645517
multiagent_only_v2,tgsim,inferred_only,100,7.877969,13.93978,7.877969,13.93978,0.0,0.0,0.0,8,0.143093,0.235276,0.175,0.175,0.645517
multiagent_only_v2,tgsim,multi_agent,1,0.000636,0.000636,0.000636,0.000636,0.0,0.0,0.0,8,0.143093,0.235276,0.175,0.175,0.645517
multiagent_only_v2,tgsim,multi_agent,10,0.009559,0.022817,0.009847,0.023329,0.005126,-0.001603,0.017296,8,0.143093,0.235276,0.175,0.175,0.645517
multiagent_only_v2,tgsim,multi_agent,25,3.35494,7.609803,3.348184,7.597211,-0.001657,-0.130814,0.00157,8,0.143093,0.235276,0.175,0.175,0.645517
multiagent_only_v2,tgsim,multi_agent,50,5.605049,7.973965,5.511348,7.794749,-0.022992,-0.684399,-0.007852,8,0.143093,0.235276,0.175,0.175,0.645517
multiagent_only_v2,tgsim,multi_agent,100,7.877969,13.93978,7.877969,13.93978,0.0,0.0,0.0,8,0.143093,0.235276,0.175,0.175,0.645517
multiagent_only_v2,tgsim,verified_t50,1,0.000636,0.000636,0.000636,0.000636,0.0,0.0,0.0,8,0.143093,0.235276,0.175,0.175,0.645517
multiagent_only_v2,tgsim,verified_t50,10,0.009559,0.022817,0.009847,0.023329,0.005126,-0.001603,0.017296,8,0.143093,0.235276,0.175,0.175,0.645517
multiagent_only_v2,tgsim,verified_t50,25,3.35494,7.609803,3.348184,7.597211,-0.001657,-0.130814,0.00157,8,0.143093,0.235276,0.175,0.175,0.645517
multiagent_only_v2,tgsim,verified_t50,50,5.605049,7.973965,5.511348,7.794749,-0.022992,-0.684399,-0.007852,8,0.143093,0.235276,0.175,0.175,0.645517
multiagent_only_v2,tgsim,verified_t50,100,7.877969,13.93978,7.877969,13.93978,0.0,0.0,0.0,8,0.143093,0.235276,0.175,0.175,0.645517
multiagent_only_v2,tgsim,verified_t100,1,0.000636,0.000636,0.000636,0.000636,0.0,0.0,0.0,8,0.143093,0.235276,0.175,0.175,0.645517
multiagent_only_v2,tgsim,verified_t100,10,0.009559,0.022817,0.009847,0.023329,0.005126,-0.001603,0.017296,8,0.143093,0.235276,0.175,0.175,0.645517
multiagent_only_v2,tgsim,verified_t100,25,3.35494,7.609803,3.348184,7.597211,-0.001657,-0.130814,0.00157,8,0.143093,0.235276,0.175,0.175,0.645517
multiagent_only_v2,tgsim,verified_t100,50,5.605049,7.973965,5.511348,7.794749,-0.022992,-0.684399,-0.007852,8,0.143093,0.235276,0.175,0.175,0.645517
multiagent_only_v2,tgsim,verified_t100,100,7.877969,13.93978,7.877969,13.93978,0.0,0.0,0.0,8,0.143093,0.235276,0.175,0.175,0.645517
multiagent_only_v2,tgsim,metric,1,0.000636,0.000636,0.000636,0.000636,0.0,0.0,0.0,8,0.143093,0.235276,0.175,0.175,0.645517
multiagent_only_v2,tgsim,metric,10,0.009559,0.022817,0.009847,0.023329,0.005126,-0.001603,0.017296,8,0.143093,0.235276,0.175,0.175,0.645517
multiagent_only_v2,tgsim,metric,25,3.35494,7.609803,3.348184,7.597211,-0.001657,-0.130814,0.00157,8,0.143093,0.235276,0.175,0.175,0.645517
multiagent_only_v2,tgsim,metric,50,5.605049,7.973965,5.511348,7.794749,-0.022992,-0.684399,-0.007852,8,0.143093,0.235276,0.175,0.175,0.645517
multiagent_only_v2,tgsim,metric,100,7.877969,13.93978,7.877969,13.93978,0.0,0.0,0.0,8,0.143093,0.235276,0.175,0.175,0.645517
multiagent_only_v2,tgsim_i90,all,1,0.036656,0.036656,0.036656,0.036656,0.0,0.0,0.0,4,0.473154,0.729358,0.75,0.15,1.554055
multiagent_only_v2,tgsim_i90,all,10,0.184599,0.369523,0.183886,0.368381,-0.0031,-0.020727,0.01222,4,0.473154,0.729358,0.75,0.15,1.554055
multiagent_only_v2,tgsim_i90,all,25,0.610743,1.440419,0.604443,1.430183,-0.007157,-0.021095,0.00697,4,0.473154,0.729358,0.75,0.15,1.554055
multiagent_only_v2,tgsim_i90,all,50,1.771297,4.534357,1.764847,4.52605,-0.001835,-0.008966,0.005952,4,0.473154,0.729358,0.75,0.15,1.554055
multiagent_only_v2,tgsim_i90,all,100,5.153292,12.626522,5.167149,12.629881,0.000266,-0.00811,0.007504,4,0.473154,0.729358,0.75,0.15,1.554055
multiagent_only_v2,tgsim_i90,hard,1,0.055009,0.055009,0.055009,0.055009,0.0,0.0,0.0,2,0.447968,0.679963,0.7,0.3,1.625439
multiagent_only_v2,tgsim_i90,hard,10,0.234534,0.441788,0.23601,0.444763,0.00669,0.000903,0.019139,2,0.447968,0.679963,0.7,0.3,1.625439
multiagent_only_v2,tgsim_i90,hard,25,0.710037,1.641823,0.7099,1.641304,-0.000316,-0.007189,0.01169,2,0.447968,0.679963,0.7,0.3,1.625439
multiagent_only_v2,tgsim_i90,hard,50,2.017052,5.158221,2.017962,5.157442,-0.000151,-0.004401,0.005728,2,0.447968,0.679963,0.7,0.3,1.625439
multiagent_only_v2,tgsim_i90,hard,100,5.881538,14.306411,5.893878,14.324951,0.001294,-0.001351,0.003342,2,0.447968,0.679963,0.7,0.3,1.625439
multiagent_only_v2,tgsim_i90,extreme,1,0.018304,0.018304,0.018304,0.018304,0.0,0.0,0.0,2,0.49834,0.778752,0.8,0.0,1.482671
multiagent_only_v2,tgsim_i90,extreme,10,0.134664,0.297258,0.131762,0.291998,-0.018012,-0.027937,-0.008534,2,0.49834,0.778752,0.8,0.0,1.482671
multiagent_only_v2,tgsim_i90,extreme,25,0.51145,1.239016,0.498986,1.219062,-0.016368,-0.02647,-0.004969,2,0.49834,0.778752,0.8,0.0,1.482671
multiagent_only_v2,tgsim_i90,extreme,50,1.525542,3.910492,1.511733,3.894658,-0.004066,-0.013532,0.006176,2,0.49834,0.778752,0.8,0.0,1.482671
multiagent_only_v2,tgsim_i90,extreme,100,4.425046,10.946633,4.44042,10.934811,-0.001081,-0.011928,0.010456,2,0.49834,0.778752,0.8,0.0,1.482671
multiagent_only_v2,tgsim_i90,baseline_failure,1,0.01938,0.01938,0.01938,0.01938,0.0,0.0,0.0,3,0.502015,0.784373,0.8,0.0,1.464683
multiagent_only_v2,tgsim_i90,baseline_failure,10,0.136785,0.290471,0.135716,0.288765,-0.005906,-0.027937,0.019139,3,0.502015,0.784373,0.8,0.0,1.464683
multiagent_only_v2,tgsim_i90,baseline_failure,25,0.50063,1.21973,0.49422,1.211085,-0.007139,-0.02647,0.01169,3,0.502015,0.784373,0.8,0.0,1.464683
multiagent_only_v2,tgsim_i90,baseline_failure,50,1.536742,4.041339,1.531592,4.039046,-0.000568,-0.013532,0.006176,3,0.502015,0.784373,0.8,0.0,1.464683
multiagent_only_v2,tgsim_i90,baseline_failure,100,4.630295,11.470387,4.637173,11.456875,-0.001179,-0.011928,0.010456,3,0.502015,0.784373,0.8,0.0,1.464683
multiagent_only_v2,tgsim_i90,hardbench,1,0.036656,0.036656,0.036656,0.036656,0.0,0.0,0.0,4,0.473154,0.729358,0.75,0.15,1.554055
multiagent_only_v2,tgsim_i90,hardbench,10,0.184599,0.369523,0.183886,0.368381,-0.0031,-0.020727,0.01222,4,0.473154,0.729358,0.75,0.15,1.554055
multiagent_only_v2,tgsim_i90,hardbench,25,0.610743,1.440419,0.604443,1.430183,-0.007157,-0.021095,0.00697,4,0.473154,0.729358,0.75,0.15,1.554055
multiagent_only_v2,tgsim_i90,hardbench,50,1.771297,4.534357,1.764847,4.52605,-0.001835,-0.008966,0.005952,4,0.473154,0.729358,0.75,0.15,1.554055
multiagent_only_v2,tgsim_i90,hardbench,100,5.153292,12.626522,5.167149,12.629881,0.000266,-0.00811,0.007504,4,0.473154,0.729358,0.75,0.15,1.554055
multiagent_only_v2,tgsim_i90,traffic,1,0.036656,0.036656,0.036656,0.036656,0.0,0.0,0.0,4,0.473154,0.729358,0.75,0.15,1.554055
multiagent_only_v2,tgsim_i90,traffic,10,0.184599,0.369523,0.183886,0.368381,-0.0031,-0.020727,0.01222,4,0.473154,0.729358,0.75,0.15,1.554055
multiagent_only_v2,tgsim_i90,traffic,25,0.610743,1.440419,0.604443,1.430183,-0.007157,-0.021095,0.00697,4,0.473154,0.729358,0.75,0.15,1.554055
multiagent_only_v2,tgsim_i90,traffic,50,1.771297,4.534357,1.764847,4.52605,-0.001835,-0.008966,0.005952,4,0.473154,0.729358,0.75,0.15,1.554055
multiagent_only_v2,tgsim_i90,traffic,100,5.153292,12.626522,5.167149,12.629881,0.000266,-0.00811,0.007504,4,0.473154,0.729358,0.75,0.15,1.554055
multiagent_only_v2,tgsim_i90,inferred_only,1,0.036656,0.036656,0.036656,0.036656,0.0,0.0,0.0,4,0.473154,0.729358,0.75,0.15,1.554055
multiagent_only_v2,tgsim_i90,inferred_only,10,0.184599,0.369523,0.183886,0.368381,-0.0031,-0.020727,0.01222,4,0.473154,0.729358,0.75,0.15,1.554055
multiagent_only_v2,tgsim_i90,inferred_only,25,0.610743,1.440419,0.604443,1.430183,-0.007157,-0.021095,0.00697,4,0.473154,0.729358,0.75,0.15,1.554055
multiagent_only_v2,tgsim_i90,inferred_only,50,1.771297,4.534357,1.764847,4.52605,-0.001835,-0.008966,0.005952,4,0.473154,0.729358,0.75,0.15,1.554055
multiagent_only_v2,tgsim_i90,inferred_only,100,5.153292,12.626522,5.167149,12.629881,0.000266,-0.00811,0.007504,4,0.473154,0.729358,0.75,0.15,1.554055
multiagent_only_v2,tgsim_i90,multi_agent,1,0.036656,0.036656,0.036656,0.036656,0.0,0.0,0.0,4,0.473154,0.729358,0.75,0.15,1.554055
multiagent_only_v2,tgsim_i90,multi_agent,10,0.184599,0.369523,0.183886,0.368381,-0.0031,-0.020727,0.01222,4,0.473154,0.729358,0.75,0.15,1.554055
multiagent_only_v2,tgsim_i90,multi_agent,25,0.610743,1.440419,0.604443,1.430183,-0.007157,-0.021095,0.00697,4,0.473154,0.729358,0.75,0.15,1.554055
multiagent_only_v2,tgsim_i90,multi_agent,50,1.771297,4.534357,1.764847,4.52605,-0.001835,-0.008966,0.005952,4,0.473154,0.729358,0.75,0.15,1.554055
multiagent_only_v2,tgsim_i90,multi_agent,100,5.153292,12.626522,5.167149,12.629881,0.000266,-0.00811,0.007504,4,0.473154,0.729358,0.75,0.15,1.554055
multiagent_only_v2,tgsim_i90,verified_t50,1,0.036656,0.036656,0.036656,0.036656,0.0,0.0,0.0,4,0.473154,0.729358,0.75,0.15,1.554055
multiagent_only_v2,tgsim_i90,verified_t50,10,0.184599,0.369523,0.183886,0.368381,-0.0031,-0.020727,0.01222,4,0.473154,0.729358,0.75,0.15,1.554055
multiagent_only_v2,tgsim_i90,verified_t50,25,0.610743,1.440419,0.604443,1.430183,-0.007157,-0.021095,0.00697,4,0.473154,0.729358,0.75,0.15,1.554055
multiagent_only_v2,tgsim_i90,verified_t50,50,1.771297,4.534357,1.764847,4.52605,-0.001835,-0.008966,0.005952,4,0.473154,0.729358,0.75,0.15,1.554055
multiagent_only_v2,tgsim_i90,verified_t50,100,5.153292,12.626522,5.167149,12.629881,0.000266,-0.00811,0.007504,4,0.473154,0.729358,0.75,0.15,1.554055
multiagent_only_v2,tgsim_i90,verified_t100,1,0.036656,0.036656,0.036656,0.036656,0.0,0.0,0.0,4,0.473154,0.729358,0.75,0.15,1.554055
multiagent_only_v2,tgsim_i90,verified_t100,10,0.184599,0.369523,0.183886,0.368381,-0.0031,-0.020727,0.01222,4,0.473154,0.729358,0.75,0.15,1.554055
multiagent_only_v2,tgsim_i90,verified_t100,25,0.610743,1.440419,0.604443,1.430183,-0.007157,-0.021095,0.00697,4,0.473154,0.729358,0.75,0.15,1.554055
multiagent_only_v2,tgsim_i90,verified_t100,50,1.771297,4.534357,1.764847,4.52605,-0.001835,-0.008966,0.005952,4,0.473154,0.729358,0.75,0.15,1.554055
multiagent_only_v2,tgsim_i90,verified_t100,100,5.153292,12.626522,5.167149,12.629881,0.000266,-0.00811,0.007504,4,0.473154,0.729358,0.75,0.15,1.554055
multiagent_only_v2,tgsim_i90,metric,1,0.036656,0.036656,0.036656,0.036656,0.0,0.0,0.0,4,0.473154,0.729358,0.75,0.15,1.554055
multiagent_only_v2,tgsim_i90,metric,10,0.184599,0.369523,0.183886,0.368381,-0.0031,-0.020727,0.01222,4,0.473154,0.729358,0.75,0.15,1.554055
multiagent_only_v2,tgsim_i90,metric,25,0.610743,1.440419,0.604443,1.430183,-0.007157,-0.021095,0.00697,4,0.473154,0.729358,0.75,0.15,1.554055
multiagent_only_v2,tgsim_i90,metric,50,1.771297,4.534357,1.764847,4.52605,-0.001835,-0.008966,0.005952,4,0.473154,0.729358,0.75,0.15,1.554055
multiagent_only_v2,tgsim_i90,metric,100,5.153292,12.626522,5.167149,12.629881,0.000266,-0.00811,0.007504,4,0.473154,0.729358,0.75,0.15,1.554055
scene_goal_v2,tgsim,all,1,0.000636,0.000636,0.000636,0.000636,0.0,0.0,0.0,8,0.084059,0.235276,0.15,0.15,0.779266
scene_goal_v2,tgsim,all,10,0.009674,0.023038,0.009847,0.023329,0.002913,-0.004722,0.014807,8,0.084059,0.235276,0.15,0.15,0.779266
scene_goal_v2,tgsim,all,25,3.36403,7.626684,3.348184,7.597211,-0.003879,-0.238498,-0.004907,8,0.084059,0.235276,0.15,0.15,0.779266
scene_goal_v2,tgsim,all,50,5.530112,7.830587,5.511348,7.794749,-0.004598,-0.274788,-0.015305,8,0.084059,0.235276,0.15,0.15,0.779266
scene_goal_v2,tgsim,all,100,7.882194,13.948016,7.877969,13.93978,-0.000591,-0.122508,0.001119,8,0.084059,0.235276,0.15,0.15,0.779266
scene_goal_v2,tgsim,easy,1,0.000427,0.000427,0.000427,0.000427,0.0,0.0,0.0,2,0.02706,0.048825,0.0,0.0,0.298015
scene_goal_v2,tgsim,easy,10,0.006711,0.014989,0.006786,0.015132,0.001432,-0.000445,0.003308,2,0.02706,0.048825,0.0,0.0,0.298015
scene_goal_v2,tgsim,easy,25,0.017242,0.030932,0.018537,0.034109,0.031769,0.020332,0.043206,2,0.02706,0.048825,0.0,0.0,0.298015
scene_goal_v2,tgsim,easy,50,0.037127,0.082977,0.038184,0.084776,0.017987,-0.002122,0.038096,2,0.02706,0.048825,0.0,0.0,0.298015
scene_goal_v2,tgsim,easy,100,0.978295,4.925652,0.981646,4.934126,0.001717,0.001444,0.016567,2,0.02706,0.048825,0.0,0.0,0.298015
scene_goal_v2,tgsim,medium,1,0.000769,0.000769,0.000769,0.000769,0.0,0.0,0.0,5,0.117615,0.341948,0.24,0.24,0.857495
scene_goal_v2,tgsim,medium,10,0.01196,0.029238,0.012386,0.029977,0.007392,-0.001698,0.023381,5,0.117615,0.341948,0.24,0.24,0.857495
scene_goal_v2,tgsim,medium,25,5.37167,12.183019,5.348016,12.138897,-0.003635,-0.306994,-0.007287,5,0.117615,0.341948,0.24,0.24,0.857495
scene_goal_v2,tgsim,medium,50,8.825838,12.480735,8.799873,12.431497,-0.003961,-0.302075,-0.01502,5,0.117615,0.341948,0.24,0.24,0.857495
scene_goal_v2,tgsim,medium,100,12.210854,20.327564,12.205771,20.316957,-0.000522,-0.069047,-0.000566,5,0.117615,0.341948,0.24,0.24,0.857495
scene_goal_v2,tgsim,hard,1,0.00039,0.00039,0.00039,0.00039,0.0,,,1,0.030282,0.074816,0.0,0.0,1.350624
scene_goal_v2,tgsim,hard,10,0.004169,0.008136,0.003271,0.006484,-0.016517,,,1,0.030282,0.074816,0.0,0.0,1.350624
scene_goal_v2,tgsim,hard,25,0.019407,0.036509,0.008318,0.014984,-0.215249,,,1,0.030282,0.074816,0.0,0.0,1.350624
scene_goal_v2,tgsim,hard,50,0.037452,0.075068,0.015049,0.030954,-0.441143,,,1,0.030282,0.074816,0.0,0.0,1.350624
scene_goal_v2,tgsim,hard,100,0.04669,0.095,0.03161,0.065199,-0.298009,,,1,0.030282,0.074816,0.0,0.0,1.350624
scene_goal_v2,tgsim,hardbench,1,0.00039,0.00039,0.00039,0.00039,0.0,,,1,0.030282,0.074816,0.0,0.0,1.350624
scene_goal_v2,tgsim,hardbench,10,0.004169,0.008136,0.003271,0.006484,-0.016517,,,1,0.030282,0.074816,0.0,0.0,1.350624
scene_goal_v2,tgsim,hardbench,25,0.019407,0.036509,0.008318,0.014984,-0.215249,,,1,0.030282,0.074816,0.0,0.0,1.350624
scene_goal_v2,tgsim,hardbench,50,0.037452,0.075068,0.015049,0.030954,-0.441143,,,1,0.030282,0.074816,0.0,0.0,1.350624
scene_goal_v2,tgsim,hardbench,100,0.04669,0.095,0.03161,0.065199,-0.298009,,,1,0.030282,0.074816,0.0,0.0,1.350624
scene_goal_v2,tgsim,traffic,1,0.000636,0.000636,0.000636,0.000636,0.0,0.0,0.0,8,0.084059,0.235276,0.15,0.15,0.779266
scene_goal_v2,tgsim,traffic,10,0.009674,0.023038,0.009847,0.023329,0.002913,-0.004722,0.014807,8,0.084059,0.235276,0.15,0.15,0.779266
scene_goal_v2,tgsim,traffic,25,3.36403,7.626684,3.348184,7.597211,-0.003879,-0.238498,-0.004907,8,0.084059,0.235276,0.15,0.15,0.779266
scene_goal_v2,tgsim,traffic,50,5.530112,7.830587,5.511348,7.794749,-0.004598,-0.274788,-0.015305,8,0.084059,0.235276,0.15,0.15,0.779266
scene_goal_v2,tgsim,traffic,100,7.882194,13.948016,7.877969,13.93978,-0.000591,-0.122508,0.001119,8,0.084059,0.235276,0.15,0.15,0.779266
scene_goal_v2,tgsim,inferred_only,1,0.000636,0.000636,0.000636,0.000636,0.0,0.0,0.0,8,0.084059,0.235276,0.15,0.15,0.779266
scene_goal_v2,tgsim,inferred_only,10,0.009674,0.023038,0.009847,0.023329,0.002913,-0.004722,0.014807,8,0.084059,0.235276,0.15,0.15,0.779266
scene_goal_v2,tgsim,inferred_only,25,3.36403,7.626684,3.348184,7.597211,-0.003879,-0.238498,-0.004907,8,0.084059,0.235276,0.15,0.15,0.779266
scene_goal_v2,tgsim,inferred_only,50,5.530112,7.830587,5.511348,7.794749,-0.004598,-0.274788,-0.015305,8,0.084059,0.235276,0.15,0.15,0.779266
scene_goal_v2,tgsim,inferred_only,100,7.882194,13.948016,7.877969,13.93978,-0.000591,-0.122508,0.001119,8,0.084059,0.235276,0.15,0.15,0.779266
scene_goal_v2,tgsim,multi_agent,1,0.000636,0.000636,0.000636,0.000636,0.0,0.0,0.0,8,0.084059,0.235276,0.15,0.15,0.779266
scene_goal_v2,tgsim,multi_agent,10,0.009674,0.023038,0.009847,0.023329,0.002913,-0.004722,0.014807,8,0.084059,0.235276,0.15,0.15,0.779266
scene_goal_v2,tgsim,multi_agent,25,3.36403,7.626684,3.348184,7.597211,-0.003879,-0.238498,-0.004907,8,0.084059,0.235276,0.15,0.15,0.779266
scene_goal_v2,tgsim,multi_agent,50,5.530112,7.830587,5.511348,7.794749,-0.004598,-0.274788,-0.015305,8,0.084059,0.235276,0.15,0.15,0.779266
scene_goal_v2,tgsim,multi_agent,100,7.882194,13.948016,7.877969,13.93978,-0.000591,-0.122508,0.001119,8,0.084059,0.235276,0.15,0.15,0.779266
scene_goal_v2,tgsim,verified_t50,1,0.000636,0.000636,0.000636,0.000636,0.0,0.0,0.0,8,0.084059,0.235276,0.15,0.15,0.779266
scene_goal_v2,tgsim,verified_t50,10,0.009674,0.023038,0.009847,0.023329,0.002913,-0.004722,0.014807,8,0.084059,0.235276,0.15,0.15,0.779266
scene_goal_v2,tgsim,verified_t50,25,3.36403,7.626684,3.348184,7.597211,-0.003879,-0.238498,-0.004907,8,0.084059,0.235276,0.15,0.15,0.779266
scene_goal_v2,tgsim,verified_t50,50,5.530112,7.830587,5.511348,7.794749,-0.004598,-0.274788,-0.015305,8,0.084059,0.235276,0.15,0.15,0.779266
scene_goal_v2,tgsim,verified_t50,100,7.882194,13.948016,7.877969,13.93978,-0.000591,-0.122508,0.001119,8,0.084059,0.235276,0.15,0.15,0.779266
scene_goal_v2,tgsim,verified_t100,1,0.000636,0.000636,0.000636,0.000636,0.0,0.0,0.0,8,0.084059,0.235276,0.15,0.15,0.779266
scene_goal_v2,tgsim,verified_t100,10,0.009674,0.023038,0.009847,0.023329,0.002913,-0.004722,0.014807,8,0.084059,0.235276,0.15,0.15,0.779266
scene_goal_v2,tgsim,verified_t100,25,3.36403,7.626684,3.348184,7.597211,-0.003879,-0.238498,-0.004907,8,0.084059,0.235276,0.15,0.15,0.779266
scene_goal_v2,tgsim,verified_t100,50,5.530112,7.830587,5.511348,7.794749,-0.004598,-0.274788,-0.015305,8,0.084059,0.235276,0.15,0.15,0.779266
scene_goal_v2,tgsim,verified_t100,100,7.882194,13.948016,7.877969,13.93978,-0.000591,-0.122508,0.001119,8,0.084059,0.235276,0.15,0.15,0.779266
scene_goal_v2,tgsim,metric,1,0.000636,0.000636,0.000636,0.000636,0.0,0.0,0.0,8,0.084059,0.235276,0.15,0.15,0.779266
scene_goal_v2,tgsim,metric,10,0.009674,0.023038,0.009847,0.023329,0.002913,-0.004722,0.014807,8,0.084059,0.235276,0.15,0.15,0.779266
scene_goal_v2,tgsim,metric,25,3.36403,7.626684,3.348184,7.597211,-0.003879,-0.238498,-0.004907,8,0.084059,0.235276,0.15,0.15,0.779266
scene_goal_v2,tgsim,metric,50,5.530112,7.830587,5.511348,7.794749,-0.004598,-0.274788,-0.015305,8,0.084059,0.235276,0.15,0.15,0.779266
scene_goal_v2,tgsim,metric,100,7.882194,13.948016,7.877969,13.93978,-0.000591,-0.122508,0.001119,8,0.084059,0.235276,0.15,0.15,0.779266
scene_goal_v2,tgsim_i90,all,1,0.036656,0.036656,0.036656,0.036656,0.0,0.0,0.0,4,0.546096,0.729358,0.75,0.15,1.726944
scene_goal_v2,tgsim_i90,all,10,0.184799,0.369765,0.183886,0.368381,-0.003758,-0.020056,0.009931,4,0.546096,0.729358,0.75,0.15,1.726944
scene_goal_v2,tgsim_i90,all,25,0.613858,1.445948,0.604443,1.430183,-0.011023,-0.015769,-0.004086,4,0.546096,0.729358,0.75,0.15,1.726944
scene_goal_v2,tgsim_i90,all,50,1.786642,4.562632,1.764847,4.52605,-0.008083,-0.014135,0.002582,4,0.546096,0.729358,0.75,0.15,1.726944
scene_goal_v2,tgsim_i90,all,100,5.17613,12.674636,5.167149,12.629881,-0.003544,-0.01346,0.008276,4,0.546096,0.729358,0.75,0.15,1.726944
scene_goal_v2,tgsim_i90,hard,1,0.055009,0.055009,0.055009,0.055009,0.0,0.0,0.0,2,0.5193,0.679963,0.7,0.3,1.770837
scene_goal_v2,tgsim_i90,hard,10,0.234881,0.442193,0.23601,0.444763,0.005779,0.000765,0.016562,2,0.5193,0.679963,0.7,0.3,1.770837
scene_goal_v2,tgsim_i90,hard,25,0.716032,1.6536,0.7099,1.641304,-0.007491,-0.011643,-0.000239,2,0.5193,0.679963,0.7,0.3,1.770837
scene_goal_v2,tgsim_i90,hard,50,2.051848,5.227124,2.017962,5.157442,-0.013511,-0.015161,-0.011227,2,0.5193,0.679963,0.7,0.3,1.770837
scene_goal_v2,tgsim_i90,hard,100,5.93774,14.418431,5.893878,14.324951,-0.006526,-0.013133,-0.001411,2,0.5193,0.679963,0.7,0.3,1.770837
scene_goal_v2,tgsim_i90,extreme,1,0.018304,0.018304,0.018304,0.018304,0.0,0.0,0.0,2,0.572891,0.778752,0.8,0.0,1.683051
scene_goal_v2,tgsim_i90,extreme,10,0.134716,0.297337,0.131762,0.291998,-0.018284,-0.026996,-0.009964,2,0.572891,0.778752,0.8,0.0,1.683051
scene_goal_v2,tgsim_i90,extreme,25,0.511684,1.238296,0.498986,1.219062,-0.015777,-0.015912,-0.015626,2,0.572891,0.778752,0.8,0.0,1.683051
scene_goal_v2,tgsim_i90,extreme,50,1.521435,3.898141,1.511733,3.894658,-0.000894,-0.011055,0.008497,2,0.572891,0.778752,0.8,0.0,1.683051
scene_goal_v2,tgsim_i90,extreme,100,4.41452,10.930841,4.44042,10.934811,0.000363,-0.013786,0.015412,2,0.572891,0.778752,0.8,0.0,1.683051
scene_goal_v2,tgsim_i90,baseline_failure,1,0.01938,0.01938,0.01938,0.01938,0.0,0.0,0.0,3,0.575609,0.784373,0.8,0.0,1.675266
scene_goal_v2,tgsim_i90,baseline_failure,10,0.137036,0.290766,0.135716,0.288765,-0.006929,-0.026996,0.016562,3,0.575609,0.784373,0.8,0.0,1.675266
scene_goal_v2,tgsim_i90,baseline_failure,25,0.503203,1.224003,0.49422,1.211085,-0.010666,-0.015912,-0.000239,3,0.575609,0.784373,0.8,0.0,1.675266
scene_goal_v2,tgsim_i90,baseline_failure,50,1.546581,4.057565,1.531592,4.039046,-0.004585,-0.011227,0.008497,3,0.575609,0.784373,0.8,0.0,1.675266
scene_goal_v2,tgsim_i90,baseline_failure,100,4.647575,11.508955,4.637173,11.456875,-0.004546,-0.013786,0.015412,3,0.575609,0.784373,0.8,0.0,1.675266
scene_goal_v2,tgsim_i90,hardbench,1,0.036656,0.036656,0.036656,0.036656,0.0,0.0,0.0,4,0.546096,0.729358,0.75,0.15,1.726944
scene_goal_v2,tgsim_i90,hardbench,10,0.184799,0.369765,0.183886,0.368381,-0.003758,-0.020056,0.009931,4,0.546096,0.729358,0.75,0.15,1.726944
scene_goal_v2,tgsim_i90,hardbench,25,0.613858,1.445948,0.604443,1.430183,-0.011023,-0.015769,-0.004086,4,0.546096,0.729358,0.75,0.15,1.726944
scene_goal_v2,tgsim_i90,hardbench,50,1.786642,4.562632,1.764847,4.52605,-0.008083,-0.014135,0.002582,4,0.546096,0.729358,0.75,0.15,1.726944
scene_goal_v2,tgsim_i90,hardbench,100,5.17613,12.674636,5.167149,12.629881,-0.003544,-0.01346,0.008276,4,0.546096,0.729358,0.75,0.15,1.726944
scene_goal_v2,tgsim_i90,traffic,1,0.036656,0.036656,0.036656,0.036656,0.0,0.0,0.0,4,0.546096,0.729358,0.75,0.15,1.726944
scene_goal_v2,tgsim_i90,traffic,10,0.184799,0.369765,0.183886,0.368381,-0.003758,-0.020056,0.009931,4,0.546096,0.729358,0.75,0.15,1.726944
scene_goal_v2,tgsim_i90,traffic,25,0.613858,1.445948,0.604443,1.430183,-0.011023,-0.015769,-0.004086,4,0.546096,0.729358,0.75,0.15,1.726944
scene_goal_v2,tgsim_i90,traffic,50,1.786642,4.562632,1.764847,4.52605,-0.008083,-0.014135,0.002582,4,0.546096,0.729358,0.75,0.15,1.726944
scene_goal_v2,tgsim_i90,traffic,100,5.17613,12.674636,5.167149,12.629881,-0.003544,-0.01346,0.008276,4,0.546096,0.729358,0.75,0.15,1.726944
scene_goal_v2,tgsim_i90,inferred_only,1,0.036656,0.036656,0.036656,0.036656,0.0,0.0,0.0,4,0.546096,0.729358,0.75,0.15,1.726944
scene_goal_v2,tgsim_i90,inferred_only,10,0.184799,0.369765,0.183886,0.368381,-0.003758,-0.020056,0.009931,4,0.546096,0.729358,0.75,0.15,1.726944
scene_goal_v2,tgsim_i90,inferred_only,25,0.613858,1.445948,0.604443,1.430183,-0.011023,-0.015769,-0.004086,4,0.546096,0.729358,0.75,0.15,1.726944
scene_goal_v2,tgsim_i90,inferred_only,50,1.786642,4.562632,1.764847,4.52605,-0.008083,-0.014135,0.002582,4,0.546096,0.729358,0.75,0.15,1.726944
scene_goal_v2,tgsim_i90,inferred_only,100,5.17613,12.674636,5.167149,12.629881,-0.003544,-0.01346,0.008276,4,0.546096,0.729358,0.75,0.15,1.726944
scene_goal_v2,tgsim_i90,multi_agent,1,0.036656,0.036656,0.036656,0.036656,0.0,0.0,0.0,4,0.546096,0.729358,0.75,0.15,1.726944
scene_goal_v2,tgsim_i90,multi_agent,10,0.184799,0.369765,0.183886,0.368381,-0.003758,-0.020056,0.009931,4,0.546096,0.729358,0.75,0.15,1.726944
scene_goal_v2,tgsim_i90,multi_agent,25,0.613858,1.445948,0.604443,1.430183,-0.011023,-0.015769,-0.004086,4,0.546096,0.729358,0.75,0.15,1.726944
scene_goal_v2,tgsim_i90,multi_agent,50,1.786642,4.562632,1.764847,4.52605,-0.008083,-0.014135,0.002582,4,0.546096,0.729358,0.75,0.15,1.726944
scene_goal_v2,tgsim_i90,multi_agent,100,5.17613,12.674636,5.167149,12.629881,-0.003544,-0.01346,0.008276,4,0.546096,0.729358,0.75,0.15,1.726944
scene_goal_v2,tgsim_i90,verified_t50,1,0.036656,0.036656,0.036656,0.036656,0.0,0.0,0.0,4,0.546096,0.729358,0.75,0.15,1.726944
scene_goal_v2,tgsim_i90,verified_t50,10,0.184799,0.369765,0.183886,0.368381,-0.003758,-0.020056,0.009931,4,0.546096,0.729358,0.75,0.15,1.726944
scene_goal_v2,tgsim_i90,verified_t50,25,0.613858,1.445948,0.604443,1.430183,-0.011023,-0.015769,-0.004086,4,0.546096,0.729358,0.75,0.15,1.726944
scene_goal_v2,tgsim_i90,verified_t50,50,1.786642,4.562632,1.764847,4.52605,-0.008083,-0.014135,0.002582,4,0.546096,0.729358,0.75,0.15,1.726944
scene_goal_v2,tgsim_i90,verified_t50,100,5.17613,12.674636,5.167149,12.629881,-0.003544,-0.01346,0.008276,4,0.546096,0.729358,0.75,0.15,1.726944
scene_goal_v2,tgsim_i90,verified_t100,1,0.036656,0.036656,0.036656,0.036656,0.0,0.0,0.0,4,0.546096,0.729358,0.75,0.15,1.726944
scene_goal_v2,tgsim_i90,verified_t100,10,0.184799,0.369765,0.183886,0.368381,-0.003758,-0.020056,0.009931,4,0.546096,0.729358,0.75,0.15,1.726944
scene_goal_v2,tgsim_i90,verified_t100,25,0.613858,1.445948,0.604443,1.430183,-0.011023,-0.015769,-0.004086,4,0.546096,0.729358,0.75,0.15,1.726944
scene_goal_v2,tgsim_i90,verified_t100,50,1.786642,4.562632,1.764847,4.52605,-0.008083,-0.014135,0.002582,4,0.546096,0.729358,0.75,0.15,1.726944
scene_goal_v2,tgsim_i90,verified_t100,100,5.17613,12.674636,5.167149,12.629881,-0.003544,-0.01346,0.008276,4,0.546096,0.729358,0.75,0.15,1.726944
scene_goal_v2,tgsim_i90,metric,1,0.036656,0.036656,0.036656,0.036656,0.0,0.0,0.0,4,0.546096,0.729358,0.75,0.15,1.726944
scene_goal_v2,tgsim_i90,metric,10,0.184799,0.369765,0.183886,0.368381,-0.003758,-0.020056,0.009931,4,0.546096,0.729358,0.75,0.15,1.726944
scene_goal_v2,tgsim_i90,metric,25,0.613858,1.445948,0.604443,1.430183,-0.011023,-0.015769,-0.004086,4,0.546096,0.729358,0.75,0.15,1.726944
scene_goal_v2,tgsim_i90,metric,50,1.786642,4.562632,1.764847,4.52605,-0.008083,-0.014135,0.002582,4,0.546096,0.729358,0.75,0.15,1.726944
scene_goal_v2,tgsim_i90,metric,100,5.17613,12.674636,5.167149,12.629881,-0.003544,-0.01346,0.008276,4,0.546096,0.729358,0.75,0.15,1.726944
scene_goal_multiagent_v2,tgsim,all,1,0.000636,0.000636,0.000636,0.000636,0.0,0.0,0.0,8,0.07166,0.235276,0.075,0.075,0.792052
scene_goal_multiagent_v2,tgsim,all,10,0.009675,0.02304,0.009847,0.023329,0.002892,-0.004785,0.014847,8,0.07166,0.235276,0.075,0.075,0.792052
scene_goal_multiagent_v2,tgsim,all,25,3.365408,7.629362,3.348184,7.597211,-0.004232,-0.253967,-0.005281,8,0.07166,0.235276,0.075,0.075,0.792052
scene_goal_multiagent_v2,tgsim,all,50,5.511348,7.794749,5.511348,7.794749,0.0,0.0,0.0,8,0.07166,0.235276,0.075,0.075,0.792052
scene_goal_multiagent_v2,tgsim,all,100,7.882291,13.948254,7.877969,13.93978,-0.000608,-0.123788,0.001576,8,0.07166,0.235276,0.075,0.075,0.792052
scene_goal_multiagent_v2,tgsim,easy,1,0.000427,0.000427,0.000427,0.000427,0.0,0.0,0.0,2,0.024,0.048825,0.0,0.0,0.287967
scene_goal_multiagent_v2,tgsim,easy,10,0.006712,0.014989,0.006786,0.015132,0.001431,-0.000427,0.003289,2,0.024,0.048825,0.0,0.0,0.287967
scene_goal_multiagent_v2,tgsim,easy,25,0.017217,0.030854,0.018537,0.034109,0.032549,0.020899,0.044198,2,0.024,0.048825,0.0,0.0,0.287967
scene_goal_multiagent_v2,tgsim,easy,50,0.038184,0.084776,0.038184,0.084776,0.0,0.0,0.0,2,0.024,0.048825,0.0,0.0,0.287967
scene_goal_multiagent_v2,tgsim,easy,100,0.97826,4.925758,0.981646,4.934126,0.001696,0.001354,0.020255,2,0.024,0.048825,0.0,0.0,0.287967
scene_goal_multiagent_v2,tgsim,medium,1,0.000769,0.000769,0.000769,0.000769,0.0,0.0,0.0,5,0.100256,0.341948,0.12,0.12,0.879014
scene_goal_multiagent_v2,tgsim,medium,10,0.011959,0.029238,0.012386,0.029977,0.007384,-0.001755,0.023469,5,0.100256,0.341948,0.12,0.12,0.879014
scene_goal_multiagent_v2,tgsim,medium,25,5.373817,12.187206,5.348016,12.138897,-0.00398,-0.327046,-0.007708,5,0.100256,0.341948,0.12,0.12,0.879014
scene_goal_multiagent_v2,tgsim,medium,50,8.799873,12.431497,8.799873,12.431497,0.0,0.0,0.0,5,0.100256,0.341948,0.12,0.12,0.879014
scene_goal_multiagent_v2,tgsim,medium,100,12.211012,20.327871,12.205771,20.316957,-0.000537,-0.070526,-0.000565,5,0.100256,0.341948,0.12,0.12,0.879014
scene_goal_multiagent_v2,tgsim,hard,1,0.00039,0.00039,0.00039,0.00039,0.0,,,1,0.024,0.074816,0.0,0.0,1.365412
scene_goal_multiagent_v2,tgsim,hard,10,0.004177,0.008149,0.003271,0.006484,-0.016646,,,1,0.024,0.074816,0.0,0.0,1.365412
scene_goal_multiagent_v2,tgsim,hard,25,0.019742,0.037157,0.008318,0.014984,-0.221729,,,1,0.024,0.074816,0.0,0.0,1.365412
scene_goal_multiagent_v2,tgsim,hard,50,0.015049,0.030954,0.015049,0.030954,0.0,,,1,0.024,0.074816,0.0,0.0,1.365412
scene_goal_multiagent_v2,tgsim,hard,100,0.046749,0.095166,0.03161,0.065199,-0.299673,,,1,0.024,0.074816,0.0,0.0,1.365412
scene_goal_multiagent_v2,tgsim,hardbench,1,0.00039,0.00039,0.00039,0.00039,0.0,,,1,0.024,0.074816,0.0,0.0,1.365412
scene_goal_multiagent_v2,tgsim,hardbench,10,0.004177,0.008149,0.003271,0.006484,-0.016646,,,1,0.024,0.074816,0.0,0.0,1.365412
scene_goal_multiagent_v2,tgsim,hardbench,25,0.019742,0.037157,0.008318,0.014984,-0.221729,,,1,0.024,0.074816,0.0,0.0,1.365412
scene_goal_multiagent_v2,tgsim,hardbench,50,0.015049,0.030954,0.015049,0.030954,0.0,,,1,0.024,0.074816,0.0,0.0,1.365412
scene_goal_multiagent_v2,tgsim,hardbench,100,0.046749,0.095166,0.03161,0.065199,-0.299673,,,1,0.024,0.074816,0.0,0.0,1.365412
scene_goal_multiagent_v2,tgsim,traffic,1,0.000636,0.000636,0.000636,0.000636,0.0,0.0,0.0,8,0.07166,0.235276,0.075,0.075,0.792052
scene_goal_multiagent_v2,tgsim,traffic,10,0.009675,0.02304,0.009847,0.023329,0.002892,-0.004785,0.014847,8,0.07166,0.235276,0.075,0.075,0.792052
scene_goal_multiagent_v2,tgsim,traffic,25,3.365408,7.629362,3.348184,7.597211,-0.004232,-0.253967,-0.005281,8,0.07166,0.235276,0.075,0.075,0.792052
scene_goal_multiagent_v2,tgsim,traffic,50,5.511348,7.794749,5.511348,7.794749,0.0,0.0,0.0,8,0.07166,0.235276,0.075,0.075,0.792052
scene_goal_multiagent_v2,tgsim,traffic,100,7.882291,13.948254,7.877969,13.93978,-0.000608,-0.123788,0.001576,8,0.07166,0.235276,0.075,0.075,0.792052
scene_goal_multiagent_v2,tgsim,inferred_only,1,0.000636,0.000636,0.000636,0.000636,0.0,0.0,0.0,8,0.07166,0.235276,0.075,0.075,0.792052
scene_goal_multiagent_v2,tgsim,inferred_only,10,0.009675,0.02304,0.009847,0.023329,0.002892,-0.004785,0.014847,8,0.07166,0.235276,0.075,0.075,0.792052
scene_goal_multiagent_v2,tgsim,inferred_only,25,3.365408,7.629362,3.348184,7.597211,-0.004232,-0.253967,-0.005281,8,0.07166,0.235276,0.075,0.075,0.792052
scene_goal_multiagent_v2,tgsim,inferred_only,50,5.511348,7.794749,5.511348,7.794749,0.0,0.0,0.0,8,0.07166,0.235276,0.075,0.075,0.792052
scene_goal_multiagent_v2,tgsim,inferred_only,100,7.882291,13.948254,7.877969,13.93978,-0.000608,-0.123788,0.001576,8,0.07166,0.235276,0.075,0.075,0.792052
scene_goal_multiagent_v2,tgsim,multi_agent,1,0.000636,0.000636,0.000636,0.000636,0.0,0.0,0.0,8,0.07166,0.235276,0.075,0.075,0.792052
scene_goal_multiagent_v2,tgsim,multi_agent,10,0.009675,0.02304,0.009847,0.023329,0.002892,-0.004785,0.014847,8,0.07166,0.235276,0.075,0.075,0.792052
scene_goal_multiagent_v2,tgsim,multi_agent,25,3.365408,7.629362,3.348184,7.597211,-0.004232,-0.253967,-0.005281,8,0.07166,0.235276,0.075,0.075,0.792052
scene_goal_multiagent_v2,tgsim,multi_agent,50,5.511348,7.794749,5.511348,7.794749,0.0,0.0,0.0,8,0.07166,0.235276,0.075,0.075,0.792052
scene_goal_multiagent_v2,tgsim,multi_agent,100,7.882291,13.948254,7.877969,13.93978,-0.000608,-0.123788,0.001576,8,0.07166,0.235276,0.075,0.075,0.792052
scene_goal_multiagent_v2,tgsim,verified_t50,1,0.000636,0.000636,0.000636,0.000636,0.0,0.0,0.0,8,0.07166,0.235276,0.075,0.075,0.792052
scene_goal_multiagent_v2,tgsim,verified_t50,10,0.009675,0.02304,0.009847,0.023329,0.002892,-0.004785,0.014847,8,0.07166,0.235276,0.075,0.075,0.792052
scene_goal_multiagent_v2,tgsim,verified_t50,25,3.365408,7.629362,3.348184,7.597211,-0.004232,-0.253967,-0.005281,8,0.07166,0.235276,0.075,0.075,0.792052
scene_goal_multiagent_v2,tgsim,verified_t50,50,5.511348,7.794749,5.511348,7.794749,0.0,0.0,0.0,8,0.07166,0.235276,0.075,0.075,0.792052
scene_goal_multiagent_v2,tgsim,verified_t50,100,7.882291,13.948254,7.877969,13.93978,-0.000608,-0.123788,0.001576,8,0.07166,0.235276,0.075,0.075,0.792052
scene_goal_multiagent_v2,tgsim,verified_t100,1,0.000636,0.000636,0.000636,0.000636,0.0,0.0,0.0,8,0.07166,0.235276,0.075,0.075,0.792052
scene_goal_multiagent_v2,tgsim,verified_t100,10,0.009675,0.02304,0.009847,0.023329,0.002892,-0.004785,0.014847,8,0.07166,0.235276,0.075,0.075,0.792052
scene_goal_multiagent_v2,tgsim,verified_t100,25,3.365408,7.629362,3.348184,7.597211,-0.004232,-0.253967,-0.005281,8,0.07166,0.235276,0.075,0.075,0.792052
scene_goal_multiagent_v2,tgsim,verified_t100,50,5.511348,7.794749,5.511348,7.794749,0.0,0.0,0.0,8,0.07166,0.235276,0.075,0.075,0.792052
scene_goal_multiagent_v2,tgsim,verified_t100,100,7.882291,13.948254,7.877969,13.93978,-0.000608,-0.123788,0.001576,8,0.07166,0.235276,0.075,0.075,0.792052
scene_goal_multiagent_v2,tgsim,metric,1,0.000636,0.000636,0.000636,0.000636,0.0,0.0,0.0,8,0.07166,0.235276,0.075,0.075,0.792052
scene_goal_multiagent_v2,tgsim,metric,10,0.009675,0.02304,0.009847,0.023329,0.002892,-0.004785,0.014847,8,0.07166,0.235276,0.075,0.075,0.792052
scene_goal_multiagent_v2,tgsim,metric,25,3.365408,7.629362,3.348184,7.597211,-0.004232,-0.253967,-0.005281,8,0.07166,0.235276,0.075,0.075,0.792052
scene_goal_multiagent_v2,tgsim,metric,50,5.511348,7.794749,5.511348,7.794749,0.0,0.0,0.0,8,0.07166,0.235276,0.075,0.075,0.792052
scene_goal_multiagent_v2,tgsim,metric,100,7.882291,13.948254,7.877969,13.93978,-0.000608,-0.123788,0.001576,8,0.07166,0.235276,0.075,0.075,0.792052
scene_goal_multiagent_v2,tgsim_i90,all,1,0.036656,0.036656,0.036656,0.036656,0.0,0.0,0.0,4,0.546524,0.729358,0.75,0.15,1.728817
scene_goal_multiagent_v2,tgsim_i90,all,10,0.184815,0.3698,0.183886,0.368381,-0.003853,-0.020493,0.009823,4,0.546524,0.729358,0.75,0.15,1.728817
scene_goal_multiagent_v2,tgsim_i90,all,25,0.61401,1.446259,0.604443,1.430183,-0.01124,-0.015902,-0.004532,4,0.546524,0.729358,0.75,0.15,1.728817
scene_goal_multiagent_v2,tgsim_i90,all,50,1.787058,4.563449,1.764847,4.52605,-0.008263,-0.014144,0.002309,4,0.546524,0.729358,0.75,0.15,1.728817
scene_goal_multiagent_v2,tgsim_i90,all,100,5.174374,12.671242,5.167149,12.629881,-0.003275,-0.01348,0.008268,4,0.546524,0.729358,0.75,0.15,1.728817
scene_goal_multiagent_v2,tgsim_i90,hard,1,0.055009,0.055009,0.055009,0.055009,0.0,0.0,0.0,2,0.519825,0.679963,0.7,0.3,1.778202
scene_goal_multiagent_v2,tgsim_i90,hard,10,0.234895,0.442227,0.23601,0.444763,0.005703,0.00077,0.016312,2,0.519825,0.679963,0.7,0.3,1.778202
scene_goal_multiagent_v2,tgsim_i90,hard,25,0.716239,1.654035,0.7099,1.641304,-0.007757,-0.011685,-0.000895,2,0.519825,0.679963,0.7,0.3,1.778202
scene_goal_multiagent_v2,tgsim_i90,hard,50,2.052349,5.228119,2.017962,5.157442,-0.013704,-0.015188,-0.01165,2,0.519825,0.679963,0.7,0.3,1.778202
scene_goal_multiagent_v2,tgsim_i90,hard,100,5.93423,14.41164,5.893878,14.324951,-0.006052,-0.013172,-0.000539,2,0.519825,0.679963,0.7,0.3,1.778202
scene_goal_multiagent_v2,tgsim_i90,extreme,1,0.018304,0.018304,0.018304,0.018304,0.0,0.0,0.0,2,0.573224,0.778752,0.8,0.0,1.679433
scene_goal_multiagent_v2,tgsim_i90,extreme,10,0.134734,0.297373,0.131762,0.291998,-0.018408,-0.027581,-0.009647,2,0.573224,0.778752,0.8,0.0,1.679433
scene_goal_multiagent_v2,tgsim_i90,extreme,25,0.511781,1.238482,0.498986,1.219062,-0.01593,-0.016361,-0.015444,2,0.573224,0.778752,0.8,0.0,1.679433
scene_goal_multiagent_v2,tgsim_i90,extreme,50,1.521767,3.898779,1.511733,3.894658,-0.001058,-0.011012,0.008142,2,0.573224,0.778752,0.8,0.0,1.679433
scene_goal_multiagent_v2,tgsim_i90,extreme,100,4.414517,10.930843,4.44042,10.934811,0.000363,-0.013788,0.015415,2,0.573224,0.778752,0.8,0.0,1.679433
scene_goal_multiagent_v2,tgsim_i90,baseline_failure,1,0.01938,0.01938,0.01938,0.01938,0.0,0.0,0.0,3,0.575912,0.784373,0.8,0.0,1.674924
scene_goal_multiagent_v2,tgsim_i90,baseline_failure,10,0.137058,0.290814,0.135716,0.288765,-0.007093,-0.027581,0.016312,3,0.575912,0.784373,0.8,0.0,1.674924
scene_goal_multiagent_v2,tgsim_i90,baseline_failure,25,0.503395,1.224388,0.49422,1.211085,-0.010984,-0.016361,-0.000895,3,0.575912,0.784373,0.8,0.0,1.674924
scene_goal_multiagent_v2,tgsim_i90,baseline_failure,50,1.54711,4.0586,1.531592,4.039046,-0.004841,-0.01165,0.008142,3,0.575912,0.784373,0.8,0.0,1.674924
scene_goal_multiagent_v2,tgsim_i90,baseline_failure,100,4.647656,11.50912,4.637173,11.456875,-0.00456,-0.013788,0.015415,3,0.575912,0.784373,0.8,0.0,1.674924
scene_goal_multiagent_v2,tgsim_i90,hardbench,1,0.036656,0.036656,0.036656,0.036656,0.0,0.0,0.0,4,0.546524,0.729358,0.75,0.15,1.728817
scene_goal_multiagent_v2,tgsim_i90,hardbench,10,0.184815,0.3698,0.183886,0.368381,-0.003853,-0.020493,0.009823,4,0.546524,0.729358,0.75,0.15,1.728817
scene_goal_multiagent_v2,tgsim_i90,hardbench,25,0.61401,1.446259,0.604443,1.430183,-0.01124,-0.015902,-0.004532,4,0.546524,0.729358,0.75,0.15,1.728817
scene_goal_multiagent_v2,tgsim_i90,hardbench,50,1.787058,4.563449,1.764847,4.52605,-0.008263,-0.014144,0.002309,4,0.546524,0.729358,0.75,0.15,1.728817
scene_goal_multiagent_v2,tgsim_i90,hardbench,100,5.174374,12.671242,5.167149,12.629881,-0.003275,-0.01348,0.008268,4,0.546524,0.729358,0.75,0.15,1.728817
scene_goal_multiagent_v2,tgsim_i90,traffic,1,0.036656,0.036656,0.036656,0.036656,0.0,0.0,0.0,4,0.546524,0.729358,0.75,0.15,1.728817
scene_goal_multiagent_v2,tgsim_i90,traffic,10,0.184815,0.3698,0.183886,0.368381,-0.003853,-0.020493,0.009823,4,0.546524,0.729358,0.75,0.15,1.728817
scene_goal_multiagent_v2,tgsim_i90,traffic,25,0.61401,1.446259,0.604443,1.430183,-0.01124,-0.015902,-0.004532,4,0.546524,0.729358,0.75,0.15,1.728817
scene_goal_multiagent_v2,tgsim_i90,traffic,50,1.787058,4.563449,1.764847,4.52605,-0.008263,-0.014144,0.002309,4,0.546524,0.729358,0.75,0.15,1.728817
scene_goal_multiagent_v2,tgsim_i90,traffic,100,5.174374,12.671242,5.167149,12.629881,-0.003275,-0.01348,0.008268,4,0.546524,0.729358,0.75,0.15,1.728817
scene_goal_multiagent_v2,tgsim_i90,inferred_only,1,0.036656,0.036656,0.036656,0.036656,0.0,0.0,0.0,4,0.546524,0.729358,0.75,0.15,1.728817
scene_goal_multiagent_v2,tgsim_i90,inferred_only,10,0.184815,0.3698,0.183886,0.368381,-0.003853,-0.020493,0.009823,4,0.546524,0.729358,0.75,0.15,1.728817
scene_goal_multiagent_v2,tgsim_i90,inferred_only,25,0.61401,1.446259,0.604443,1.430183,-0.01124,-0.015902,-0.004532,4,0.546524,0.729358,0.75,0.15,1.728817
scene_goal_multiagent_v2,tgsim_i90,inferred_only,50,1.787058,4.563449,1.764847,4.52605,-0.008263,-0.014144,0.002309,4,0.546524,0.729358,0.75,0.15,1.728817
scene_goal_multiagent_v2,tgsim_i90,inferred_only,100,5.174374,12.671242,5.167149,12.629881,-0.003275,-0.01348,0.008268,4,0.546524,0.729358,0.75,0.15,1.728817
scene_goal_multiagent_v2,tgsim_i90,multi_agent,1,0.036656,0.036656,0.036656,0.036656,0.0,0.0,0.0,4,0.546524,0.729358,0.75,0.15,1.728817
scene_goal_multiagent_v2,tgsim_i90,multi_agent,10,0.184815,0.3698,0.183886,0.368381,-0.003853,-0.020493,0.009823,4,0.546524,0.729358,0.75,0.15,1.728817
scene_goal_multiagent_v2,tgsim_i90,multi_agent,25,0.61401,1.446259,0.604443,1.430183,-0.01124,-0.015902,-0.004532,4,0.546524,0.729358,0.75,0.15,1.728817
scene_goal_multiagent_v2,tgsim_i90,multi_agent,50,1.787058,4.563449,1.764847,4.52605,-0.008263,-0.014144,0.002309,4,0.546524,0.729358,0.75,0.15,1.728817
scene_goal_multiagent_v2,tgsim_i90,multi_agent,100,5.174374,12.671242,5.167149,12.629881,-0.003275,-0.01348,0.008268,4,0.546524,0.729358,0.75,0.15,1.728817
scene_goal_multiagent_v2,tgsim_i90,verified_t50,1,0.036656,0.036656,0.036656,0.036656,0.0,0.0,0.0,4,0.546524,0.729358,0.75,0.15,1.728817
scene_goal_multiagent_v2,tgsim_i90,verified_t50,10,0.184815,0.3698,0.183886,0.368381,-0.003853,-0.020493,0.009823,4,0.546524,0.729358,0.75,0.15,1.728817
scene_goal_multiagent_v2,tgsim_i90,verified_t50,25,0.61401,1.446259,0.604443,1.430183,-0.01124,-0.015902,-0.004532,4,0.546524,0.729358,0.75,0.15,1.728817
scene_goal_multiagent_v2,tgsim_i90,verified_t50,50,1.787058,4.563449,1.764847,4.52605,-0.008263,-0.014144,0.002309,4,0.546524,0.729358,0.75,0.15,1.728817
scene_goal_multiagent_v2,tgsim_i90,verified_t50,100,5.174374,12.671242,5.167149,12.629881,-0.003275,-0.01348,0.008268,4,0.546524,0.729358,0.75,0.15,1.728817
scene_goal_multiagent_v2,tgsim_i90,verified_t100,1,0.036656,0.036656,0.036656,0.036656,0.0,0.0,0.0,4,0.546524,0.729358,0.75,0.15,1.728817
scene_goal_multiagent_v2,tgsim_i90,verified_t100,10,0.184815,0.3698,0.183886,0.368381,-0.003853,-0.020493,0.009823,4,0.546524,0.729358,0.75,0.15,1.728817
scene_goal_multiagent_v2,tgsim_i90,verified_t100,25,0.61401,1.446259,0.604443,1.430183,-0.01124,-0.015902,-0.004532,4,0.546524,0.729358,0.75,0.15,1.728817
scene_goal_multiagent_v2,tgsim_i90,verified_t100,50,1.787058,4.563449,1.764847,4.52605,-0.008263,-0.014144,0.002309,4,0.546524,0.729358,0.75,0.15,1.728817
scene_goal_multiagent_v2,tgsim_i90,verified_t100,100,5.174374,12.671242,5.167149,12.629881,-0.003275,-0.01348,0.008268,4,0.546524,0.729358,0.75,0.15,1.728817
scene_goal_multiagent_v2,tgsim_i90,metric,1,0.036656,0.036656,0.036656,0.036656,0.0,0.0,0.0,4,0.546524,0.729358,0.75,0.15,1.728817
scene_goal_multiagent_v2,tgsim_i90,metric,10,0.184815,0.3698,0.183886,0.368381,-0.003853,-0.020493,0.009823,4,0.546524,0.729358,0.75,0.15,1.728817
scene_goal_multiagent_v2,tgsim_i90,metric,25,0.61401,1.446259,0.604443,1.430183,-0.01124,-0.015902,-0.004532,4,0.546524,0.729358,0.75,0.15,1.728817
scene_goal_multiagent_v2,tgsim_i90,metric,50,1.787058,4.563449,1.764847,4.52605,-0.008263,-0.014144,0.002309,4,0.546524,0.729358,0.75,0.15,1.728817
scene_goal_multiagent_v2,tgsim_i90,metric,100,5.174374,12.671242,5.167149,12.629881,-0.003275,-0.01348,0.008268,4,0.546524,0.729358,0.75,0.15,1.728817
topk_goal_diagnostic_v2,tgsim,all,1,0.000636,0.000636,0.000636,0.000636,0.0,0.0,0.0,8,0.072679,0.235276,0.075,0.075,0.812859
topk_goal_diagnostic_v2,tgsim,all,10,0.009675,0.023044,0.009847,0.023329,0.002851,-0.004892,0.014901,8,0.072679,0.235276,0.075,0.075,0.812859
topk_goal_diagnostic_v2,tgsim,all,25,3.367665,7.63377,3.348184,7.597211,-0.004812,-0.27809,-0.005869,8,0.072679,0.235276,0.075,0.075,0.812859
topk_goal_diagnostic_v2,tgsim,all,50,5.511348,7.794749,5.511348,7.794749,0.0,0.0,0.0,8,0.072679,0.235276,0.075,0.075,0.812859
topk_goal_diagnostic_v2,tgsim,all,100,7.882441,13.948632,7.877969,13.93978,-0.000635,-0.126308,0.002331,8,0.072679,0.235276,0.075,0.075,0.812859
topk_goal_diagnostic_v2,tgsim,easy,1,0.000427,0.000427,0.000427,0.000427,0.0,0.0,0.0,2,0.024,0.048825,0.0,0.0,0.27733
topk_goal_diagnostic_v2,tgsim,easy,10,0.006712,0.014989,0.006786,0.015132,0.00143,-0.000409,0.00327,2,0.024,0.048825,0.0,0.0,0.27733
topk_goal_diagnostic_v2,tgsim,easy,25,0.01718,0.030737,0.018537,0.034109,0.033721,0.021722,0.04572,2,0.024,0.048825,0.0,0.0,0.27733
topk_goal_diagnostic_v2,tgsim,easy,50,0.038184,0.084776,0.038184,0.084776,0.0,0.0,0.0,2,0.024,0.048825,0.0,0.0,0.27733
topk_goal_diagnostic_v2,tgsim,easy,100,0.97821,4.925953,0.981646,4.934126,0.001656,0.001202,0.026365,2,0.024,0.048825,0.0,0.0,0.27733
topk_goal_diagnostic_v2,tgsim,medium,1,0.000769,0.000769,0.000769,0.000769,0.0,0.0,0.0,5,0.101887,0.341948,0.12,0.12,0.91206
topk_goal_diagnostic_v2,tgsim,medium,10,0.011958,0.029241,0.012386,0.029977,0.007364,-0.001835,0.023592,5,0.101887,0.341948,0.12,0.12,0.91206
topk_goal_diagnostic_v2,tgsim,medium,25,5.377341,12.194109,5.348016,12.138897,-0.004548,-0.359488,-0.008356,5,0.101887,0.341948,0.12,0.12,0.91206
topk_goal_diagnostic_v2,tgsim,medium,50,8.799873,12.431497,8.799873,12.431497,0.0,0.0,0.0,5,0.101887,0.341948,0.12,0.12,0.91206
topk_goal_diagnostic_v2,tgsim,medium,100,12.211251,20.328341,12.205771,20.316957,-0.00056,-0.079848,-0.000564,5,0.101887,0.341948,0.12,0.12,0.91206
topk_goal_diagnostic_v2,tgsim,hard,1,0.00039,0.00039,0.00039,0.00039,0.0,,,1,0.024,0.074816,0.0,0.0,1.387913
topk_goal_diagnostic_v2,tgsim,hard,10,0.004188,0.008171,0.003271,0.006484,-0.01687,,,1,0.024,0.074816,0.0,0.0,1.387913
topk_goal_diagnostic_v2,tgsim,hard,25,0.02025,0.038135,0.008318,0.014984,-0.231517,,,1,0.024,0.074816,0.0,0.0,1.387913
topk_goal_diagnostic_v2,tgsim,hard,50,0.015049,0.030954,0.015049,0.030954,0.0,,,1,0.024,0.074816,0.0,0.0,1.387913
topk_goal_diagnostic_v2,tgsim,hard,100,0.046855,0.095448,0.03161,0.065199,-0.30249,,,1,0.024,0.074816,0.0,0.0,1.387913
topk_goal_diagnostic_v2,tgsim,hardbench,1,0.00039,0.00039,0.00039,0.00039,0.0,,,1,0.024,0.074816,0.0,0.0,1.387913
topk_goal_diagnostic_v2,tgsim,hardbench,10,0.004188,0.008171,0.003271,0.006484,-0.01687,,,1,0.024,0.074816,0.0,0.0,1.387913
topk_goal_diagnostic_v2,tgsim,hardbench,25,0.02025,0.038135,0.008318,0.014984,-0.231517,,,1,0.024,0.074816,0.0,0.0,1.387913
topk_goal_diagnostic_v2,tgsim,hardbench,50,0.015049,0.030954,0.015049,0.030954,0.0,,,1,0.024,0.074816,0.0,0.0,1.387913
topk_goal_diagnostic_v2,tgsim,hardbench,100,0.046855,0.095448,0.03161,0.065199,-0.30249,,,1,0.024,0.074816,0.0,0.0,1.387913
topk_goal_diagnostic_v2,tgsim,traffic,1,0.000636,0.000636,0.000636,0.000636,0.0,0.0,0.0,8,0.072679,0.235276,0.075,0.075,0.812859
topk_goal_diagnostic_v2,tgsim,traffic,10,0.009675,0.023044,0.009847,0.023329,0.002851,-0.004892,0.014901,8,0.072679,0.235276,0.075,0.075,0.812859
topk_goal_diagnostic_v2,tgsim,traffic,25,3.367665,7.63377,3.348184,7.597211,-0.004812,-0.27809,-0.005869,8,0.072679,0.235276,0.075,0.075,0.812859
topk_goal_diagnostic_v2,tgsim,traffic,50,5.511348,7.794749,5.511348,7.794749,0.0,0.0,0.0,8,0.072679,0.235276,0.075,0.075,0.812859
topk_goal_diagnostic_v2,tgsim,traffic,100,7.882441,13.948632,7.877969,13.93978,-0.000635,-0.126308,0.002331,8,0.072679,0.235276,0.075,0.075,0.812859
topk_goal_diagnostic_v2,tgsim,inferred_only,1,0.000636,0.000636,0.000636,0.000636,0.0,0.0,0.0,8,0.072679,0.235276,0.075,0.075,0.812859
topk_goal_diagnostic_v2,tgsim,inferred_only,10,0.009675,0.023044,0.009847,0.023329,0.002851,-0.004892,0.014901,8,0.072679,0.235276,0.075,0.075,0.812859
topk_goal_diagnostic_v2,tgsim,inferred_only,25,3.367665,7.63377,3.348184,7.597211,-0.004812,-0.27809,-0.005869,8,0.072679,0.235276,0.075,0.075,0.812859
topk_goal_diagnostic_v2,tgsim,inferred_only,50,5.511348,7.794749,5.511348,7.794749,0.0,0.0,0.0,8,0.072679,0.235276,0.075,0.075,0.812859
topk_goal_diagnostic_v2,tgsim,inferred_only,100,7.882441,13.948632,7.877969,13.93978,-0.000635,-0.126308,0.002331,8,0.072679,0.235276,0.075,0.075,0.812859
topk_goal_diagnostic_v2,tgsim,multi_agent,1,0.000636,0.000636,0.000636,0.000636,0.0,0.0,0.0,8,0.072679,0.235276,0.075,0.075,0.812859
topk_goal_diagnostic_v2,tgsim,multi_agent,10,0.009675,0.023044,0.009847,0.023329,0.002851,-0.004892,0.014901,8,0.072679,0.235276,0.075,0.075,0.812859
topk_goal_diagnostic_v2,tgsim,multi_agent,25,3.367665,7.63377,3.348184,7.597211,-0.004812,-0.27809,-0.005869,8,0.072679,0.235276,0.075,0.075,0.812859
topk_goal_diagnostic_v2,tgsim,multi_agent,50,5.511348,7.794749,5.511348,7.794749,0.0,0.0,0.0,8,0.072679,0.235276,0.075,0.075,0.812859
topk_goal_diagnostic_v2,tgsim,multi_agent,100,7.882441,13.948632,7.877969,13.93978,-0.000635,-0.126308,0.002331,8,0.072679,0.235276,0.075,0.075,0.812859
topk_goal_diagnostic_v2,tgsim,verified_t50,1,0.000636,0.000636,0.000636,0.000636,0.0,0.0,0.0,8,0.072679,0.235276,0.075,0.075,0.812859
topk_goal_diagnostic_v2,tgsim,verified_t50,10,0.009675,0.023044,0.009847,0.023329,0.002851,-0.004892,0.014901,8,0.072679,0.235276,0.075,0.075,0.812859
topk_goal_diagnostic_v2,tgsim,verified_t50,25,3.367665,7.63377,3.348184,7.597211,-0.004812,-0.27809,-0.005869,8,0.072679,0.235276,0.075,0.075,0.812859
topk_goal_diagnostic_v2,tgsim,verified_t50,50,5.511348,7.794749,5.511348,7.794749,0.0,0.0,0.0,8,0.072679,0.235276,0.075,0.075,0.812859
topk_goal_diagnostic_v2,tgsim,verified_t50,100,7.882441,13.948632,7.877969,13.93978,-0.000635,-0.126308,0.002331,8,0.072679,0.235276,0.075,0.075,0.812859
topk_goal_diagnostic_v2,tgsim,verified_t100,1,0.000636,0.000636,0.000636,0.000636,0.0,0.0,0.0,8,0.072679,0.235276,0.075,0.075,0.812859
topk_goal_diagnostic_v2,tgsim,verified_t100,10,0.009675,0.023044,0.009847,0.023329,0.002851,-0.004892,0.014901,8,0.072679,0.235276,0.075,0.075,0.812859
topk_goal_diagnostic_v2,tgsim,verified_t100,25,3.367665,7.63377,3.348184,7.597211,-0.004812,-0.27809,-0.005869,8,0.072679,0.235276,0.075,0.075,0.812859
topk_goal_diagnostic_v2,tgsim,verified_t100,50,5.511348,7.794749,5.511348,7.794749,0.0,0.0,0.0,8,0.072679,0.235276,0.075,0.075,0.812859
topk_goal_diagnostic_v2,tgsim,verified_t100,100,7.882441,13.948632,7.877969,13.93978,-0.000635,-0.126308,0.002331,8,0.072679,0.235276,0.075,0.075,0.812859
topk_goal_diagnostic_v2,tgsim,metric,1,0.000636,0.000636,0.000636,0.000636,0.0,0.0,0.0,8,0.072679,0.235276,0.075,0.075,0.812859
topk_goal_diagnostic_v2,tgsim,metric,10,0.009675,0.023044,0.009847,0.023329,0.002851,-0.004892,0.014901,8,0.072679,0.235276,0.075,0.075,0.812859
topk_goal_diagnostic_v2,tgsim,metric,25,3.367665,7.63377,3.348184,7.597211,-0.004812,-0.27809,-0.005869,8,0.072679,0.235276,0.075,0.075,0.812859
topk_goal_diagnostic_v2,tgsim,metric,50,5.511348,7.794749,5.511348,7.794749,0.0,0.0,0.0,8,0.072679,0.235276,0.075,0.075,0.812859
topk_goal_diagnostic_v2,tgsim,metric,100,7.882441,13.948632,7.877969,13.93978,-0.000635,-0.126308,0.002331,8,0.072679,0.235276,0.075,0.075,0.812859
topk_goal_diagnostic_v2,tgsim_i90,all,1,0.036656,0.036656,0.036656,0.036656,0.0,0.0,0.0,4,0.567066,0.729358,0.75,0.15,1.736782
topk_goal_diagnostic_v2,tgsim_i90,all,10,0.184844,0.369862,0.183886,0.368381,-0.004022,-0.021167,0.009573,4,0.567066,0.729358,0.75,0.15,1.736782
topk_goal_diagnostic_v2,tgsim_i90,all,25,0.613011,1.444471,0.604443,1.430183,-0.00999,-0.014106,-0.004264,4,0.567066,0.729358,0.75,0.15,1.736782
topk_goal_diagnostic_v2,tgsim_i90,all,50,1.79354,4.576153,1.764847,4.52605,-0.01107,-0.017642,0.002144,4,0.567066,0.729358,0.75,0.15,1.736782
topk_goal_diagnostic_v2,tgsim_i90,all,100,5.171495,12.66564,5.167149,12.629881,-0.002831,-0.013532,0.008244,4,0.567066,0.729358,0.75,0.15,1.736782
topk_goal_diagnostic_v2,tgsim_i90,hard,1,0.055009,0.055009,0.055009,0.055009,0.0,0.0,0.0,2,0.540459,0.679963,0.7,0.3,1.799074
topk_goal_diagnostic_v2,tgsim_i90,hard,10,0.234924,0.442293,0.23601,0.444763,0.005554,0.00078,0.015822,2,0.540459,0.679963,0.7,0.3,1.799074
topk_goal_diagnostic_v2,tgsim_i90,hard,25,0.71553,1.652804,0.7099,1.641304,-0.007006,-0.010129,-0.001552,2,0.540459,0.679963,0.7,0.3,1.799074
topk_goal_diagnostic_v2,tgsim_i90,hard,50,2.060322,5.243885,2.017962,5.157442,-0.016761,-0.018252,-0.014698,2,0.540459,0.679963,0.7,0.3,1.799074
topk_goal_diagnostic_v2,tgsim_i90,hard,100,5.928488,14.400452,5.893878,14.324951,-0.005271,-0.013276,0.000926,2,0.540459,0.679963,0.7,0.3,1.799074
topk_goal_diagnostic_v2,tgsim_i90,extreme,1,0.018304,0.018304,0.018304,0.018304,0.0,0.0,0.0,2,0.593672,0.778752,0.8,0.0,1.674489
topk_goal_diagnostic_v2,tgsim_i90,extreme,10,0.134764,0.297432,0.131762,0.291998,-0.018606,-0.028483,-0.009174,2,0.593672,0.778752,0.8,0.0,1.674489
topk_goal_diagnostic_v2,tgsim_i90,extreme,25,0.510492,1.236139,0.498986,1.219062,-0.014008,-0.015431,-0.012403,2,0.593672,0.778752,0.8,0.0,1.674489
topk_goal_diagnostic_v2,tgsim_i90,extreme,50,1.526759,3.908421,1.511733,3.894658,-0.003534,-0.017032,0.008943,2,0.593672,0.778752,0.8,0.0,1.674489
topk_goal_diagnostic_v2,tgsim_i90,extreme,100,4.414503,10.930827,4.44042,10.934811,0.000364,-0.013788,0.015417,2,0.593672,0.778752,0.8,0.0,1.674489
topk_goal_diagnostic_v2,tgsim_i90,baseline_failure,1,0.01938,0.01938,0.01938,0.01938,0.0,0.0,0.0,3,0.596297,0.784373,0.8,0.0,1.675639
topk_goal_diagnostic_v2,tgsim_i90,baseline_failure,10,0.137098,0.290898,0.135716,0.288765,-0.007387,-0.028483,0.015822,3,0.596297,0.784373,0.8,0.0,1.675639
topk_goal_diagnostic_v2,tgsim_i90,baseline_failure,25,0.502586,1.223088,0.49422,1.211085,-0.009911,-0.015431,-0.001552,3,0.596297,0.784373,0.8,0.0,1.675639
topk_goal_diagnostic_v2,tgsim_i90,baseline_failure,50,1.552755,4.069425,1.531592,4.039046,-0.007521,-0.017032,0.008943,3,0.596297,0.784373,0.8,0.0,1.675639
topk_goal_diagnostic_v2,tgsim_i90,baseline_failure,100,4.647862,11.509539,4.637173,11.456875,-0.004597,-0.013788,0.015417,3,0.596297,0.784373,0.8,0.0,1.675639
topk_goal_diagnostic_v2,tgsim_i90,hardbench,1,0.036656,0.036656,0.036656,0.036656,0.0,0.0,0.0,4,0.567066,0.729358,0.75,0.15,1.736782
topk_goal_diagnostic_v2,tgsim_i90,hardbench,10,0.184844,0.369862,0.183886,0.368381,-0.004022,-0.021167,0.009573,4,0.567066,0.729358,0.75,0.15,1.736782
topk_goal_diagnostic_v2,tgsim_i90,hardbench,25,0.613011,1.444471,0.604443,1.430183,-0.00999,-0.014106,-0.004264,4,0.567066,0.729358,0.75,0.15,1.736782
topk_goal_diagnostic_v2,tgsim_i90,hardbench,50,1.79354,4.576153,1.764847,4.52605,-0.01107,-0.017642,0.002144,4,0.567066,0.729358,0.75,0.15,1.736782
topk_goal_diagnostic_v2,tgsim_i90,hardbench,100,5.171495,12.66564,5.167149,12.629881,-0.002831,-0.013532,0.008244,4,0.567066,0.729358,0.75,0.15,1.736782
topk_goal_diagnostic_v2,tgsim_i90,traffic,1,0.036656,0.036656,0.036656,0.036656,0.0,0.0,0.0,4,0.567066,0.729358,0.75,0.15,1.736782
topk_goal_diagnostic_v2,tgsim_i90,traffic,10,0.184844,0.369862,0.183886,0.368381,-0.004022,-0.021167,0.009573,4,0.567066,0.729358,0.75,0.15,1.736782
topk_goal_diagnostic_v2,tgsim_i90,traffic,25,0.613011,1.444471,0.604443,1.430183,-0.00999,-0.014106,-0.004264,4,0.567066,0.729358,0.75,0.15,1.736782
topk_goal_diagnostic_v2,tgsim_i90,traffic,50,1.79354,4.576153,1.764847,4.52605,-0.01107,-0.017642,0.002144,4,0.567066,0.729358,0.75,0.15,1.736782
topk_goal_diagnostic_v2,tgsim_i90,traffic,100,5.171495,12.66564,5.167149,12.629881,-0.002831,-0.013532,0.008244,4,0.567066,0.729358,0.75,0.15,1.736782
topk_goal_diagnostic_v2,tgsim_i90,inferred_only,1,0.036656,0.036656,0.036656,0.036656,0.0,0.0,0.0,4,0.567066,0.729358,0.75,0.15,1.736782
topk_goal_diagnostic_v2,tgsim_i90,inferred_only,10,0.184844,0.369862,0.183886,0.368381,-0.004022,-0.021167,0.009573,4,0.567066,0.729358,0.75,0.15,1.736782
topk_goal_diagnostic_v2,tgsim_i90,inferred_only,25,0.613011,1.444471,0.604443,1.430183,-0.00999,-0.014106,-0.004264,4,0.567066,0.729358,0.75,0.15,1.736782
topk_goal_diagnostic_v2,tgsim_i90,inferred_only,50,1.79354,4.576153,1.764847,4.52605,-0.01107,-0.017642,0.002144,4,0.567066,0.729358,0.75,0.15,1.736782
topk_goal_diagnostic_v2,tgsim_i90,inferred_only,100,5.171495,12.66564,5.167149,12.629881,-0.002831,-0.013532,0.008244,4,0.567066,0.729358,0.75,0.15,1.736782
topk_goal_diagnostic_v2,tgsim_i90,multi_agent,1,0.036656,0.036656,0.036656,0.036656,0.0,0.0,0.0,4,0.567066,0.729358,0.75,0.15,1.736782
topk_goal_diagnostic_v2,tgsim_i90,multi_agent,10,0.184844,0.369862,0.183886,0.368381,-0.004022,-0.021167,0.009573,4,0.567066,0.729358,0.75,0.15,1.736782
topk_goal_diagnostic_v2,tgsim_i90,multi_agent,25,0.613011,1.444471,0.604443,1.430183,-0.00999,-0.014106,-0.004264,4,0.567066,0.729358,0.75,0.15,1.736782
topk_goal_diagnostic_v2,tgsim_i90,multi_agent,50,1.79354,4.576153,1.764847,4.52605,-0.01107,-0.017642,0.002144,4,0.567066,0.729358,0.75,0.15,1.736782
topk_goal_diagnostic_v2,tgsim_i90,multi_agent,100,5.171495,12.66564,5.167149,12.629881,-0.002831,-0.013532,0.008244,4,0.567066,0.729358,0.75,0.15,1.736782
topk_goal_diagnostic_v2,tgsim_i90,verified_t50,1,0.036656,0.036656,0.036656,0.036656,0.0,0.0,0.0,4,0.567066,0.729358,0.75,0.15,1.736782
topk_goal_diagnostic_v2,tgsim_i90,verified_t50,10,0.184844,0.369862,0.183886,0.368381,-0.004022,-0.021167,0.009573,4,0.567066,0.729358,0.75,0.15,1.736782
topk_goal_diagnostic_v2,tgsim_i90,verified_t50,25,0.613011,1.444471,0.604443,1.430183,-0.00999,-0.014106,-0.004264,4,0.567066,0.729358,0.75,0.15,1.736782
topk_goal_diagnostic_v2,tgsim_i90,verified_t50,50,1.79354,4.576153,1.764847,4.52605,-0.01107,-0.017642,0.002144,4,0.567066,0.729358,0.75,0.15,1.736782
topk_goal_diagnostic_v2,tgsim_i90,verified_t50,100,5.171495,12.66564,5.167149,12.629881,-0.002831,-0.013532,0.008244,4,0.567066,0.729358,0.75,0.15,1.736782
topk_goal_diagnostic_v2,tgsim_i90,verified_t100,1,0.036656,0.036656,0.036656,0.036656,0.0,0.0,0.0,4,0.567066,0.729358,0.75,0.15,1.736782
topk_goal_diagnostic_v2,tgsim_i90,verified_t100,10,0.184844,0.369862,0.183886,0.368381,-0.004022,-0.021167,0.009573,4,0.567066,0.729358,0.75,0.15,1.736782
topk_goal_diagnostic_v2,tgsim_i90,verified_t100,25,0.613011,1.444471,0.604443,1.430183,-0.00999,-0.014106,-0.004264,4,0.567066,0.729358,0.75,0.15,1.736782
topk_goal_diagnostic_v2,tgsim_i90,verified_t100,50,1.79354,4.576153,1.764847,4.52605,-0.01107,-0.017642,0.002144,4,0.567066,0.729358,0.75,0.15,1.736782
topk_goal_diagnostic_v2,tgsim_i90,verified_t100,100,5.171495,12.66564,5.167149,12.629881,-0.002831,-0.013532,0.008244,4,0.567066,0.729358,0.75,0.15,1.736782
topk_goal_diagnostic_v2,tgsim_i90,metric,1,0.036656,0.036656,0.036656,0.036656,0.0,0.0,0.0,4,0.567066,0.729358,0.75,0.15,1.736782
topk_goal_diagnostic_v2,tgsim_i90,metric,10,0.184844,0.369862,0.183886,0.368381,-0.004022,-0.021167,0.009573,4,0.567066,0.729358,0.75,0.15,1.736782
topk_goal_diagnostic_v2,tgsim_i90,metric,25,0.613011,1.444471,0.604443,1.430183,-0.00999,-0.014106,-0.004264,4,0.567066,0.729358,0.75,0.15,1.736782
topk_goal_diagnostic_v2,tgsim_i90,metric,50,1.79354,4.576153,1.764847,4.52605,-0.01107,-0.017642,0.002144,4,0.567066,0.729358,0.75,0.15,1.736782
topk_goal_diagnostic_v2,tgsim_i90,metric,100,5.171495,12.66564,5.167149,12.629881,-0.002831,-0.013532,0.008244,4,0.567066,0.729358,0.75,0.15,1.736782
