model,dataset,subset,horizon,ADE,FDE,baseline_ADE,baseline_FDE,improvement,ci_low,ci_high,episodes,alpha_mean,failure_prob,residual_mag,physical_validity
gated_residual_all_data,eth_ucy,all,1,0.084168,0.084168,0.084168,0.084168,0.0,0.0,0.0,6,0.04003,0.08056,0.744906,1.0
gated_residual_all_data,eth_ucy,all,10,0.35676,0.63948,0.395439,0.713643,0.103923,-0.052308,0.178446,6,0.04003,0.08056,0.744906,1.0
gated_residual_all_data,eth_ucy,easy,1,0.009014,0.009014,0.009014,0.009014,0.0,0.0,0.0,4,0.043119,0.086739,0.269642,1.0
gated_residual_all_data,eth_ucy,easy,10,0.092598,0.170413,0.108017,0.197401,0.136718,-0.070771,0.225636,4,0.043119,0.086739,0.269642,1.0
gated_residual_all_data,eth_ucy,medium,1,0.234475,0.234475,0.234475,0.234475,0.0,0.0,0.0,2,0.033852,0.068204,1.695434,1.0
gated_residual_all_data,eth_ucy,medium,10,0.885085,1.577613,0.970284,1.746128,0.096508,-0.024967,0.194085,2,0.033852,0.068204,1.695434,1.0
gated_residual_all_data,eth_ucy,extreme,1,0.20025,0.20025,0.20025,0.20025,0.0,,,1,0.058718,0.117936,2.152139,1.0
gated_residual_all_data,eth_ucy,extreme,10,0.86691,1.560752,1.058601,1.936622,0.194085,,,1,0.058718,0.117936,2.152139,1.0
gated_residual_all_data,tgsim,all,1,0.001326,0.001326,0.001326,0.001326,0.0,0.0,0.0,4,0.155318,0.17754,0.716553,1.0
gated_residual_all_data,tgsim,all,10,0.043011,0.112039,0.042997,0.112008,-0.000281,-0.000604,0.000139,4,0.155318,0.17754,0.716553,1.0
gated_residual_all_data,tgsim,all,25,0.405568,1.037244,0.257363,0.75285,-0.377756,-0.288721,-0.00292,4,0.155318,0.17754,0.716553,1.0
gated_residual_all_data,tgsim,all,50,1.367703,3.38756,0.982001,2.62938,-0.288349,-0.252729,0.049545,4,0.155318,0.17754,0.716553,1.0
gated_residual_all_data,tgsim,all,100,2.902592,6.531357,2.659638,6.062032,-0.07742,-0.48869,-0.023025,4,0.155318,0.17754,0.716553,1.0
gated_residual_all_data,tgsim,easy,1,0.000224,0.000224,0.000224,0.000224,0.0,0.0,0.0,2,0.044317,0.04134,0.577825,1.0
gated_residual_all_data,tgsim,easy,10,0.003997,0.010957,0.003985,0.010922,-0.003252,-0.00085,0.00014,2,0.044317,0.04134,0.577825,1.0
gated_residual_all_data,tgsim,easy,25,0.01421,0.021736,0.012411,0.019863,-0.094312,-0.035264,-0.002201,2,0.044317,0.04134,0.577825,1.0
gated_residual_all_data,tgsim,easy,50,0.035869,0.090029,0.027277,0.069851,-0.28888,-0.213388,-0.116445,2,0.044317,0.04134,0.577825,1.0
gated_residual_all_data,tgsim,easy,100,0.104373,0.208527,0.064928,0.129012,-0.616337,-0.570397,-0.406983,2,0.044317,0.04134,0.577825,1.0
gated_residual_all_data,tgsim,medium,1,0.000187,0.000187,0.000187,0.000187,0.0,,,1,0.032445,0.027094,0.145887,1.0
gated_residual_all_data,tgsim,medium,10,0.004064,0.007977,0.004072,0.00799,0.001691,,,1,0.032445,0.027094,0.145887,1.0
gated_residual_all_data,tgsim,medium,25,0.006447,0.015203,0.006603,0.014695,-0.034546,,,1,0.032445,0.027094,0.145887,1.0
gated_residual_all_data,tgsim,medium,50,0.021404,0.071721,0.026358,0.08544,0.160569,,,1,0.032445,0.027094,0.145887,1.0
gated_residual_all_data,tgsim,medium,100,0.419788,3.033386,0.418916,3.022644,-0.003554,,,1,0.032445,0.027094,0.145887,1.0
gated_residual_all_data,tgsim,hard,1,0.004669,0.004669,0.004669,0.004669,0.0,,,1,0.500192,0.600384,1.564674,1.0
gated_residual_all_data,tgsim,hard,10,0.159986,0.418267,0.159947,0.418199,-0.000164,,,1,0.500192,0.600384,1.564674,1.0
gated_residual_all_data,tgsim,hard,25,1.587405,4.0903,0.998028,2.956981,-0.383269,,,1,0.500192,0.600384,1.564674,1.0
gated_residual_all_data,tgsim,hard,50,5.377667,13.298462,3.847094,10.292379,-0.292069,,,1,0.500192,0.600384,1.564674,1.0
gated_residual_all_data,tgsim,hard,100,10.981833,22.674988,10.089779,20.967461,-0.081437,,,1,0.500192,0.600384,1.564674,1.0
gated_residual_all_data,tgsim,extreme,1,0.004669,0.004669,0.004669,0.004669,0.0,,,1,0.500192,0.600384,1.564674,1.0
gated_residual_all_data,tgsim,extreme,10,0.159986,0.418267,0.159947,0.418199,-0.000164,,,1,0.500192,0.600384,1.564674,1.0
gated_residual_all_data,tgsim,extreme,25,1.587405,4.0903,0.998028,2.956981,-0.383269,,,1,0.500192,0.600384,1.564674,1.0
gated_residual_all_data,tgsim,extreme,50,5.377667,13.298462,3.847094,10.292379,-0.292069,,,1,0.500192,0.600384,1.564674,1.0
gated_residual_all_data,tgsim,extreme,100,10.981833,22.674988,10.089779,20.967461,-0.081437,,,1,0.500192,0.600384,1.564674,1.0
gated_residual_all_data,tgsim_i90,all,1,0.006646,0.006646,0.006646,0.006646,0.0,0.0,0.0,6,0.04,0.501855,1.953136,1.0
gated_residual_all_data,tgsim_i90,all,10,0.108798,0.268661,0.11102,0.273352,0.017163,-0.048119,0.038411,6,0.04,0.501855,1.953136,1.0
gated_residual_all_data,tgsim_i90,all,25,0.58389,1.584255,0.593701,1.598133,0.008684,-0.084922,0.044156,6,0.04,0.501855,1.953136,1.0
gated_residual_all_data,tgsim_i90,all,50,1.839456,4.50585,1.863436,4.548539,0.009385,-0.037405,0.038851,6,0.04,0.501855,1.953136,1.0
gated_residual_all_data,tgsim_i90,all,100,4.631411,10.252016,4.693825,10.327657,0.007324,-0.00687,0.024605,6,0.04,0.501855,1.953136,1.0
gated_residual_all_data,tgsim_i90,easy,1,0.005737,0.005737,0.005737,0.005737,0.0,,,1,0.04,0.512914,1.126504,1.0
gated_residual_all_data,tgsim_i90,easy,10,0.088598,0.221239,0.089575,0.222759,0.006824,,,1,0.04,0.512914,1.126504,1.0
gated_residual_all_data,tgsim_i90,easy,25,0.509106,1.473855,0.507399,1.470148,-0.002522,,,1,0.04,0.512914,1.126504,1.0
gated_residual_all_data,tgsim_i90,easy,50,1.764843,4.032975,1.74692,4.008431,-0.006123,,,1,0.04,0.512914,1.126504,1.0
gated_residual_all_data,tgsim_i90,easy,100,3.281115,6.2075,3.376514,6.388728,0.028367,,,1,0.04,0.512914,1.126504,1.0
gated_residual_all_data,tgsim_i90,medium,1,0.00965,0.00965,0.00965,0.00965,0.0,0.0,0.0,2,0.04,0.493398,2.50929,1.0
gated_residual_all_data,tgsim_i90,medium,10,0.164386,0.432959,0.170639,0.445353,0.02783,-0.01089,0.05418,2,0.04,0.493398,2.50929,1.0
gated_residual_all_data,tgsim_i90,medium,25,0.952631,2.553172,0.992054,2.621675,0.02613,-0.010626,0.075478,2,0.04,0.493398,2.50929,1.0
gated_residual_all_data,tgsim_i90,medium,50,2.77048,6.38267,2.869926,6.569806,0.028484,0.012112,0.064897,2,0.04,0.493398,2.50929,1.0
gated_residual_all_data,tgsim_i90,medium,100,5.979411,11.485254,6.096972,11.59791,0.009713,-0.014207,0.013388,2,0.04,0.493398,2.50929,1.0
gated_residual_all_data,tgsim_i90,hard,1,0.004946,0.004946,0.004946,0.004946,0.0,0.0,0.0,3,0.04,0.503807,1.85791,1.0
gated_residual_all_data,tgsim_i90,hard,10,0.078472,0.174936,0.078422,0.175549,0.003495,-0.111265,0.054227,3,0.04,0.503807,1.85791,1.0
gated_residual_all_data,tgsim_i90,hard,25,0.362991,0.975111,0.356899,0.958433,-0.017401,-0.128103,0.05165,3,0.04,0.503807,1.85791,1.0
gated_residual_all_data,tgsim_i90,hard,50,1.243645,3.412262,1.231282,3.381064,-0.009227,-0.079472,0.039496,3,0.04,0.503807,1.85791,1.0
gated_residual_all_data,tgsim_i90,hard,100,4.182844,10.778029,4.197497,10.793798,0.001461,-0.013724,0.034632,3,0.04,0.503807,1.85791,1.0
gated_residual_all_data,tgsim_i90,extreme,1,0.009579,0.009579,0.009579,0.009579,0.0,,,1,0.04,0.463578,2.286494,1.0
gated_residual_all_data,tgsim_i90,extreme,10,0.07146,0.158359,0.069445,0.155181,-0.020482,,,1,0.04,0.463578,2.286494,1.0
gated_residual_all_data,tgsim_i90,extreme,25,0.292401,0.717719,0.259138,0.636217,-0.128103,,,1,0.04,0.463578,2.286494,1.0
gated_residual_all_data,tgsim_i90,extreme,50,1.027098,2.93454,0.930289,2.718497,-0.079472,,,1,0.04,0.463578,2.286494,1.0
gated_residual_all_data,tgsim_i90,extreme,100,3.782606,10.790105,3.717157,10.644025,-0.013724,,,1,0.04,0.463578,2.286494,1.0
gated_residual_all_data,trajnet,all,1,0.059189,0.059189,0.059189,0.059189,0.0,0.0,0.0,7,0.0,0.217364,1.691421,1.0
gated_residual_all_data,trajnet,all,10,0.82033,1.434586,0.82033,1.434586,0.0,0.0,0.0,7,0.0,0.217364,1.691421,1.0
gated_residual_all_data,trajnet,easy,1,0.077037,0.077037,0.077037,0.077037,0.0,0.0,0.0,4,0.0,0.242265,2.030737,1.0
gated_residual_all_data,trajnet,easy,10,0.729312,1.315717,0.729312,1.315717,0.0,0.0,0.0,4,0.0,0.242265,2.030737,1.0
gated_residual_all_data,trajnet,medium,1,0.013794,0.013794,0.013794,0.013794,0.0,0.0,0.0,2,0.0,0.245451,0.969025,1.0
gated_residual_all_data,trajnet,medium,10,0.778382,1.245864,0.778382,1.245864,0.0,0.0,0.0,2,0.0,0.245451,0.969025,1.0
gated_residual_all_data,trajnet,hard,1,0.078587,0.078587,0.078587,0.078587,0.0,,,1,0.0,0.061584,1.778952,1.0
gated_residual_all_data,trajnet,hard,10,1.268302,2.287502,1.268302,2.287502,0.0,,,1,0.0,0.061584,1.778952,1.0
gated_residual_failure_classifier_aux,eth_ucy,all,1,0.084168,0.084168,0.084168,0.084168,0.0,0.0,0.0,6,0.02721,0.10934,0.752596,1.0
gated_residual_failure_classifier_aux,eth_ucy,all,10,0.369291,0.663455,0.395439,0.713643,0.070327,-0.045035,0.11754,6,0.02721,0.10934,0.752596,1.0
gated_residual_failure_classifier_aux,eth_ucy,easy,1,0.009014,0.009014,0.009014,0.009014,0.0,0.0,0.0,4,0.028141,0.113065,0.274613,1.0
gated_residual_failure_classifier_aux,eth_ucy,easy,10,0.098303,0.180313,0.108017,0.197401,0.086568,-0.059708,0.149979,4,0.028141,0.113065,0.274613,1.0
gated_residual_failure_classifier_aux,eth_ucy,medium,1,0.234475,0.234475,0.234475,0.234475,0.0,0.0,0.0,2,0.025348,0.101891,1.708563,1.0
gated_residual_failure_classifier_aux,eth_ucy,medium,10,0.911266,1.629741,0.970284,1.746128,0.066654,-0.025968,0.141055,2,0.025348,0.101891,1.708563,1.0
gated_residual_failure_classifier_aux,eth_ucy,extreme,1,0.20025,0.20025,0.20025,0.20025,0.0,,,1,0.041445,0.16628,2.167769,1.0
gated_residual_failure_classifier_aux,eth_ucy,extreme,10,0.918418,1.663452,1.058601,1.936622,0.141055,,,1,0.041445,0.16628,2.167769,1.0
gated_residual_failure_classifier_aux,tgsim,all,1,0.001326,0.001326,0.001326,0.001326,0.0,0.0,0.0,4,0.149895,0.189991,0.720622,1.0
gated_residual_failure_classifier_aux,tgsim,all,10,0.043011,0.112039,0.042997,0.112008,-0.000274,-0.000604,0.000164,4,0.149895,0.189991,0.720622,1.0
gated_residual_failure_classifier_aux,tgsim,all,25,0.40861,1.043302,0.257363,0.75285,-0.385803,-0.291287,-0.01991,4,0.149895,0.189991,0.720622,1.0
gated_residual_failure_classifier_aux,tgsim,all,50,1.369542,3.391377,0.982001,2.62938,-0.289801,-0.267409,0.052651,4,0.149895,0.189991,0.720622,1.0
gated_residual_failure_classifier_aux,tgsim,all,100,2.786248,6.306686,2.659638,6.062032,-0.040358,-0.479315,-0.011711,4,0.149895,0.189991,0.720622,1.0
gated_residual_failure_classifier_aux,tgsim,easy,1,0.000224,0.000224,0.000224,0.000224,0.0,0.0,0.0,2,0.057431,0.063375,0.587205,1.0
gated_residual_failure_classifier_aux,tgsim,easy,10,0.003997,0.010955,0.003985,0.010922,-0.003097,-0.00085,0.000174,2,0.057431,0.063375,0.587205,1.0
gated_residual_failure_classifier_aux,tgsim,easy,25,0.019314,0.03188,0.012411,0.019863,-0.60505,-0.198031,-0.042326,2,0.057431,0.063375,0.587205,1.0
gated_residual_failure_classifier_aux,tgsim,easy,50,0.039534,0.097934,0.027277,0.069851,-0.402044,-0.242668,-0.23514,2,0.057431,0.063375,0.587205,1.0
gated_residual_failure_classifier_aux,tgsim,easy,100,0.09593,0.191341,0.064928,0.129012,-0.48313,-0.625613,-0.247797,2,0.057431,0.063375,0.587205,1.0
gated_residual_failure_classifier_aux,tgsim,medium,1,0.000187,0.000187,0.000187,0.000187,0.0,,,1,0.034528,0.032837,0.145236,1.0
gated_residual_failure_classifier_aux,tgsim,medium,10,0.004064,0.007977,0.004072,0.00799,0.001691,,,1,0.034528,0.032837,0.145236,1.0
gated_residual_failure_classifier_aux,tgsim,medium,25,0.006449,0.015377,0.006603,0.014695,-0.046375,,,1,0.034528,0.032837,0.145236,1.0
gated_residual_failure_classifier_aux,tgsim,medium,50,0.020994,0.070331,0.026358,0.08544,0.17684,,,1,0.034528,0.032837,0.145236,1.0
gated_residual_failure_classifier_aux,tgsim,medium,100,0.419424,3.029117,0.418916,3.022644,-0.002141,,,1,0.034528,0.032837,0.145236,1.0
gated_residual_failure_classifier_aux,tgsim,hard,1,0.004669,0.004669,0.004669,0.004669,0.0,,,1,0.450191,0.600379,1.562841,1.0
gated_residual_failure_classifier_aux,tgsim,hard,10,0.159986,0.418267,0.159947,0.418199,-0.000164,,,1,0.450191,0.600379,1.562841,1.0
gated_residual_failure_classifier_aux,tgsim,hard,25,1.589364,4.09407,0.998028,2.956981,-0.384544,,,1,0.450191,0.600379,1.562841,1.0
gated_residual_failure_classifier_aux,tgsim,hard,50,5.378105,13.29931,3.847094,10.292379,-0.292151,,,1,0.450191,0.600379,1.562841,1.0
gated_residual_failure_classifier_aux,tgsim,hard,100,10.533706,21.814943,10.089779,20.967461,-0.040419,,,1,0.450191,0.600379,1.562841,1.0
gated_residual_failure_classifier_aux,tgsim,extreme,1,0.004669,0.004669,0.004669,0.004669,0.0,,,1,0.450191,0.600379,1.562841,1.0
gated_residual_failure_classifier_aux,tgsim,extreme,10,0.159986,0.418267,0.159947,0.418199,-0.000164,,,1,0.450191,0.600379,1.562841,1.0
gated_residual_failure_classifier_aux,tgsim,extreme,25,1.589364,4.09407,0.998028,2.956981,-0.384544,,,1,0.450191,0.600379,1.562841,1.0
gated_residual_failure_classifier_aux,tgsim,extreme,50,5.378105,13.29931,3.847094,10.292379,-0.292151,,,1,0.450191,0.600379,1.562841,1.0
gated_residual_failure_classifier_aux,tgsim,extreme,100,10.533706,21.814943,10.089779,20.967461,-0.040419,,,1,0.450191,0.600379,1.562841,1.0
gated_residual_failure_classifier_aux,tgsim_i90,all,1,0.006646,0.006646,0.006646,0.006646,0.0,0.0,0.0,6,0.03,0.532501,2.053172,1.0
gated_residual_failure_classifier_aux,tgsim_i90,all,10,0.108753,0.268525,0.11102,0.273352,0.017659,-0.048428,0.03877,6,0.03,0.532501,2.053172,1.0
gated_residual_failure_classifier_aux,tgsim_i90,all,25,0.583773,1.584376,0.593701,1.598133,0.008608,-0.086654,0.044674,6,0.03,0.532501,2.053172,1.0
gated_residual_failure_classifier_aux,tgsim_i90,all,50,1.863436,4.548539,1.863436,4.548539,0.0,0.0,0.0,6,0.03,0.532501,2.053172,1.0
gated_residual_failure_classifier_aux,tgsim_i90,all,100,4.632672,10.261156,4.693825,10.327657,0.006439,-0.007044,0.024489,6,0.03,0.532501,2.053172,1.0
gated_residual_failure_classifier_aux,tgsim_i90,easy,1,0.005737,0.005737,0.005737,0.005737,0.0,,,1,0.03,0.555847,1.280213,1.0
gated_residual_failure_classifier_aux,tgsim_i90,easy,10,0.088746,0.221481,0.089575,0.222759,0.005738,,,1,0.03,0.555847,1.280213,1.0
gated_residual_failure_classifier_aux,tgsim_i90,easy,25,0.509578,1.474815,0.507399,1.470148,-0.003174,,,1,0.03,0.555847,1.280213,1.0
gated_residual_failure_classifier_aux,tgsim_i90,easy,50,1.74692,4.008431,1.74692,4.008431,0.0,,,1,0.03,0.555847,1.280213,1.0
gated_residual_failure_classifier_aux,tgsim_i90,easy,100,3.27359,6.197868,3.376514,6.388728,0.029874,,,1,0.03,0.555847,1.280213,1.0
gated_residual_failure_classifier_aux,tgsim_i90,medium,1,0.00965,0.00965,0.00965,0.00965,0.0,0.0,0.0,2,0.03,0.521434,2.586027,1.0
gated_residual_failure_classifier_aux,tgsim_i90,medium,10,0.164315,0.432648,0.170639,0.445353,0.028528,-0.011633,0.055858,2,0.03,0.521434,2.586027,1.0
gated_residual_failure_classifier_aux,tgsim_i90,medium,25,0.951117,2.551222,0.992054,2.621675,0.026873,-0.010096,0.076508,2,0.03,0.521434,2.586027,1.0
gated_residual_failure_classifier_aux,tgsim_i90,medium,50,2.869926,6.569806,2.869926,6.569806,0.0,0.0,0.0,2,0.03,0.521434,2.586027,1.0
gated_residual_failure_classifier_aux,tgsim_i90,medium,100,5.977546,11.48178,6.096972,11.59791,0.010013,-0.014426,0.013767,2,0.03,0.521434,2.586027,1.0
gated_residual_failure_classifier_aux,tgsim_i90,hard,1,0.004946,0.004946,0.004946,0.004946,0.0,0.0,0.0,3,0.03,0.532097,1.955588,1.0
gated_residual_failure_classifier_aux,tgsim_i90,hard,10,0.078381,0.174791,0.078422,0.175549,0.00432,-0.1121,0.055285,3,0.03,0.532097,1.955588,1.0
gated_residual_failure_classifier_aux,tgsim_i90,hard,25,0.363607,0.976333,0.356899,0.958433,-0.018676,-0.132845,0.051787,3,0.03,0.532097,1.955588,1.0
gated_residual_failure_classifier_aux,tgsim_i90,hard,50,1.231282,3.381064,1.231282,3.381064,0.0,0.0,0.0,3,0.03,0.532097,1.955588,1.0
gated_residual_failure_classifier_aux,tgsim_i90,hard,100,4.189116,10.801836,4.197497,10.793798,-0.000745,-0.011785,0.032805,3,0.03,0.532097,1.955588,1.0
gated_residual_failure_classifier_aux,tgsim_i90,extreme,1,0.009579,0.009579,0.009579,0.009579,0.0,,,1,0.03,0.493926,2.30608,1.0
gated_residual_failure_classifier_aux,tgsim_i90,extreme,10,0.071368,0.158156,0.069445,0.155181,-0.019174,,,1,0.03,0.493926,2.30608,1.0
gated_residual_failure_classifier_aux,tgsim_i90,extreme,25,0.293904,0.720736,0.259138,0.636217,-0.132845,,,1,0.03,0.493926,2.30608,1.0
gated_residual_failure_classifier_aux,tgsim_i90,extreme,50,0.930289,2.718497,0.930289,2.718497,0.0,,,1,0.03,0.493926,2.30608,1.0
gated_residual_failure_classifier_aux,tgsim_i90,extreme,100,3.771668,10.76946,3.717157,10.644025,-0.011785,,,1,0.03,0.493926,2.30608,1.0
gated_residual_failure_classifier_aux,trajnet,all,1,0.059189,0.059189,0.059189,0.059189,0.0,0.0,0.0,7,0.0,0.217009,1.71782,1.0
gated_residual_failure_classifier_aux,trajnet,all,10,0.82033,1.434586,0.82033,1.434586,0.0,0.0,0.0,7,0.0,0.217009,1.71782,1.0
gated_residual_failure_classifier_aux,trajnet,easy,1,0.077037,0.077037,0.077037,0.077037,0.0,0.0,0.0,4,0.0,0.241702,2.053967,1.0
gated_residual_failure_classifier_aux,trajnet,easy,10,0.729312,1.315717,0.729312,1.315717,0.0,0.0,0.0,4,0.0,0.241702,2.053967,1.0
gated_residual_failure_classifier_aux,trajnet,medium,1,0.013794,0.013794,0.013794,0.013794,0.0,0.0,0.0,2,0.0,0.247217,0.997016,1.0
gated_residual_failure_classifier_aux,trajnet,medium,10,0.778382,1.245864,0.778382,1.245864,0.0,0.0,0.0,2,0.0,0.247217,0.997016,1.0
gated_residual_failure_classifier_aux,trajnet,hard,1,0.078587,0.078587,0.078587,0.078587,0.0,,,1,0.0,0.057823,1.814841,1.0
gated_residual_failure_classifier_aux,trajnet,hard,10,1.268302,2.287502,1.268302,2.287502,0.0,,,1,0.0,0.057823,1.814841,1.0
gated_residual_hard_weighted,eth_ucy,all,1,0.084168,0.084168,0.084168,0.084168,0.0,0.0,0.0,6,0.022551,0.090703,0.74874,1.0
gated_residual_hard_weighted,eth_ucy,all,10,0.374617,0.673919,0.395439,0.713643,0.055664,-0.035649,0.100347,6,0.022551,0.090703,0.74874,1.0
gated_residual_hard_weighted,eth_ucy,easy,1,0.009014,0.009014,0.009014,0.009014,0.0,0.0,0.0,4,0.024237,0.097447,0.272108,1.0
gated_residual_hard_weighted,eth_ucy,easy,10,0.09949,0.182403,0.108017,0.197401,0.075978,-0.04763,0.129169,4,0.024237,0.097447,0.272108,1.0
gated_residual_hard_weighted,eth_ucy,medium,1,0.234475,0.234475,0.234475,0.234475,0.0,0.0,0.0,2,0.019179,0.077215,1.702004,1.0
gated_residual_hard_weighted,eth_ucy,medium,10,0.92487,1.656951,0.970284,1.746128,0.051071,-0.019418,0.107693,2,0.019179,0.077215,1.702004,1.0
gated_residual_hard_weighted,eth_ucy,extreme,1,0.20025,0.20025,0.20025,0.20025,0.0,,,1,0.031403,0.126112,2.159887,1.0
gated_residual_hard_weighted,eth_ucy,extreme,10,0.951213,1.728062,1.058601,1.936622,0.107693,,,1,0.031403,0.126112,2.159887,1.0
gated_residual_hard_weighted,tgsim,all,1,0.001326,0.001326,0.001326,0.001326,0.0,0.0,0.0,4,0.152487,0.193447,0.721772,1.0
gated_residual_hard_weighted,tgsim,all,10,0.043011,0.112039,0.042997,0.112008,-0.000274,-0.000604,0.000164,4,0.152487,0.193447,0.721772,1.0
gated_residual_hard_weighted,tgsim,all,25,0.410449,1.046834,0.257363,0.75285,-0.390494,-0.358779,-0.018057,4,0.152487,0.193447,0.721772,1.0
gated_residual_hard_weighted,tgsim,all,50,1.370356,3.393164,0.982001,2.62938,-0.290481,-0.302337,0.042322,4,0.152487,0.193447,0.721772,1.0
gated_residual_hard_weighted,tgsim,all,100,2.788464,6.310842,2.659638,6.062032,-0.041044,-0.651536,-0.011521,4,0.152487,0.193447,0.721772,1.0
gated_residual_hard_weighted,tgsim,easy,1,0.000224,0.000224,0.000224,0.000224,0.0,0.0,0.0,2,0.063866,0.071955,0.590021,1.0
gated_residual_hard_weighted,tgsim,easy,10,0.003997,0.010955,0.003985,0.010922,-0.003097,-0.00085,0.000174,2,0.063866,0.071955,0.590021,1.0
gated_residual_hard_weighted,tgsim,easy,25,0.022711,0.03845,0.012411,0.019863,-0.935824,-0.332644,-0.039114,2,0.063866,0.071955,0.590021,1.0
gated_residual_hard_weighted,tgsim,easy,50,0.04102,0.101058,0.027277,0.069851,-0.446765,-0.312511,-0.231598,2,0.063866,0.071955,0.590021,1.0
gated_residual_hard_weighted,tgsim,easy,100,0.100707,0.200773,0.064928,0.129012,-0.556236,-0.855266,-0.231427,2,0.063866,0.071955,0.590021,1.0
gated_residual_hard_weighted,tgsim,medium,1,0.000187,0.000187,0.000187,0.000187,0.0,,,1,0.032028,0.029505,0.144843,1.0
gated_residual_hard_weighted,tgsim,medium,10,0.004064,0.007977,0.004072,0.00799,0.001691,,,1,0.032028,0.029505,0.144843,1.0
gated_residual_hard_weighted,tgsim,medium,25,0.006442,0.015271,0.006603,0.014695,-0.039175,,,1,0.032028,0.029505,0.144843,1.0
gated_residual_hard_weighted,tgsim,medium,50,0.021222,0.071118,0.026358,0.08544,0.167625,,,1,0.032028,0.029505,0.144843,1.0
gated_residual_hard_weighted,tgsim,medium,100,0.419366,3.028426,0.418916,3.022644,-0.001913,,,1,0.032028,0.029505,0.144843,1.0
gated_residual_hard_weighted,tgsim,hard,1,0.004669,0.004669,0.004669,0.004669,0.0,,,1,0.450189,0.600373,1.562203,1.0
gated_residual_hard_weighted,tgsim,hard,10,0.159986,0.418267,0.159947,0.418199,-0.000164,,,1,0.450189,0.600373,1.562203,1.0
gated_residual_hard_weighted,tgsim,hard,25,1.589931,4.095162,0.998028,2.956981,-0.384913,,,1,0.450189,0.600373,1.562203,1.0
gated_residual_hard_weighted,tgsim,hard,50,5.378164,13.299423,3.847094,10.292379,-0.292162,,,1,0.450189,0.600373,1.562203,1.0
gated_residual_hard_weighted,tgsim,hard,100,10.533076,21.813395,10.089779,20.967461,-0.040345,,,1,0.450189,0.600373,1.562203,1.0
gated_residual_hard_weighted,tgsim,extreme,1,0.004669,0.004669,0.004669,0.004669,0.0,,,1,0.450189,0.600373,1.562203,1.0
gated_residual_hard_weighted,tgsim,extreme,10,0.159986,0.418267,0.159947,0.418199,-0.000164,,,1,0.450189,0.600373,1.562203,1.0
gated_residual_hard_weighted,tgsim,extreme,25,1.589931,4.095162,0.998028,2.956981,-0.384913,,,1,0.450189,0.600373,1.562203,1.0
gated_residual_hard_weighted,tgsim,extreme,50,5.378164,13.299423,3.847094,10.292379,-0.292162,,,1,0.450189,0.600373,1.562203,1.0
gated_residual_hard_weighted,tgsim,extreme,100,10.533076,21.813395,10.089779,20.967461,-0.040345,,,1,0.450189,0.600373,1.562203,1.0
gated_residual_hard_weighted,tgsim_i90,all,1,0.006646,0.006646,0.006646,0.006646,0.0,0.0,0.0,6,0.04,0.512313,1.99552,1.0
gated_residual_hard_weighted,tgsim_i90,all,10,0.108737,0.268474,0.11102,0.273352,0.017845,-0.048561,0.038891,6,0.04,0.512313,1.99552,1.0
gated_residual_hard_weighted,tgsim_i90,all,25,0.584043,1.584715,0.593701,1.598133,0.008396,-0.08694,0.044388,6,0.04,0.512313,1.99552,1.0
gated_residual_hard_weighted,tgsim_i90,all,50,1.839247,4.505387,1.863436,4.548539,0.009487,-0.03857,0.039429,6,0.04,0.512313,1.99552,1.0
gated_residual_hard_weighted,tgsim_i90,all,100,4.630223,10.252297,4.693825,10.327657,0.007297,-0.005769,0.025127,6,0.04,0.512313,1.99552,1.0
gated_residual_hard_weighted,tgsim_i90,easy,1,0.005737,0.005737,0.005737,0.005737,0.0,,,1,0.04,0.544567,1.209523,1.0
gated_residual_hard_weighted,tgsim_i90,easy,10,0.088801,0.221576,0.089575,0.222759,0.005315,,,1,0.04,0.544567,1.209523,1.0
gated_residual_hard_weighted,tgsim_i90,easy,25,0.509272,1.474184,0.507399,1.470148,-0.002746,,,1,0.04,0.544567,1.209523,1.0
gated_residual_hard_weighted,tgsim_i90,easy,50,1.765708,4.034344,1.74692,4.008431,-0.006464,,,1,0.04,0.544567,1.209523,1.0
gated_residual_hard_weighted,tgsim_i90,easy,100,3.274446,6.199121,3.376514,6.388728,0.029678,,,1,0.04,0.544567,1.209523,1.0
gated_residual_hard_weighted,tgsim_i90,medium,1,0.00965,0.00965,0.00965,0.00965,0.0,0.0,0.0,2,0.04,0.495355,2.543494,1.0
gated_residual_hard_weighted,tgsim_i90,medium,10,0.164289,0.432527,0.170639,0.445353,0.028799,-0.011877,0.05648,2,0.04,0.495355,2.543494,1.0
gated_residual_hard_weighted,tgsim_i90,medium,25,0.952325,2.552952,0.992054,2.621675,0.026213,-0.010926,0.076077,2,0.04,0.495355,2.543494,1.0
gated_residual_hard_weighted,tgsim_i90,medium,50,2.768379,6.378464,2.869926,6.569806,0.029124,0.013008,0.064968,2,0.04,0.495355,2.543494,1.0
gated_residual_hard_weighted,tgsim_i90,medium,100,5.978553,11.483565,6.096972,11.59791,0.009859,-0.014254,0.013564,2,0.04,0.495355,2.543494,1.0
gated_residual_hard_weighted,tgsim_i90,hard,1,0.004946,0.004946,0.004946,0.004946,0.0,0.0,0.0,3,0.04,0.512866,1.892204,1.0
gated_residual_hard_weighted,tgsim_i90,hard,10,0.078347,0.174738,0.078422,0.175549,0.004618,-0.11244,0.05568,3,0.04,0.512866,1.892204,1.0
gated_residual_hard_weighted,tgsim_i90,hard,25,0.363445,0.976067,0.356899,0.958433,-0.018398,-0.130648,0.051768,3,0.04,0.512866,1.892204,1.0
gated_residual_hard_weighted,tgsim_i90,hard,50,1.244338,3.413683,1.231282,3.381064,-0.009647,-0.079816,0.040248,3,0.04,0.512866,1.892204,1.0
gated_residual_hard_weighted,tgsim_i90,hard,100,4.183262,10.782509,4.197497,10.793798,0.001046,-0.010814,0.034158,3,0.04,0.512866,1.892204,1.0
gated_residual_hard_weighted,tgsim_i90,extreme,1,0.009579,0.009579,0.009579,0.009579,0.0,,,1,0.04,0.463843,2.285851,1.0
gated_residual_hard_weighted,tgsim_i90,extreme,10,0.071332,0.158083,0.069445,0.155181,-0.0187,,,1,0.04,0.463843,2.285851,1.0
gated_residual_hard_weighted,tgsim_i90,extreme,25,0.293111,0.719338,0.259138,0.636217,-0.130648,,,1,0.04,0.463843,2.285851,1.0
gated_residual_hard_weighted,tgsim_i90,extreme,50,1.027557,2.935477,0.930289,2.718497,-0.079816,,,1,0.04,0.463843,2.285851,1.0
gated_residual_hard_weighted,tgsim_i90,extreme,100,3.766187,10.75913,3.717157,10.644025,-0.010814,,,1,0.04,0.463843,2.285851,1.0
gated_residual_hard_weighted,trajnet,all,1,0.059189,0.059189,0.059189,0.059189,0.0,0.0,0.0,7,0.0,0.182067,1.72449,1.0
gated_residual_hard_weighted,trajnet,all,10,0.82033,1.434586,0.82033,1.434586,0.0,0.0,0.0,7,0.0,0.182067,1.72449,1.0
gated_residual_hard_weighted,trajnet,easy,1,0.077037,0.077037,0.077037,0.077037,0.0,0.0,0.0,4,0.0,0.194633,2.059454,1.0
gated_residual_hard_weighted,trajnet,easy,10,0.729312,1.315717,0.729312,1.315717,0.0,0.0,0.0,4,0.0,0.194633,2.059454,1.0
gated_residual_hard_weighted,trajnet,medium,1,0.013794,0.013794,0.013794,0.013794,0.0,0.0,0.0,2,0.0,0.232711,1.005256,1.0
gated_residual_hard_weighted,trajnet,medium,10,0.778382,1.245864,0.778382,1.245864,0.0,0.0,0.0,2,0.0,0.232711,1.005256,1.0
gated_residual_hard_weighted,trajnet,hard,1,0.078587,0.078587,0.078587,0.078587,0.0,,,1,0.0,0.030512,1.823101,1.0
gated_residual_hard_weighted,trajnet,hard,10,1.268302,2.287502,1.268302,2.287502,0.0,,,1,0.0,0.030512,1.823101,1.0
graph_attention_interaction_ablation,eth_ucy,all,1,0.084168,0.084168,0.084168,0.084168,0.0,0.0,0.0,6,0.024285,0.097642,0.750653,1.0
graph_attention_interaction_ablation,eth_ucy,all,10,0.372083,0.669002,0.395439,0.713643,0.062555,-0.037479,0.108781,6,0.024285,0.097642,0.750653,1.0
graph_attention_interaction_ablation,eth_ucy,easy,1,0.009014,0.009014,0.009014,0.009014,0.0,0.0,0.0,4,0.025795,0.103681,0.273348,1.0
graph_attention_interaction_ablation,eth_ucy,easy,10,0.098809,0.181179,0.108017,0.197401,0.082178,-0.0501,0.139114,4,0.025795,0.103681,0.273348,1.0
graph_attention_interaction_ablation,eth_ucy,medium,1,0.234475,0.234475,0.234475,0.234475,0.0,0.0,0.0,2,0.021266,0.085564,1.705263,1.0
graph_attention_interaction_ablation,eth_ucy,medium,10,0.91863,1.644646,0.970284,1.746128,0.058118,-0.020092,0.120942,2,0.021266,0.085564,1.705263,1.0
graph_attention_interaction_ablation,eth_ucy,extreme,1,0.20025,0.20025,0.20025,0.20025,0.0,,,1,0.035354,0.141914,2.163823,1.0
graph_attention_interaction_ablation,eth_ucy,extreme,10,0.938157,1.702402,1.058601,1.936622,0.120942,,,1,0.035354,0.141914,2.163823,1.0
graph_attention_interaction_ablation,tgsim,all,1,0.001326,0.001326,0.001326,0.001326,0.0,0.0,0.0,4,0.147913,0.187348,0.720563,1.0
graph_attention_interaction_ablation,tgsim,all,10,0.043011,0.112039,0.042997,0.112008,-0.000274,-0.000604,0.000164,4,0.147913,0.187348,0.720563,1.0
graph_attention_interaction_ablation,tgsim,all,25,0.4083,1.042661,0.257363,0.75285,-0.384951,-0.289865,-0.018224,4,0.147913,0.187348,0.720563,1.0
graph_attention_interaction_ablation,tgsim,all,50,1.369246,3.390849,0.982001,2.62938,-0.2896,-0.261803,0.050425,4,0.147913,0.187348,0.720563,1.0
graph_attention_interaction_ablation,tgsim,all,100,2.785273,6.304608,2.659638,6.062032,-0.040016,-0.452645,-0.011571,4,0.147913,0.187348,0.720563,1.0
graph_attention_interaction_ablation,tgsim,easy,1,0.000224,0.000224,0.000224,0.000224,0.0,0.0,0.0,2,0.054523,0.059497,0.587106,1.0
graph_attention_interaction_ablation,tgsim,easy,10,0.003997,0.010955,0.003985,0.010922,-0.003097,-0.00085,0.000174,2,0.054523,0.059497,0.587106,1.0
graph_attention_interaction_ablation,tgsim,easy,25,0.018711,0.030673,0.012411,0.019863,-0.54428,-0.176872,-0.039344,2,0.054523,0.059497,0.587106,1.0
graph_attention_interaction_ablation,tgsim,easy,50,0.038857,0.096566,0.027277,0.069851,-0.382461,-0.231459,-0.222866,2,0.054523,0.059497,0.587106,1.0
graph_attention_interaction_ablation,tgsim,easy,100,0.093994,0.187444,0.064928,0.129012,-0.452921,-0.590053,-0.230882,2,0.054523,0.059497,0.587106,1.0
graph_attention_interaction_ablation,tgsim,medium,1,0.000187,0.000187,0.000187,0.000187,0.0,,,1,0.032413,0.030018,0.145191,1.0
graph_attention_interaction_ablation,tgsim,medium,10,0.004064,0.007977,0.004072,0.00799,0.001691,,,1,0.032413,0.030018,0.145191,1.0
graph_attention_interaction_ablation,tgsim,medium,25,0.006444,0.015284,0.006603,0.014695,-0.040053,,,1,0.032413,0.030018,0.145191,1.0
graph_attention_interaction_ablation,tgsim,medium,50,0.021189,0.071001,0.026358,0.08544,0.168992,,,1,0.032413,0.030018,0.145191,1.0
graph_attention_interaction_ablation,tgsim,medium,100,0.419378,3.028551,0.418916,3.022644,-0.001954,,,1,0.032413,0.030018,0.145191,1.0
graph_attention_interaction_ablation,tgsim,hard,1,0.004669,0.004669,0.004669,0.004669,0.0,,,1,0.450192,0.60038,1.562851,1.0
graph_attention_interaction_ablation,tgsim,hard,10,0.159986,0.418267,0.159947,0.418199,-0.000164,,,1,0.450192,0.60038,1.562851,1.0
graph_attention_interaction_ablation,tgsim,hard,25,1.589334,4.094013,0.998028,2.956981,-0.384525,,,1,0.450192,0.60038,1.562851,1.0
graph_attention_interaction_ablation,tgsim,hard,50,5.378082,13.299263,3.847094,10.292379,-0.292147,,,1,0.450192,0.60038,1.562851,1.0
graph_attention_interaction_ablation,tgsim,hard,100,10.533727,21.814991,10.089779,20.967461,-0.040421,,,1,0.450192,0.60038,1.562851,1.0
graph_attention_interaction_ablation,tgsim,extreme,1,0.004669,0.004669,0.004669,0.004669,0.0,,,1,0.450192,0.60038,1.562851,1.0
graph_attention_interaction_ablation,tgsim,extreme,10,0.159986,0.418267,0.159947,0.418199,-0.000164,,,1,0.450192,0.60038,1.562851,1.0
graph_attention_interaction_ablation,tgsim,extreme,25,1.589334,4.094013,0.998028,2.956981,-0.384525,,,1,0.450192,0.60038,1.562851,1.0
graph_attention_interaction_ablation,tgsim,extreme,50,5.378082,13.299263,3.847094,10.292379,-0.292147,,,1,0.450192,0.60038,1.562851,1.0
graph_attention_interaction_ablation,tgsim,extreme,100,10.533727,21.814991,10.089779,20.967461,-0.040421,,,1,0.450192,0.60038,1.562851,1.0
graph_attention_interaction_ablation,tgsim_i90,all,1,0.006646,0.006646,0.006646,0.006646,0.0,0.0,0.0,6,0.03,0.522128,2.020499,1.0
graph_attention_interaction_ablation,tgsim_i90,all,10,0.108753,0.268525,0.11102,0.273352,0.017659,-0.048428,0.03877,6,0.03,0.522128,2.020499,1.0
graph_attention_interaction_ablation,tgsim_i90,all,25,0.583893,1.584506,0.593701,1.598133,0.008527,-0.086619,0.044526,6,0.03,0.522128,2.020499,1.0
graph_attention_interaction_ablation,tgsim_i90,all,50,1.863436,4.548539,1.863436,4.548539,0.0,0.0,0.0,6,0.03,0.522128,2.020499,1.0
graph_attention_interaction_ablation,tgsim_i90,all,100,4.631463,10.256798,4.693825,10.327657,0.006861,-0.00653,0.024699,6,0.03,0.522128,2.020499,1.0
graph_attention_interaction_ablation,tgsim_i90,easy,1,0.005737,0.005737,0.005737,0.005737,0.0,,,1,0.03,0.547767,1.235196,1.0
graph_attention_interaction_ablation,tgsim_i90,easy,10,0.088746,0.221481,0.089575,0.222759,0.005738,,,1,0.03,0.547767,1.235196,1.0
graph_attention_interaction_ablation,tgsim_i90,easy,25,0.509428,1.474505,0.507399,1.470148,-0.002964,,,1,0.03,0.547767,1.235196,1.0
graph_attention_interaction_ablation,tgsim_i90,easy,50,1.74692,4.008431,1.74692,4.008431,0.0,,,1,0.03,0.547767,1.235196,1.0
graph_attention_interaction_ablation,tgsim_i90,easy,100,3.274958,6.199596,3.376514,6.388728,0.029604,,,1,0.03,0.547767,1.235196,1.0
graph_attention_interaction_ablation,tgsim_i90,medium,1,0.00965,0.00965,0.00965,0.00965,0.0,0.0,0.0,2,0.03,0.508518,2.564124,1.0
graph_attention_interaction_ablation,tgsim_i90,medium,10,0.164315,0.432648,0.170639,0.445353,0.028528,-0.011633,0.055858,2,0.03,0.508518,2.564124,1.0
graph_attention_interaction_ablation,tgsim_i90,medium,25,0.951715,2.552054,0.992054,2.621675,0.026556,-0.010479,0.076279,2,0.03,0.508518,2.564124,1.0
graph_attention_interaction_ablation,tgsim_i90,medium,50,2.869926,6.569806,2.869926,6.569806,0.0,0.0,0.0,2,0.03,0.508518,2.564124,1.0
graph_attention_interaction_ablation,tgsim_i90,medium,100,5.977991,11.482625,6.096972,11.59791,0.00994,-0.014384,0.013677,2,0.03,0.508518,2.564124,1.0
graph_attention_interaction_ablation,tgsim_i90,hard,1,0.004946,0.004946,0.004946,0.004946,0.0,0.0,0.0,3,0.03,0.522654,1.91985,1.0
graph_attention_interaction_ablation,tgsim_i90,hard,10,0.078381,0.174791,0.078422,0.175549,0.00432,-0.1121,0.055285,3,0.03,0.522654,1.91985,1.0
graph_attention_interaction_ablation,tgsim_i90,hard,25,0.3635,0.976142,0.356899,0.958433,-0.018477,-0.131675,0.051762,3,0.03,0.522654,1.91985,1.0
graph_attention_interaction_ablation,tgsim_i90,hard,50,1.231282,3.381064,1.231282,3.381064,0.0,0.0,0.0,3,0.03,0.522654,1.91985,1.0
graph_attention_interaction_ablation,tgsim_i90,hard,100,4.185947,10.791981,4.197497,10.793798,0.000168,-0.011795,0.033441,3,0.03,0.522654,1.91985,1.0
graph_attention_interaction_ablation,tgsim_i90,extreme,1,0.009579,0.009579,0.009579,0.009579,0.0,,,1,0.03,0.477901,2.296924,1.0
graph_attention_interaction_ablation,tgsim_i90,extreme,10,0.071368,0.158156,0.069445,0.155181,-0.019174,,,1,0.03,0.477901,2.296924,1.0
graph_attention_interaction_ablation,tgsim_i90,extreme,25,0.293498,0.719992,0.259138,0.636217,-0.131675,,,1,0.03,0.477901,2.296924,1.0
graph_attention_interaction_ablation,tgsim_i90,extreme,50,0.930289,2.718497,0.930289,2.718497,0.0,,,1,0.03,0.477901,2.296924,1.0
graph_attention_interaction_ablation,tgsim_i90,extreme,100,3.771724,10.769572,3.717157,10.644025,-0.011795,,,1,0.03,0.477901,2.296924,1.0
graph_attention_interaction_ablation,trajnet,all,1,0.059189,0.059189,0.059189,0.059189,0.0,0.0,0.0,7,0.0,0.20407,1.716876,1.0
graph_attention_interaction_ablation,trajnet,all,10,0.82033,1.434586,0.82033,1.434586,0.0,0.0,0.0,7,0.0,0.20407,1.716876,1.0
graph_attention_interaction_ablation,trajnet,easy,1,0.077037,0.077037,0.077037,0.077037,0.0,0.0,0.0,4,0.0,0.223967,2.053017,1.0
graph_attention_interaction_ablation,trajnet,easy,10,0.729312,1.315717,0.729312,1.315717,0.0,0.0,0.0,4,0.0,0.223967,2.053017,1.0
graph_attention_interaction_ablation,trajnet,medium,1,0.013794,0.013794,0.013794,0.013794,0.0,0.0,0.0,2,0.0,0.243234,0.996332,1.0
graph_attention_interaction_ablation,trajnet,medium,10,0.778382,1.245864,0.778382,1.245864,0.0,0.0,0.0,2,0.0,0.243234,0.996332,1.0
graph_attention_interaction_ablation,trajnet,hard,1,0.078587,0.078587,0.078587,0.078587,0.0,,,1,0.0,0.046154,1.813395,1.0
graph_attention_interaction_ablation,trajnet,hard,10,1.268302,2.287502,1.268302,2.287502,0.0,,,1,0.0,0.046154,1.813395,1.0
graph_attention_temporal_history_ablation,eth_ucy,all,1,0.084168,0.084168,0.084168,0.084168,0.0,0.0,0.0,6,0.024285,0.097642,0.750653,1.0
graph_attention_temporal_history_ablation,eth_ucy,all,10,0.372083,0.669002,0.395439,0.713643,0.062555,-0.037479,0.108781,6,0.024285,0.097642,0.750653,1.0
graph_attention_temporal_history_ablation,eth_ucy,easy,1,0.009014,0.009014,0.009014,0.009014,0.0,0.0,0.0,4,0.025795,0.103681,0.273348,1.0
graph_attention_temporal_history_ablation,eth_ucy,easy,10,0.098809,0.181179,0.108017,0.197401,0.082178,-0.0501,0.139114,4,0.025795,0.103681,0.273348,1.0
graph_attention_temporal_history_ablation,eth_ucy,medium,1,0.234475,0.234475,0.234475,0.234475,0.0,0.0,0.0,2,0.021266,0.085564,1.705263,1.0
graph_attention_temporal_history_ablation,eth_ucy,medium,10,0.91863,1.644646,0.970284,1.746128,0.058118,-0.020092,0.120942,2,0.021266,0.085564,1.705263,1.0
graph_attention_temporal_history_ablation,eth_ucy,extreme,1,0.20025,0.20025,0.20025,0.20025,0.0,,,1,0.035354,0.141914,2.163823,1.0
graph_attention_temporal_history_ablation,eth_ucy,extreme,10,0.938157,1.702402,1.058601,1.936622,0.120942,,,1,0.035354,0.141914,2.163823,1.0
graph_attention_temporal_history_ablation,tgsim,all,1,0.001326,0.001326,0.001326,0.001326,0.0,0.0,0.0,4,0.147913,0.187348,0.720563,1.0
graph_attention_temporal_history_ablation,tgsim,all,10,0.043011,0.112039,0.042997,0.112008,-0.000274,-0.000604,0.000164,4,0.147913,0.187348,0.720563,1.0
graph_attention_temporal_history_ablation,tgsim,all,25,0.4083,1.042661,0.257363,0.75285,-0.384951,-0.289865,-0.018224,4,0.147913,0.187348,0.720563,1.0
graph_attention_temporal_history_ablation,tgsim,all,50,1.369246,3.390849,0.982001,2.62938,-0.2896,-0.261803,0.050425,4,0.147913,0.187348,0.720563,1.0
graph_attention_temporal_history_ablation,tgsim,all,100,2.785273,6.304608,2.659638,6.062032,-0.040016,-0.452645,-0.011571,4,0.147913,0.187348,0.720563,1.0
graph_attention_temporal_history_ablation,tgsim,easy,1,0.000224,0.000224,0.000224,0.000224,0.0,0.0,0.0,2,0.054523,0.059497,0.587106,1.0
graph_attention_temporal_history_ablation,tgsim,easy,10,0.003997,0.010955,0.003985,0.010922,-0.003097,-0.00085,0.000174,2,0.054523,0.059497,0.587106,1.0
graph_attention_temporal_history_ablation,tgsim,easy,25,0.018711,0.030673,0.012411,0.019863,-0.54428,-0.176872,-0.039344,2,0.054523,0.059497,0.587106,1.0
graph_attention_temporal_history_ablation,tgsim,easy,50,0.038857,0.096566,0.027277,0.069851,-0.382461,-0.231459,-0.222866,2,0.054523,0.059497,0.587106,1.0
graph_attention_temporal_history_ablation,tgsim,easy,100,0.093994,0.187444,0.064928,0.129012,-0.452921,-0.590053,-0.230882,2,0.054523,0.059497,0.587106,1.0
graph_attention_temporal_history_ablation,tgsim,medium,1,0.000187,0.000187,0.000187,0.000187,0.0,,,1,0.032413,0.030018,0.145191,1.0
graph_attention_temporal_history_ablation,tgsim,medium,10,0.004064,0.007977,0.004072,0.00799,0.001691,,,1,0.032413,0.030018,0.145191,1.0
graph_attention_temporal_history_ablation,tgsim,medium,25,0.006444,0.015284,0.006603,0.014695,-0.040053,,,1,0.032413,0.030018,0.145191,1.0
graph_attention_temporal_history_ablation,tgsim,medium,50,0.021189,0.071001,0.026358,0.08544,0.168992,,,1,0.032413,0.030018,0.145191,1.0
graph_attention_temporal_history_ablation,tgsim,medium,100,0.419378,3.028551,0.418916,3.022644,-0.001954,,,1,0.032413,0.030018,0.145191,1.0
graph_attention_temporal_history_ablation,tgsim,hard,1,0.004669,0.004669,0.004669,0.004669,0.0,,,1,0.450192,0.60038,1.562851,1.0
graph_attention_temporal_history_ablation,tgsim,hard,10,0.159986,0.418267,0.159947,0.418199,-0.000164,,,1,0.450192,0.60038,1.562851,1.0
graph_attention_temporal_history_ablation,tgsim,hard,25,1.589334,4.094013,0.998028,2.956981,-0.384525,,,1,0.450192,0.60038,1.562851,1.0
graph_attention_temporal_history_ablation,tgsim,hard,50,5.378082,13.299263,3.847094,10.292379,-0.292147,,,1,0.450192,0.60038,1.562851,1.0
graph_attention_temporal_history_ablation,tgsim,hard,100,10.533727,21.814991,10.089779,20.967461,-0.040421,,,1,0.450192,0.60038,1.562851,1.0
graph_attention_temporal_history_ablation,tgsim,extreme,1,0.004669,0.004669,0.004669,0.004669,0.0,,,1,0.450192,0.60038,1.562851,1.0
graph_attention_temporal_history_ablation,tgsim,extreme,10,0.159986,0.418267,0.159947,0.418199,-0.000164,,,1,0.450192,0.60038,1.562851,1.0
graph_attention_temporal_history_ablation,tgsim,extreme,25,1.589334,4.094013,0.998028,2.956981,-0.384525,,,1,0.450192,0.60038,1.562851,1.0
graph_attention_temporal_history_ablation,tgsim,extreme,50,5.378082,13.299263,3.847094,10.292379,-0.292147,,,1,0.450192,0.60038,1.562851,1.0
graph_attention_temporal_history_ablation,tgsim,extreme,100,10.533727,21.814991,10.089779,20.967461,-0.040421,,,1,0.450192,0.60038,1.562851,1.0
graph_attention_temporal_history_ablation,tgsim_i90,all,1,0.006646,0.006646,0.006646,0.006646,0.0,0.0,0.0,6,0.03,0.522128,2.020499,1.0
graph_attention_temporal_history_ablation,tgsim_i90,all,10,0.108753,0.268525,0.11102,0.273352,0.017659,-0.048428,0.03877,6,0.03,0.522128,2.020499,1.0
graph_attention_temporal_history_ablation,tgsim_i90,all,25,0.583893,1.584506,0.593701,1.598133,0.008527,-0.086619,0.044526,6,0.03,0.522128,2.020499,1.0
graph_attention_temporal_history_ablation,tgsim_i90,all,50,1.863436,4.548539,1.863436,4.548539,0.0,0.0,0.0,6,0.03,0.522128,2.020499,1.0
graph_attention_temporal_history_ablation,tgsim_i90,all,100,4.631463,10.256798,4.693825,10.327657,0.006861,-0.00653,0.024699,6,0.03,0.522128,2.020499,1.0
graph_attention_temporal_history_ablation,tgsim_i90,easy,1,0.005737,0.005737,0.005737,0.005737,0.0,,,1,0.03,0.547767,1.235196,1.0
graph_attention_temporal_history_ablation,tgsim_i90,easy,10,0.088746,0.221481,0.089575,0.222759,0.005738,,,1,0.03,0.547767,1.235196,1.0
graph_attention_temporal_history_ablation,tgsim_i90,easy,25,0.509428,1.474505,0.507399,1.470148,-0.002964,,,1,0.03,0.547767,1.235196,1.0
graph_attention_temporal_history_ablation,tgsim_i90,easy,50,1.74692,4.008431,1.74692,4.008431,0.0,,,1,0.03,0.547767,1.235196,1.0
graph_attention_temporal_history_ablation,tgsim_i90,easy,100,3.274958,6.199596,3.376514,6.388728,0.029604,,,1,0.03,0.547767,1.235196,1.0
graph_attention_temporal_history_ablation,tgsim_i90,medium,1,0.00965,0.00965,0.00965,0.00965,0.0,0.0,0.0,2,0.03,0.508518,2.564124,1.0
graph_attention_temporal_history_ablation,tgsim_i90,medium,10,0.164315,0.432648,0.170639,0.445353,0.028528,-0.011633,0.055858,2,0.03,0.508518,2.564124,1.0
graph_attention_temporal_history_ablation,tgsim_i90,medium,25,0.951715,2.552054,0.992054,2.621675,0.026556,-0.010479,0.076279,2,0.03,0.508518,2.564124,1.0
graph_attention_temporal_history_ablation,tgsim_i90,medium,50,2.869926,6.569806,2.869926,6.569806,0.0,0.0,0.0,2,0.03,0.508518,2.564124,1.0
graph_attention_temporal_history_ablation,tgsim_i90,medium,100,5.977991,11.482625,6.096972,11.59791,0.00994,-0.014384,0.013677,2,0.03,0.508518,2.564124,1.0
graph_attention_temporal_history_ablation,tgsim_i90,hard,1,0.004946,0.004946,0.004946,0.004946,0.0,0.0,0.0,3,0.03,0.522654,1.91985,1.0
graph_attention_temporal_history_ablation,tgsim_i90,hard,10,0.078381,0.174791,0.078422,0.175549,0.00432,-0.1121,0.055285,3,0.03,0.522654,1.91985,1.0
graph_attention_temporal_history_ablation,tgsim_i90,hard,25,0.3635,0.976142,0.356899,0.958433,-0.018477,-0.131675,0.051762,3,0.03,0.522654,1.91985,1.0
graph_attention_temporal_history_ablation,tgsim_i90,hard,50,1.231282,3.381064,1.231282,3.381064,0.0,0.0,0.0,3,0.03,0.522654,1.91985,1.0
graph_attention_temporal_history_ablation,tgsim_i90,hard,100,4.185947,10.791981,4.197497,10.793798,0.000168,-0.011795,0.033441,3,0.03,0.522654,1.91985,1.0
graph_attention_temporal_history_ablation,tgsim_i90,extreme,1,0.009579,0.009579,0.009579,0.009579,0.0,,,1,0.03,0.477901,2.296924,1.0
graph_attention_temporal_history_ablation,tgsim_i90,extreme,10,0.071368,0.158156,0.069445,0.155181,-0.019174,,,1,0.03,0.477901,2.296924,1.0
graph_attention_temporal_history_ablation,tgsim_i90,extreme,25,0.293498,0.719992,0.259138,0.636217,-0.131675,,,1,0.03,0.477901,2.296924,1.0
graph_attention_temporal_history_ablation,tgsim_i90,extreme,50,0.930289,2.718497,0.930289,2.718497,0.0,,,1,0.03,0.477901,2.296924,1.0
graph_attention_temporal_history_ablation,tgsim_i90,extreme,100,3.771724,10.769572,3.717157,10.644025,-0.011795,,,1,0.03,0.477901,2.296924,1.0
graph_attention_temporal_history_ablation,trajnet,all,1,0.059189,0.059189,0.059189,0.059189,0.0,0.0,0.0,7,0.0,0.20407,1.716876,1.0
graph_attention_temporal_history_ablation,trajnet,all,10,0.82033,1.434586,0.82033,1.434586,0.0,0.0,0.0,7,0.0,0.20407,1.716876,1.0
graph_attention_temporal_history_ablation,trajnet,easy,1,0.077037,0.077037,0.077037,0.077037,0.0,0.0,0.0,4,0.0,0.223967,2.053017,1.0
graph_attention_temporal_history_ablation,trajnet,easy,10,0.729312,1.315717,0.729312,1.315717,0.0,0.0,0.0,4,0.0,0.223967,2.053017,1.0
graph_attention_temporal_history_ablation,trajnet,medium,1,0.013794,0.013794,0.013794,0.013794,0.0,0.0,0.0,2,0.0,0.243234,0.996332,1.0
graph_attention_temporal_history_ablation,trajnet,medium,10,0.778382,1.245864,0.778382,1.245864,0.0,0.0,0.0,2,0.0,0.243234,0.996332,1.0
graph_attention_temporal_history_ablation,trajnet,hard,1,0.078587,0.078587,0.078587,0.078587,0.0,,,1,0.0,0.046154,1.813395,1.0
graph_attention_temporal_history_ablation,trajnet,hard,10,1.268302,2.287502,1.268302,2.287502,0.0,,,1,0.0,0.046154,1.813395,1.0
nearest_neighbor_scalar_ablation,eth_ucy,all,1,0.084168,0.084168,0.084168,0.084168,0.0,0.0,0.0,6,0.14142,0.14192,0.662136,1.0
nearest_neighbor_scalar_ablation,eth_ucy,all,10,0.357596,0.619853,0.395439,0.713643,0.131425,-0.124559,0.188114,6,0.14142,0.14192,0.662136,1.0
nearest_neighbor_scalar_ablation,eth_ucy,easy,1,0.009014,0.009014,0.009014,0.009014,0.0,0.0,0.0,4,0.137162,0.137662,0.161484,1.0
nearest_neighbor_scalar_ablation,eth_ucy,easy,10,0.101344,0.184321,0.108017,0.197401,0.066263,-0.185855,0.137319,4,0.137162,0.137662,0.161484,1.0
nearest_neighbor_scalar_ablation,eth_ucy,medium,1,0.234475,0.234475,0.234475,0.234475,0.0,0.0,0.0,2,0.149936,0.150436,1.663438,1.0
nearest_neighbor_scalar_ablation,eth_ucy,medium,10,0.870099,1.490916,0.970284,1.746128,0.146159,-0.130289,0.368221,2,0.149936,0.150436,1.663438,1.0
nearest_neighbor_scalar_ablation,eth_ucy,extreme,1,0.20025,0.20025,0.20025,0.20025,0.0,,,1,0.240518,0.241018,2.289987,1.0
nearest_neighbor_scalar_ablation,eth_ucy,extreme,10,0.747206,1.223517,1.058601,1.936622,0.368221,,,1,0.240518,0.241018,2.289987,1.0
nearest_neighbor_scalar_ablation,tgsim,all,1,0.001326,0.001326,0.001326,0.001326,0.0,0.0,0.0,4,0.02,0.165696,0.49383,1.0
nearest_neighbor_scalar_ablation,tgsim,all,10,0.042997,0.112008,0.042997,0.112008,0.0,0.0,0.0,4,0.02,0.165696,0.49383,1.0
nearest_neighbor_scalar_ablation,tgsim,all,25,0.257363,0.75285,0.257363,0.75285,0.0,0.0,0.0,4,0.02,0.165696,0.49383,1.0
nearest_neighbor_scalar_ablation,tgsim,all,50,1.001305,2.666903,0.982001,2.62938,-0.014271,-0.098465,0.055384,4,0.02,0.165696,0.49383,1.0
nearest_neighbor_scalar_ablation,tgsim,all,100,2.66555,6.068337,2.659638,6.062032,-0.00104,-0.60715,0.21922,4,0.02,0.165696,0.49383,1.0
nearest_neighbor_scalar_ablation,tgsim,easy,1,0.000224,0.000224,0.000224,0.000224,0.0,0.0,0.0,2,0.02,0.016646,0.382339,1.0
nearest_neighbor_scalar_ablation,tgsim,easy,10,0.003985,0.010922,0.003985,0.010922,0.0,0.0,0.0,2,0.02,0.016646,0.382339,1.0
nearest_neighbor_scalar_ablation,tgsim,easy,25,0.012411,0.019863,0.012411,0.019863,0.0,0.0,0.0,2,0.02,0.016646,0.382339,1.0
nearest_neighbor_scalar_ablation,tgsim,easy,50,0.031431,0.078025,0.027277,0.069851,-0.117016,-0.126701,-0.027329,2,0.02,0.016646,0.382339,1.0
nearest_neighbor_scalar_ablation,tgsim,easy,100,0.066964,0.132873,0.064928,0.129012,-0.029929,-0.810903,0.292769,2,0.02,0.016646,0.382339,1.0
nearest_neighbor_scalar_ablation,tgsim,medium,1,0.000187,0.000187,0.000187,0.000187,0.0,,,1,0.02,0.029119,0.119895,1.0
nearest_neighbor_scalar_ablation,tgsim,medium,10,0.004072,0.00799,0.004072,0.00799,0.0,,,1,0.02,0.029119,0.119895,1.0
nearest_neighbor_scalar_ablation,tgsim,medium,25,0.006603,0.014695,0.006603,0.014695,0.0,,,1,0.02,0.029119,0.119895,1.0
nearest_neighbor_scalar_ablation,tgsim,medium,50,0.023153,0.077597,0.026358,0.08544,0.091797,,,1,0.02,0.029119,0.119895,1.0
nearest_neighbor_scalar_ablation,tgsim,medium,100,0.416843,3.010223,0.418916,3.022644,0.004109,,,1,0.02,0.029119,0.119895,1.0
nearest_neighbor_scalar_ablation,tgsim,hard,1,0.004669,0.004669,0.004669,0.004669,0.0,,,1,0.02,0.600375,1.090747,1.0
nearest_neighbor_scalar_ablation,tgsim,hard,10,0.159947,0.418199,0.159947,0.418199,0.0,,,1,0.02,0.600375,1.090747,1.0
nearest_neighbor_scalar_ablation,tgsim,hard,25,0.998028,2.956981,0.998028,2.956981,0.0,,,1,0.02,0.600375,1.090747,1.0
nearest_neighbor_scalar_ablation,tgsim,hard,50,3.919205,10.433968,3.847094,10.292379,-0.013757,,,1,0.02,0.600375,1.090747,1.0
nearest_neighbor_scalar_ablation,tgsim,hard,100,10.11143,20.997377,10.089779,20.967461,-0.001427,,,1,0.02,0.600375,1.090747,1.0
nearest_neighbor_scalar_ablation,tgsim,extreme,1,0.004669,0.004669,0.004669,0.004669,0.0,,,1,0.02,0.600375,1.090747,1.0
nearest_neighbor_scalar_ablation,tgsim,extreme,10,0.159947,0.418199,0.159947,0.418199,0.0,,,1,0.02,0.600375,1.090747,1.0
nearest_neighbor_scalar_ablation,tgsim,extreme,25,0.998028,2.956981,0.998028,2.956981,0.0,,,1,0.02,0.600375,1.090747,1.0
nearest_neighbor_scalar_ablation,tgsim,extreme,50,3.919205,10.433968,3.847094,10.292379,-0.013757,,,1,0.02,0.600375,1.090747,1.0
nearest_neighbor_scalar_ablation,tgsim,extreme,100,10.11143,20.997377,10.089779,20.967461,-0.001427,,,1,0.02,0.600375,1.090747,1.0
nearest_neighbor_scalar_ablation,tgsim_i90,all,1,0.006646,0.006646,0.006646,0.006646,0.0,0.0,0.0,6,0.290668,0.483497,1.834829,1.0
nearest_neighbor_scalar_ablation,tgsim_i90,all,10,0.111068,0.273595,0.11102,0.273352,-0.000889,-0.047262,0.013463,6,0.290668,0.483497,1.834829,1.0
nearest_neighbor_scalar_ablation,tgsim_i90,all,25,0.602591,1.622608,0.593701,1.598133,-0.015315,-0.375151,0.102167,6,0.290668,0.483497,1.834829,1.0
nearest_neighbor_scalar_ablation,tgsim_i90,all,50,1.608841,4.049546,1.863436,4.548539,0.109704,-0.287646,0.375101,6,0.290668,0.483497,1.834829,1.0
nearest_neighbor_scalar_ablation,tgsim_i90,all,100,3.941381,8.831273,4.693825,10.327657,0.144891,0.057544,0.449381,6,0.290668,0.483497,1.834829,1.0
nearest_neighbor_scalar_ablation,tgsim_i90,easy,1,0.005737,0.005737,0.005737,0.005737,0.0,,,1,0.316264,0.474119,2.156228,1.0
nearest_neighbor_scalar_ablation,tgsim_i90,easy,10,0.092604,0.22914,0.089575,0.222759,-0.028644,,,1,0.316264,0.474119,2.156228,1.0
nearest_neighbor_scalar_ablation,tgsim_i90,easy,25,0.583913,1.614702,0.507399,1.470148,-0.098326,,,1,0.316264,0.474119,2.156228,1.0
nearest_neighbor_scalar_ablation,tgsim_i90,easy,50,1.107207,2.827851,1.74692,4.008431,0.294524,,,1,0.316264,0.474119,2.156228,1.0
nearest_neighbor_scalar_ablation,tgsim_i90,easy,100,1.787222,4.277727,3.376514,6.388728,0.330426,,,1,0.316264,0.474119,2.156228,1.0
nearest_neighbor_scalar_ablation,tgsim_i90,medium,1,0.00965,0.00965,0.00965,0.00965,0.0,0.0,0.0,2,0.298906,0.492249,1.717792,1.0
nearest_neighbor_scalar_ablation,tgsim_i90,medium,10,0.16688,0.438013,0.170639,0.445353,0.016481,-0.007526,0.032818,2,0.298906,0.492249,1.717792,1.0
nearest_neighbor_scalar_ablation,tgsim_i90,medium,25,0.896787,2.448211,0.992054,2.621675,0.066165,-0.050933,0.22338,2,0.298906,0.492249,1.717792,1.0
nearest_neighbor_scalar_ablation,tgsim_i90,medium,50,2.391544,5.668065,2.869926,6.569806,0.137255,-0.032685,0.51521,2,0.298906,0.492249,1.717792,1.0
nearest_neighbor_scalar_ablation,tgsim_i90,medium,100,5.699882,10.814899,6.096972,11.59791,0.067513,0.009908,0.442477,2,0.298906,0.492249,1.717792,1.0
nearest_neighbor_scalar_ablation,tgsim_i90,hard,1,0.004946,0.004946,0.004946,0.004946,0.0,0.0,0.0,3,0.276644,0.480788,1.80572,1.0
nearest_neighbor_scalar_ablation,tgsim_i90,hard,10,0.080014,0.178801,0.078422,0.175549,-0.018526,-0.083823,0.020322,3,0.276644,0.480788,1.80572,1.0
nearest_neighbor_scalar_ablation,tgsim_i90,hard,25,0.412686,1.074842,0.356899,0.958433,-0.121458,-0.705125,0.092124,3,0.276644,0.480788,1.80572,1.0
nearest_neighbor_scalar_ablation,tgsim_i90,hard,50,1.254249,3.377764,1.231282,3.381064,0.000976,-0.747713,0.311192,3,0.276644,0.480788,1.80572,1.0
nearest_neighbor_scalar_ablation,tgsim_i90,hard,100,3.487099,9.026704,4.197497,10.793798,0.163714,-0.063469,0.631058,3,0.276644,0.480788,1.80572,1.0
nearest_neighbor_scalar_ablation,tgsim_i90,extreme,1,0.009579,0.009579,0.009579,0.009579,0.0,,,1,0.270811,0.491109,2.261112,1.0
nearest_neighbor_scalar_ablation,tgsim_i90,extreme,10,0.073781,0.162606,0.069445,0.155181,-0.047848,,,1,0.270811,0.491109,2.261112,1.0
nearest_neighbor_scalar_ablation,tgsim_i90,extreme,25,0.472456,1.084831,0.259138,0.636217,-0.705125,,,1,0.270811,0.491109,2.261112,1.0
nearest_neighbor_scalar_ablation,tgsim_i90,extreme,50,1.922166,4.751153,0.930289,2.718497,-0.747713,,,1,0.270811,0.491109,2.261112,1.0
nearest_neighbor_scalar_ablation,tgsim_i90,extreme,100,4.033157,11.319595,3.717157,10.644025,-0.063469,,,1,0.270811,0.491109,2.261112,1.0
nearest_neighbor_scalar_ablation,trajnet,all,1,0.059189,0.059189,0.059189,0.059189,0.0,0.0,0.0,7,0.0,0.317462,1.831521,1.0
nearest_neighbor_scalar_ablation,trajnet,all,10,0.82033,1.434586,0.82033,1.434586,0.0,0.0,0.0,7,0.0,0.317462,1.831521,1.0
nearest_neighbor_scalar_ablation,trajnet,easy,1,0.077037,0.077037,0.077037,0.077037,0.0,0.0,0.0,4,0.0,0.351908,2.157575,1.0
nearest_neighbor_scalar_ablation,trajnet,easy,10,0.729312,1.315717,0.729312,1.315717,0.0,0.0,0.0,4,0.0,0.351908,2.157575,1.0
nearest_neighbor_scalar_ablation,trajnet,medium,1,0.013794,0.013794,0.013794,0.013794,0.0,0.0,0.0,2,0.0,0.259187,1.098853,1.0
nearest_neighbor_scalar_ablation,trajnet,medium,10,0.778382,1.245864,0.778382,1.245864,0.0,0.0,0.0,2,0.0,0.259187,1.098853,1.0
nearest_neighbor_scalar_ablation,trajnet,hard,1,0.078587,0.078587,0.078587,0.078587,0.0,,,1,0.0,0.29623,1.992638,1.0
nearest_neighbor_scalar_ablation,trajnet,hard,10,1.268302,2.287502,1.268302,2.287502,0.0,,,1,0.0,0.29623,1.992638,1.0
no_interaction_ablation,eth_ucy,all,1,0.084168,0.084168,0.084168,0.084168,0.0,0.0,0.0,6,0.157657,0.133157,0.617395,1.0
no_interaction_ablation,eth_ucy,all,10,0.403258,0.710327,0.395439,0.713643,0.004648,-0.410387,0.17718,6,0.157657,0.133157,0.617395,1.0
no_interaction_ablation,eth_ucy,easy,1,0.009014,0.009014,0.009014,0.009014,0.0,0.0,0.0,4,0.152981,0.128481,0.073325,1.0
no_interaction_ablation,eth_ucy,easy,10,0.146674,0.274048,0.108017,0.197401,-0.388281,-0.532309,-0.001664,4,0.152981,0.128481,0.073325,1.0
no_interaction_ablation,eth_ucy,medium,1,0.234475,0.234475,0.234475,0.234475,0.0,0.0,0.0,2,0.167009,0.142509,1.705535,1.0
no_interaction_ablation,eth_ucy,medium,10,0.916427,1.582883,0.970284,1.746128,0.09349,-0.309887,0.417511,2,0.167009,0.142509,1.705535,1.0
no_interaction_ablation,eth_ucy,extreme,1,0.20025,0.20025,0.20025,0.20025,0.0,,,1,0.254345,0.229845,1.791009,1.0
no_interaction_ablation,eth_ucy,extreme,10,0.685992,1.128061,1.058601,1.936622,0.417511,,,1,0.254345,0.229845,1.791009,1.0
no_interaction_ablation,tgsim,all,1,0.001326,0.001326,0.001326,0.001326,0.0,0.0,0.0,4,0.02,0.165412,0.374073,1.0
no_interaction_ablation,tgsim,all,10,0.042997,0.112008,0.042997,0.112008,0.0,0.0,0.0,4,0.02,0.165412,0.374073,1.0
no_interaction_ablation,tgsim,all,25,0.257363,0.75285,0.257363,0.75285,0.0,0.0,0.0,4,0.02,0.165412,0.374073,1.0
no_interaction_ablation,tgsim,all,50,0.999117,2.662802,0.982001,2.62938,-0.012711,-0.055447,0.03692,4,0.02,0.165412,0.374073,1.0
no_interaction_ablation,tgsim,all,100,2.668491,6.078054,2.659638,6.062032,-0.002643,-0.421895,0.115504,4,0.02,0.165412,0.374073,1.0
no_interaction_ablation,tgsim,easy,1,0.000224,0.000224,0.000224,0.000224,0.0,0.0,0.0,2,0.02,0.016674,0.232939,1.0
no_interaction_ablation,tgsim,easy,10,0.003985,0.010922,0.003985,0.010922,0.0,0.0,0.0,2,0.02,0.016674,0.232939,1.0
no_interaction_ablation,tgsim,easy,25,0.012411,0.019863,0.012411,0.019863,0.0,0.0,0.0,2,0.02,0.016674,0.232939,1.0
no_interaction_ablation,tgsim,easy,50,0.028694,0.072646,0.027277,0.069851,-0.040009,-0.079869,0.017818,2,0.02,0.016674,0.232939,1.0
no_interaction_ablation,tgsim,easy,100,0.069587,0.137748,0.064928,0.129012,-0.067718,-0.562521,0.154746,2,0.02,0.016674,0.232939,1.0
no_interaction_ablation,tgsim,medium,1,0.000187,0.000187,0.000187,0.000187,0.0,,,1,0.02,0.027927,0.047365,1.0
no_interaction_ablation,tgsim,medium,10,0.004072,0.00799,0.004072,0.00799,0.0,,,1,0.02,0.027927,0.047365,1.0
no_interaction_ablation,tgsim,medium,25,0.006603,0.014695,0.006603,0.014695,0.0,,,1,0.02,0.027927,0.047365,1.0
no_interaction_ablation,tgsim,medium,50,0.024325,0.080632,0.026358,0.08544,0.056272,,,1,0.02,0.027927,0.047365,1.0
no_interaction_ablation,tgsim,medium,100,0.418463,3.022698,0.418916,3.022644,-1.8e-05,,,1,0.02,0.027927,0.047365,1.0
no_interaction_ablation,tgsim,hard,1,0.004669,0.004669,0.004669,0.004669,0.0,,,1,0.02,0.600372,0.983051,1.0
no_interaction_ablation,tgsim,hard,10,0.159947,0.418199,0.159947,0.418199,0.0,,,1,0.02,0.600372,0.983051,1.0
no_interaction_ablation,tgsim,hard,25,0.998028,2.956981,0.998028,2.956981,0.0,,,1,0.02,0.600372,0.983051,1.0
no_interaction_ablation,tgsim,hard,50,3.914757,10.425285,3.847094,10.292379,-0.012913,,,1,0.02,0.600372,0.983051,1.0
no_interaction_ablation,tgsim,hard,100,10.116327,21.014023,10.089779,20.967461,-0.002221,,,1,0.02,0.600372,0.983051,1.0
no_interaction_ablation,tgsim,extreme,1,0.004669,0.004669,0.004669,0.004669,0.0,,,1,0.02,0.600372,0.983051,1.0
no_interaction_ablation,tgsim,extreme,10,0.159947,0.418199,0.159947,0.418199,0.0,,,1,0.02,0.600372,0.983051,1.0
no_interaction_ablation,tgsim,extreme,25,0.998028,2.956981,0.998028,2.956981,0.0,,,1,0.02,0.600372,0.983051,1.0
no_interaction_ablation,tgsim,extreme,50,3.914757,10.425285,3.847094,10.292379,-0.012913,,,1,0.02,0.600372,0.983051,1.0
no_interaction_ablation,tgsim,extreme,100,10.116327,21.014023,10.089779,20.967461,-0.002221,,,1,0.02,0.600372,0.983051,1.0
no_interaction_ablation,tgsim_i90,all,1,0.006646,0.006646,0.006646,0.006646,0.0,0.0,0.0,6,0.341359,0.480607,1.830907,1.0
no_interaction_ablation,tgsim_i90,all,10,0.107636,0.266947,0.11102,0.273352,0.023433,-0.003851,0.035825,6,0.341359,0.480607,1.830907,1.0
no_interaction_ablation,tgsim_i90,all,25,0.493418,1.399116,0.593701,1.598133,0.124531,-0.122341,0.256467,6,0.341359,0.480607,1.830907,1.0
no_interaction_ablation,tgsim_i90,all,50,1.359965,3.39727,1.863436,4.548539,0.253107,-0.166496,0.619433,6,0.341359,0.480607,1.830907,1.0
no_interaction_ablation,tgsim_i90,all,100,3.821561,8.798161,4.693825,10.327657,0.148097,0.072888,0.467834,6,0.341359,0.480607,1.830907,1.0
no_interaction_ablation,tgsim_i90,easy,1,0.005737,0.005737,0.005737,0.005737,0.0,,,1,0.381587,0.516771,2.490543,1.0
no_interaction_ablation,tgsim_i90,easy,10,0.084946,0.214488,0.089575,0.222759,0.037131,,,1,0.381587,0.516771,2.490543,1.0
no_interaction_ablation,tgsim_i90,easy,25,0.307183,1.058303,0.507399,1.470148,0.280138,,,1,0.381587,0.516771,2.490543,1.0
no_interaction_ablation,tgsim_i90,easy,50,0.591112,1.614379,1.74692,4.008431,0.597254,,,1,0.381587,0.516771,2.490543,1.0
no_interaction_ablation,tgsim_i90,easy,100,1.737527,4.158791,3.376514,6.388728,0.349042,,,1,0.381587,0.516771,2.490543,1.0
no_interaction_ablation,tgsim_i90,medium,1,0.00965,0.00965,0.00965,0.00965,0.0,0.0,0.0,2,0.354749,0.495952,1.593446,1.0
no_interaction_ablation,tgsim_i90,medium,10,0.165781,0.435599,0.170639,0.445353,0.021903,0.003826,0.034205,2,0.354749,0.495952,1.593446,1.0
no_interaction_ablation,tgsim_i90,medium,25,0.870472,2.380587,0.992054,2.621675,0.09196,-0.02622,0.250626,2,0.354749,0.495952,1.593446,1.0
no_interaction_ablation,tgsim_i90,medium,50,2.379499,5.566751,2.869926,6.569806,0.152677,-0.087006,0.685742,2,0.354749,0.495952,1.593446,1.0
no_interaction_ablation,tgsim_i90,medium,100,5.748039,10.807017,6.096972,11.59791,0.068193,-0.011352,0.585966,2,0.354749,0.495952,1.593446,1.0
no_interaction_ablation,tgsim_i90,hard,1,0.004946,0.004946,0.004946,0.004946,0.0,0.0,0.0,3,0.319024,0.458322,1.769336,1.0
no_interaction_ablation,tgsim_i90,hard,10,0.076435,0.171998,0.078422,0.175549,0.020226,-0.023365,0.044791,3,0.319024,0.458322,1.769336,1.0
no_interaction_ablation,tgsim_i90,hard,25,0.304126,0.858406,0.356899,0.958433,0.104365,-0.412855,0.270744,3,0.319024,0.458322,1.769336,1.0
no_interaction_ablation,tgsim_i90,hard,50,0.936559,2.545247,1.231282,3.381064,0.247206,-0.671751,0.614712,3,0.319024,0.458322,1.769336,1.0
no_interaction_ablation,tgsim_i90,hard,100,3.23192,9.005381,4.197497,10.793798,0.165689,-0.032621,0.529232,3,0.319024,0.458322,1.769336,1.0
no_interaction_ablation,tgsim_i90,extreme,1,0.009579,0.009579,0.009579,0.009579,0.0,,,1,0.292735,0.439687,1.602879,1.0
no_interaction_ablation,tgsim_i90,extreme,10,0.069799,0.155529,0.069445,0.155181,-0.00224,,,1,0.292735,0.439687,1.602879,1.0
no_interaction_ablation,tgsim_i90,extreme,25,0.376925,0.898883,0.259138,0.636217,-0.412855,,,1,0.292735,0.439687,1.602879,1.0
no_interaction_ablation,tgsim_i90,extreme,50,1.813411,4.544649,0.930289,2.718497,-0.671751,,,1,0.292735,0.439687,1.602879,1.0
no_interaction_ablation,tgsim_i90,extreme,100,3.853235,10.991243,3.717157,10.644025,-0.032621,,,1,0.292735,0.439687,1.602879,1.0
no_interaction_ablation,trajnet,all,1,0.075111,0.075111,0.059189,0.059189,-0.269002,-0.24371,-0.054741,7,0.0505,0.316542,1.599718,1.0
no_interaction_ablation,trajnet,all,10,0.826981,1.43331,0.82033,1.434586,0.000889,-0.20228,0.024787,7,0.0505,0.316542,1.599718,1.0
no_interaction_ablation,trajnet,easy,1,0.098106,0.098106,0.077037,0.077037,-0.273487,-0.337569,-0.040577,4,0.0505,0.355739,1.975519,1.0
no_interaction_ablation,trajnet,easy,10,0.741817,1.314173,0.729312,1.315717,0.001174,-0.317038,0.034234,4,0.0505,0.355739,1.975519,1.0
no_interaction_ablation,trajnet,medium,1,0.018855,0.018855,0.013794,0.013794,-0.3669,-0.053735,-0.047482,2,0.0505,0.257383,0.86129,1.0
no_interaction_ablation,trajnet,medium,10,0.753226,1.194976,0.778382,1.245864,0.040845,-0.09648,0.045997,2,0.0505,0.257383,0.86129,1.0
no_interaction_ablation,trajnet,hard,1,0.095644,0.095644,0.078587,0.078587,-0.217049,,,1,0.0505,0.27807,1.573372,1.0
no_interaction_ablation,trajnet,hard,10,1.315149,2.386525,1.268302,2.287502,-0.043289,,,1,0.0505,0.27807,1.573372,1.0
