view,site,seed,action,policy,cutoff,selected,complete_selected,incomplete_selected,easy_selected,zero_CV_harmed,predicted_harm,observed_positive_harm,observed_easy_benefit,observed_net_easy_harm,predicted_selected_denominator,observed_selected_denominator,observed_population_denominator,predicted_positive_selected_ratio,observed_positive_selected_ratio,observed_net_selected_ratio,observed_positive_population_ratio,observed_net_population_ratio,benefit_cancels_positive_harm_percent,predicted_to_observed_harm,predicted_to_observed_denominator
coupa_seed17,coupa,17,damped_velocity_005,net_stop,6.246571682255203,6980,6045,935,779,0,3203.3195809606946,2743.6445859188375,667.1754938845852,2076.4690920342523,4277.954642904295,3718.977949275846,22379.510980131203,74.87969949082881,73.77415578527633,55.83440182640984,12.25962706850332,9.278438183380175,24.317125377999727,1.1675417426152934,1.150303847253865
coupa_seed17,coupa,17,damped_velocity_005,strict_stop,6.246571682255203,4098,3754,344,578,0,523.625936499867,316.36882945744753,605.9543499653125,-289.585520507865,3320.075820581996,2874.420208943761,22379.510980131203,15.771505375081386,11.0063528106665,-10.07457154687472,1.4136538985964597,-1.2939760871672419,191.53415050543563,1.6551122858653686,1.1550419142794701
coupa_seed17,coupa,17,damped_velocity_005,pointwise,6.246571682255203,1003,975,28,473,0,20.156425041460245,1.1818767123121292,508.6805619106693,-507.4986851983572,1781.5070943779683,2396.4942791468143,22379.510980131203,1.131425471448828,0.049316901049849114,-21.176711733233674,0.005281065852428203,-2.2676933631343448,43040.06979844178,17.054591931190373,0.7433804911949174
coupa_seed17,coupa,17,damped_velocity_005,aggregate_selected,6.246571682255203,1419,1384,35,491,0,30.532779943002442,1.7795314057616602,528.4989623784584,-526.7194309726967,2102.455407813617,2484.378742954715,22379.510980131203,1.4522438777787945,0.07162882917140212,-21.201253330088473,0.007951609878077985,-2.3535788223447978,29698.771298293253,17.157764029421024,0.8462700841310251
coupa_seed17,coupa,17,damped_velocity_005,aggregate_population,6.246571682255203,3187,3038,149,580,0,131.84622071574924,35.44789289888941,619.4744050079651,-584.0265121090756,3182.6843424519816,2811.2128186737623,22379.510980131203,4.142610655952553,1.260946615760402,-20.77489502856636,0.15839440339138988,-2.6096482297025227,1747.5634074356317,3.719437459705257,1.1321392394452254
coupa_seed17,coupa,17,damped_velocity_005,aggregate_joint,6.246571682255203,3187,3038,149,580,0,131.84622071574924,35.44789289888941,619.4744050079651,-584.0265121090756,3182.6843424519816,2811.2128186737623,22379.510980131203,4.142610655952553,1.260946615760402,-20.77489502856636,0.15839440339138988,-2.6096482297025227,1747.5634074356317,3.719437459705257,1.1321392394452254
coupa_seed17,coupa,17,transformer,net_stop,6.246571682255203,14223,12015,2208,1655,5,2425.38279591663,2588.744990473661,1760.8646791769654,827.8803112966955,7307.116306540111,7443.698810370219,22379.510980131203,33.19206502496522,34.777669763681736,11.121894267717154,11.567477916617479,3.6992779334262376,68.02001300463284,0.9368952155742692,0.9816512586941551
coupa_seed17,coupa,17,transformer,strict_stop,6.246571682255203,2434,2328,106,368,0,271.91622985168954,136.7648303172119,867.8871746189493,-731.1223443017374,2265.7546480265937,1902.575497544357,22379.510980131203,12.001133048034157,7.188404901342074,-38.42803322366932,0.6111162591471876,-3.266927257484922,634.5835933156021,1.9882028824297,1.1908881676185727
coupa_seed17,coupa,17,transformer,pointwise,6.246571682255203,52,49,3,30,0,1.609163835040016,0.0,39.83608872873179,-39.83608872873179,96.93978041725522,136.8090039404414,22379.510980131203,1.6599623272445394,0.0,-29.118031402431733,0.0,-0.17800249864306125,,,0.7085774885069488
coupa_seed17,coupa,17,transformer,aggregate_selected,6.246571682255203,56,53,3,32,0,1.7461382454425818,0.0,44.420358364909404,-44.420358364909404,102.96662921771282,147.76081451731486,22379.510980131203,1.6958292785816498,0.0,-30.06233994446759,0.0,-0.19848672477404145,,,0.6968466541963128
coupa_seed17,coupa,17,transformer,aggregate_population,6.246571682255203,3652,3289,363,588,0,282.42351707370324,242.65526586946945,979.0729795124878,-736.4177136430184,2659.719560083272,2808.9486711798354,22379.510980131203,10.618544951591097,8.638650764933614,-26.21684480028974,1.0842742099454348,-3.290588942255346,403.4830960722511,1.163887855727088,0.9468736781744456
coupa_seed17,coupa,17,transformer,aggregate_joint,6.246571682255203,3652,3289,363,588,0,282.2791648306702,242.65526586946945,979.0729795124878,-736.4177136430184,2660.374117772023,2808.9486711798354,22379.510980131203,10.610506354913339,8.638650764933614,-26.21684480028974,1.0842742099454348,-3.290588942255346,403.4830960722511,1.163292969634195,0.9471067040376331
coupa_seed17,coupa,17,eqmotion,net_stop,6.246571682255203,15255,12805,2450,1768,5,3913.6358581780632,3556.351370982447,2194.37536200017,1361.976008982277,8349.914132514576,7902.4886673759975,22379.510980131203,46.87037251004008,45.0029290856715,17.2347733265971,15.891104028769075,6.085816665929187,61.70299650098889,1.1004637759111289,1.0566182988639634
coupa_seed17,coupa,17,eqmotion,strict_stop,6.246571682255203,2418,2314,104,363,0,379.1112113754767,79.38945676649487,1166.6111387019423,-1087.2216819354474,2331.318256625711,1895.9027165788452,22379.510980131203,16.261666990254362,4.187422491263322,-57.34585811962641,0.35474169581711495,-4.85811188144681,1469.4786766626332,4.775334494233181,1.229661330320035
coupa_seed17,coupa,17,eqmotion,pointwise,6.246571682255203,0,0,0,0,0,0.0,0.0,0.0,0.0,0.0,0.0,22379.510980131203,,,,0.0,0.0,,,
coupa_seed17,coupa,17,eqmotion,aggregate_selected,6.246571682255203,0,0,0,0,0,0.0,0.0,0.0,0.0,0.0,0.0,22379.510980131203,,,,0.0,0.0,,,
coupa_seed17,coupa,17,eqmotion,aggregate_population,6.246571682255203,1592,1464,128,309,0,185.45582959053417,86.36949258456183,838.5132093705746,-752.1437167860128,1443.2197941147488,1552.7874756105562,22379.510980131203,12.850144541170891,5.562222386589082,-48.43829104754145,0.38593109858942715,-3.360858588258586,970.8442000508583,2.1472376882260806,0.9294380697830362
coupa_seed17,coupa,17,eqmotion,aggregate_joint,6.246571682255203,1592,1464,128,309,0,185.45582959053417,86.36949258456183,838.5132093705746,-752.1437167860128,1443.2197941147488,1552.7874756105562,22379.510980131203,12.850144541170891,5.562222386589082,-48.43829104754145,0.38593109858942715,-3.360858588258586,970.8442000508583,2.1472376882260806,0.9294380697830362
coupa_seed29,coupa,29,damped_velocity_005,net_stop,6.246571682255203,6770,5897,873,758,0,2619.0214381441056,2310.741398168493,668.4963664054762,1642.2450317630169,4163.626918290622,3620.273442762518,22379.510980131203,62.90240431098341,63.82781396769959,45.36245832607249,10.32525420336484,7.3381631672873535,28.929951527043674,1.1334117440488827,1.1500863081528692
coupa_seed29,coupa,29,damped_velocity_005,strict_stop,6.246571682255203,4011,3694,317,576,0,468.40299277093595,286.2125967732218,603.9836458302884,-317.77104905706665,3317.0721023790184,2862.51738889983,22379.510980131203,14.120977124223357,9.998632598114058,-11.101104583305174,1.2789046062146967,-1.419919538631508,211.02622758035,1.6365561755553033,1.1587954418169981
coupa_seed29,coupa,29,damped_velocity_005,pointwise,6.246571682255203,1048,1021,27,461,0,18.168476414143758,1.1818767123121292,495.51054200996157,-494.3286652976494,1816.2822618325304,2351.4482501976345,22379.510980131203,1.0003112839858244,0.05026165097245048,-21.022306795656768,0.005281065852428203,-2.2088448033405212,41925.73868729373,15.372564857971016,0.7724100505634668
coupa_seed29,coupa,29,damped_velocity_005,aggregate_selected,6.246571682255203,1519,1483,36,482,0,29.986658648867436,3.7858318501377375,517.2909931582517,-513.505161308114,2172.1067255866365,2444.7021985438146,22379.510980131203,1.3805333916439453,0.1548586102795165,-21.00481447654373,0.01691650837902063,-2.2945325381059933,13663.866057321891,7.920758194206764,0.8884954277377631
coupa_seed29,coupa,29,damped_velocity_005,aggregate_population,6.246571682255203,3211,3051,160,587,0,133.71145489425487,31.355983453652968,627.087352370385,-595.7313689167321,3222.965757515907,2844.047084438093,22379.510980131203,4.148708517378498,1.1025128108892777,-20.946607114081324,0.14011022618631472,-2.66194989446208,1999.8969360896556,4.264304294326878,1.1332322081273414
coupa_seed29,coupa,29,damped_velocity_005,aggregate_joint,6.246571682255203,3211,3051,160,587,0,133.71145489425487,31.355983453652968,627.087352370385,-595.7313689167321,3222.965757515907,2844.047084438093,22379.510980131203,4.148708517378498,1.1025128108892777,-20.946607114081324,0.14011022618631472,-2.66194989446208,1999.8969360896556,4.264304294326878,1.1332322081273414
coupa_seed29,coupa,29,transformer,net_stop,6.246571682255203,12576,10610,1966,1382,5,2664.9506106104245,2817.9437748988294,1789.4976317182986,1028.4461431805307,6320.000235920492,6331.969631192602,22379.510980131203,42.16693846724646,44.503431618134286,16.242120589369076,12.591623549775656,4.595480857886473,63.50366702339708,0.9457075170728353,0.9981096884588413
coupa_seed29,coupa,29,transformer,strict_stop,6.246571682255203,2229,2134,95,290,0,276.69719437525896,115.9009626616506,758.1365969884368,-642.2356343267862,2070.4525290857237,1533.0702593312358,22379.510980131203,13.364092655504818,7.560055513190213,-41.89212010458971,0.5178887186791027,-2.869748292967486,654.124503867723,2.387358896949117,1.3505268375559694
coupa_seed29,coupa,29,transformer,pointwise,6.246571682255203,26,25,1,15,0,0.7456824200666574,0.11494514438581671,19.651461590511744,-19.536516446125926,45.38646257007785,69.31319190279527,22379.510980131203,1.6429621914580912,0.16583444107871362,-28.185855981822208,0.0005136177662142233,-0.08729644031753277,17096.382535786848,6.487289428805733,0.6548026620059249
coupa_seed29,coupa,29,transformer,aggregate_selected,6.246571682255203,29,28,1,16,0,0.8730347558966227,0.11494514438581671,22.099375931712274,-21.984430787326456,50.596501964162684,74.676903855876,22379.510980131203,1.7254844149403648,0.153923286117562,-29.439397795275084,0.0005136177662142233,-0.09823463437983294,19226.019550277895,7.595229538067795,0.6775388286291607
coupa_seed29,coupa,29,transformer,aggregate_population,6.246571682255203,2897,2607,290,422,0,245.29539556464655,201.7055865803361,886.6409257355543,-684.9353391552182,2081.379081591055,2079.2639426786695,22379.510980131203,11.78523401787708,9.70081683427277,-32.941240652345044,0.9012957734394318,-3.060546496137972,439.5718238485276,1.2161061065452905,1.0010172536872162
coupa_seed29,coupa,29,transformer,aggregate_joint,6.246571682255203,2897,2608,289,423,0,245.1150676447263,201.7055865803361,891.0084823664497,-689.3028957861136,2083.5301923158613,2085.1301971782327,22379.510980131203,11.76441160049996,9.673524792518974,-33.05802662677536,0.9012957734394318,-3.0800623677527406,441.73713652277814,1.2152120910498476,0.9992326594931402
coupa_seed29,coupa,29,eqmotion,net_stop,6.246571682255203,14467,12165,2302,1639,5,3895.461317455473,3733.9999582602186,2006.4173182944528,1727.5826399657658,7665.33150658565,7394.559423847402,22379.510980131203,50.819215243446386,50.496584640568244,23.36288804975079,16.68490415887688,7.719483421686623,53.733726318232264,1.0432408572576641,1.0366177438327169
coupa_seed29,coupa,29,eqmotion,strict_stop,6.246571682255203,2136,2061,75,333,0,330.78627932573136,147.25697617992125,1016.0835247350351,-868.8265485551138,2051.301717461818,1765.5326269513052,22379.510980131203,16.125676516033458,8.340654481939671,-49.21044988306958,0.65799907920534,-3.882240989655531,690.0070550773538,2.246319922538479,1.1618599883956688
coupa_seed29,coupa,29,eqmotion,pointwise,6.246571682255203,0,0,0,0,0,0.0,0.0,0.0,0.0,0.0,0.0,22379.510980131203,,,,0.0,0.0,,,
coupa_seed29,coupa,29,eqmotion,aggregate_selected,6.246571682255203,0,0,0,0,0,0.0,0.0,0.0,0.0,0.0,0.0,22379.510980131203,,,,0.0,0.0,,,
coupa_seed29,coupa,29,eqmotion,aggregate_population,6.246571682255203,1402,1293,109,276,0,162.57320413976416,87.27313271095707,788.7378123844915,-701.4646796735344,1260.387596207152,1405.2840413389017,22379.510980131203,12.898667412230255,6.210355354765611,-49.9162204251039,0.3899688996262662,-3.1344057530850566,903.7578781510452,1.8628093101481302,0.8968917024107825
coupa_seed29,coupa,29,eqmotion,aggregate_joint,6.246571682255203,1402,1293,109,276,0,162.57320413976416,87.27313271095707,788.7378123844915,-701.4646796735344,1260.387596207152,1405.2840413389017,22379.510980131203,12.898667412230255,6.210355354765611,-49.9162204251039,0.3899688996262662,-3.1344057530850566,903.7578781510452,1.8628093101481302,0.8968917024107825
coupa_seed43,coupa,43,damped_velocity_005,net_stop,6.246571682255203,7085,6188,897,793,0,2967.7348310368225,2858.762410694384,671.0323576655264,2187.7300530288576,4277.6361239741545,3776.7941813205007,22379.510980131203,69.37791679858073,75.69283030654479,57.92558312679749,12.77401643508845,9.775593644432849,23.472827093124362,1.0381187397507334,1.1326103352760784
coupa_seed43,coupa,43,damped_velocity_005,strict_stop,6.246571682255203,4121,3791,330,595,0,500.14841832858076,336.4028698065885,624.7857142929154,-288.38284448632686,3357.9084141805915,2945.536807757726,22379.510980131203,14.8946414445502,11.420766120477488,-9.790502149788335,1.5031734612309045,-1.2886020822454816,185.72544124018017,1.48675431519397,1.1399987959195734
coupa_seed43,coupa,43,damped_velocity_005,pointwise,6.246571682255203,1099,1073,26,457,0,19.180448406063178,1.1818767123121292,491.87351492196666,-490.6916382096545,1835.0624532520533,2327.086805343417,22379.510980131203,1.0452204704026313,0.05078782233642183,-21.0860908618852,0.005281065852428203,-2.192593210125531,41618.00548212043,16.228806445081805,0.7885663951333548
coupa_seed43,coupa,43,damped_velocity_005,aggregate_selected,6.246571682255203,1556,1522,34,479,0,30.689666494211338,3.7858318501377375,512.1995995714029,-508.4137677212652,2188.99123515049,2429.3126190019893,22379.510980131203,1.4020004283891738,0.15583963218752117,-20.92829731935167,0.01691650837902063,-2.2717822930654785,13529.380591818095,8.106452613074925,0.9010743277865044
coupa_seed43,coupa,43,damped_velocity_005,aggregate_population,6.246571682255203,3194,3046,148,600,0,127.3493829469371,37.006399641042535,640.9700575574984,-603.9636579164559,3230.94660073884,2897.8579438670754,22379.510980131203,3.941550223015612,1.2770260087925145,-20.841727566206732,0.1653583926561097,-2.698734831394046,1732.0519255448467,3.4412799997354577,1.1149430590884215
coupa_seed43,coupa,43,damped_velocity_005,aggregate_joint,6.246571682255203,3194,3046,148,600,0,127.3493829469371,37.006399641042535,640.9700575574984,-603.9636579164559,3230.94660073884,2897.8579438670754,22379.510980131203,3.941550223015612,1.2770260087925145,-20.841727566206732,0.1653583926561097,-2.698734831394046,1732.0519255448467,3.4412799997354577,1.1149430590884215
coupa_seed43,coupa,43,transformer,net_stop,6.246571682255203,13335,11275,2060,1470,5,3009.6971853735413,2797.5157211257265,1556.970312656856,1240.5454084688704,7104.162017051756,6699.599229523468,22379.510980131203,42.36526670069629,41.756463712004894,18.516710716099183,12.500343388242015,5.543219463420097,55.65546248406167,1.0758463885101717,1.0603861176867835
coupa_seed43,coupa,43,transformer,strict_stop,6.246571682255203,3157,2896,261,325,0,464.2343438789876,314.9911820852715,570.257041895303,-255.26585981003154,2411.991823931744,1666.4333959768949,22379.510980131203,19.246928587106385,18.902116510970284,-15.318095546230328,1.4074980564361947,-1.1406230459488576,181.03904944898693,1.4738010785118245,1.4473976756315476
coupa_seed43,coupa,43,transformer,pointwise,6.246571682255203,261,252,9,119,0,6.433145340656008,2.4627023915971353,144.44502070174224,-141.9823183101451,406.2861459541725,591.4119307311394,22379.510980131203,1.5834025857681207,0.4164106714168909,-24.007347659459278,0.011004272585685862,-0.634429941012557,5865.305576288712,2.6122301105510046,0.6869765806920684
coupa_seed43,coupa,43,transformer,aggregate_selected,6.246571682255203,314,303,11,128,0,8.154141156845128,2.4627023915971353,161.7623416280315,-159.29963923643436,476.2293677725448,640.1958883168061,22379.510980131203,1.71222980115323,0.3846795077163081,-24.882952568668117,0.011004272585685862,-0.7118101882470197,6568.489240923823,3.3110542242812078,0.7438807034900525
coupa_seed43,coupa,43,transformer,aggregate_population,6.246571682255203,3657,3372,285,524,0,241.94485393953744,149.4019706995383,908.258699247279,-758.8567285477407,2818.5605199986867,2569.8940984985766,22379.510980131203,8.583986479014833,5.81354581057734,-29.528715949466232,0.6675837145511319,-3.390854827978425,607.9295306444614,1.6194221053891702,1.0967613496779458
coupa_seed43,coupa,43,transformer,aggregate_joint,6.246571682255203,3657,3372,285,524,0,241.87088843880616,149.4019706995383,908.258699247279,-758.8567285477407,2819.4188846126995,2569.8940984985766,22379.510980131203,8.578749676355088,5.81354581057734,-29.528715949466232,0.6675837145511319,-3.390854827978425,607.9295306444614,1.6189270282467139,1.0970953574545754
coupa_seed43,coupa,43,eqmotion,net_stop,6.246571682255203,14960,12558,2402,1709,5,3915.4076735779936,3520.0017671204005,2101.443665047429,1418.5581020729715,8157.539380965029,7682.783779518257,22379.510980131203,47.99741062500154,45.8167490865026,18.46411590880306,15.728680444561546,6.338646556363025,59.70007414986476,1.112331167032641,1.061794736787001
coupa_seed43,coupa,43,eqmotion,strict_stop,6.246571682255203,2455,2363,92,379,0,373.3957784871305,145.6233354763561,1165.9819854296452,-1020.3586499532892,2367.2895676444396,1971.0110359800028,22379.510980131203,15.77313496374152,7.388255713340082,-51.76828700230785,0.6506993633848489,-4.559342922457849,800.6834767350581,2.5641204911678206,1.2010534311734098
coupa_seed43,coupa,43,eqmotion,pointwise,6.246571682255203,1,1,0,1,0,0.044204403716178654,0.0,3.4757771692634085,-3.4757771692634085,2.225876441288202,5.574473701492088,22379.510980131203,1.9859325026413341,0.0,-62.35166502504204,0.0,-0.015531068450732658,,,0.39929804327400703
coupa_seed43,coupa,43,eqmotion,aggregate_selected,6.246571682255203,1,1,0,1,0,0.044204403716178654,0.0,3.4757771692634085,-3.4757771692634085,2.225876441288202,5.574473701492088,22379.510980131203,1.9859325026413341,0.0,-62.35166502504204,0.0,-0.015531068450732658,,,0.39929804327400703
coupa_seed43,coupa,43,eqmotion,aggregate_population,6.246571682255203,1700,1563,137,343,0,182.56066801414119,90.73547154111957,930.047764521487,-839.3122929803675,1578.1159486887473,1717.9518176779231,22379.510980131203,11.568267095065506,5.281607470444809,-48.855403530165795,0.4054399205669668,-3.750360290381318,1025.010118672285,2.0120099109355287,0.9186031484991322
coupa_seed43,coupa,43,eqmotion,aggregate_joint,6.246571682255203,1700,1563,137,343,0,182.56066801414119,90.73547154111957,930.047764521487,-839.3122929803675,1578.1159486887473,1717.9518176779231,22379.510980131203,11.568267095065506,5.281607470444809,-48.855403530165795,0.4054399205669668,-3.750360290381318,1025.010118672285,2.0120099109355287,0.9186031484991322
deathCircle_seed17,deathCircle,17,damped_velocity_005,net_stop,5.001693538217094,10358,8034,2324,276,0,2139.8079977986936,932.8206032511127,123.02500083455215,809.7956024165605,1290.723134541551,968.4618064273257,7809.769151881625,165.78365573022188,96.31981323995687,83.61667925799905,11.944278827068356,10.36900818280211,13.188495237538632,2.2939115949421875,1.3327558464107672
deathCircle_seed17,deathCircle,17,damped_velocity_005,strict_stop,5.001693538217094,5385,4247,1138,154,0,739.1528122314247,240.73944422177144,94.49910341834436,146.24034080342707,672.6029096405317,535.3216649503659,7809.769151881625,109.89438220338063,44.97098846991227,27.31821825611826,3.082542384287627,1.8725309027628951,39.25368512992449,3.070343601651378,1.2564462708657502
deathCircle_seed17,deathCircle,17,damped_velocity_005,pointwise,5.001693538217094,171,159,12,53,0,1.5898980146729158,2.1945110067687095,47.26988996589991,-45.0753789591312,146.1587405070664,191.66102386276398,7809.769151881625,1.087788529893666,1.1449959739023705,-23.518281417199752,0.028099563048415856,-0.5771665984297513,2154.0055994297377,0.7244885123697551,0.7625897929655284
deathCircle_seed17,deathCircle,17,damped_velocity_005,aggregate_selected,5.001693538217094,206,193,13,56,0,1.9306995856376283,3.1351070461541117,49.60339982832285,-46.46829278216874,153.55811072048274,201.0777086498171,7809.769151881625,1.2573087651176065,1.5591519652802464,-23.109619208509418,0.04014340225919179,-0.595002129748906,1582.1915838303566,0.6158321094668999,0.7636754553828183
deathCircle_seed17,deathCircle,17,damped_velocity_005,aggregate_population,5.001693538217094,2108,1752,356,137,0,96.59265812271104,56.592057462394024,97.524115274655,-40.93205781226098,433.4696011808379,480.34699629090323,7809.769151881625,22.28360601518025,11.781495023260492,-8.521351882769366,0.7246316294606374,-0.524113543130774,172.32827299035864,1.706823580091567,0.9024093093700207
deathCircle_seed17,deathCircle,17,damped_velocity_005,aggregate_joint,5.001693538217094,2108,1752,356,137,0,96.62634540969074,56.592057462394024,97.524115274655,-40.93205781226098,433.5368261961204,480.34699629090323,7809.769151881625,22.28792101872785,11.781495023260492,-8.521351882769366,0.7246316294606374,-0.524113543130774,172.32827299035864,1.7074188453724253,0.9025492603134045
deathCircle_seed17,deathCircle,17,transformer,net_stop,5.001693538217094,16207,12313,3894,465,0,1447.5228832934292,640.505753635992,228.21656736918564,412.2891862668064,2517.0759763594374,1630.2572754543303,7809.769151881625,57.508112464171546,39.288630284290065,25.289823420779214,8.201340413265271,5.27914690240841,35.630681859398905,2.2599685874423474,1.543974692987009
deathCircle_seed17,deathCircle,17,transformer,strict_stop,5.001693538217094,4006,3115,891,93,0,200.80302872978206,83.76380499374565,68.9680633578134,14.795741635932245,468.53388054851155,315.8418248561816,7809.769151881625,42.857739230021615,26.520808329260213,4.684541587444753,1.0725516127908117,0.18945171551411957,82.33635442296706,2.397252951257113,1.4834446981866896
deathCircle_seed17,deathCircle,17,transformer,pointwise,5.001693538217094,256,224,32,22,0,1.0848653798807533,2.205736820421138,12.74098960029557,-10.535252779874433,81.65454940531222,72.83454313851274,7809.769151881625,1.3286037186927087,3.0284213030984333,-14.464637692364002,0.02824330370750722,-0.13489838911994156,577.6296375132802,0.49183808777042654,1.1210964727275914
deathCircle_seed17,deathCircle,17,transformer,aggregate_selected,5.001693538217094,300,266,34,23,0,1.3748966006599959,2.205736820421138,14.393010325770991,-12.187273505349854,91.93826956248341,75.66787642962612,7809.769151881625,1.4954562525517012,2.9150240822108358,-16.106271353715684,0.02824330370750722,-0.1560516484973637,652.526185015262,0.6233275828425845,1.2150237842076796
deathCircle_seed17,deathCircle,17,transformer,aggregate_population,5.001693538217094,4913,3939,974,134,0,166.25401547712647,78.43878954620806,81.35778810117293,-2.9189985549648725,751.4141886554094,462.0302570433002,7809.769151881625,22.12548258832105,16.976981128501503,-0.6317764930904324,1.0043675814324118,-0.03737624631659685,103.72137123972993,2.1195382595646346,1.6263311270218153
deathCircle_seed17,deathCircle,17,transformer,aggregate_joint,5.001693538217094,4913,3937,976,134,0,166.13127973665922,80.97104858492091,79.42492072653704,1.5461278583838691,751.0970330990119,460.7385905057769,7809.769151881625,22.118484352308617,17.57418420194296,0.3355759405103452,1.0367918309776465,0.01979735672483171,98.09051767834978,2.05173679531177,1.6302021332193888
deathCircle_seed17,deathCircle,17,eqmotion,net_stop,5.001693538217094,25565,19733,5832,910,0,4555.171823018329,2845.2013919203264,338.7271995803029,2506.4741923400234,4062.961525729826,3193.075621480995,7809.769151881625,112.11456948758794,89.10535575103857,78.49717606053703,36.43131232931291,32.09408810420642,11.905209963069925,1.601001544549324,1.2724288452164392
deathCircle_seed17,deathCircle,17,eqmotion,strict_stop,5.001693538217094,762,665,97,38,0,85.2477800205296,79.98245289161873,59.027357983513696,20.95509490810504,142.78456978834413,149.38936924791727,7809.769151881625,59.70377621818391,53.539588053876074,14.027166065163092,1.0241333813605538,0.2683190053454561,73.80038477126912,1.0658310284137662,0.9557880223149464
deathCircle_seed17,deathCircle,17,eqmotion,pointwise,5.001693538217094,1,1,0,1,0,0.03909741842520451,0.0,1.1832625836674637,-1.1832625836674637,1.9743258709101594,2.0833333022892475,7809.769151881625,1.9802920582295107,0.0,-56.79660486237362,0.0,-0.015151057101122864,,,0.9476764321583558
deathCircle_seed17,deathCircle,17,eqmotion,aggregate_selected,5.001693538217094,1,1,0,1,0,0.03909741842520451,0.0,1.1832625836674637,-1.1832625836674637,1.9743258709101594,2.0833333022892475,7809.769151881625,1.9802920582295107,0.0,-56.79660486237362,0.0,-0.015151057101122864,,,0.9476764321583558
deathCircle_seed17,deathCircle,17,eqmotion,aggregate_population,5.001693538217094,1269,1049,220,76,0,97.94734075336468,82.78267312320537,83.31945659062264,-0.5367834674172656,258.9596540121173,279.7855062100901,7809.769151881625,37.82339806060349,29.58790619448461,-0.19185535186879785,1.059988733511545,-0.006873230910902624,100.64842490241692,1.1831864937194014,0.9255649355105096
deathCircle_seed17,deathCircle,17,eqmotion,aggregate_joint,5.001693538217094,1269,1049,220,76,0,97.99877438126263,82.78267312320537,83.31945659062264,-0.5367834674172656,258.96261717739424,279.78550621009015,7809.769151881625,37.84282667877566,29.587906194484603,-0.1918553518687978,1.059988733511545,-0.006873230910902624,100.64842490241692,1.1838078028165526,0.9255755263567511
deathCircle_seed29,deathCircle,29,damped_velocity_005,net_stop,5.001693538217094,10241,7957,2284,270,0,2105.4822087275766,875.5178428970464,122.82500248013481,752.6928404169116,1273.2511838413557,948.0965489708095,7809.769151881625,165.3626743448538,92.34479798997795,79.38989349069827,11.210547019640215,9.63783724946036,14.028840585785526,2.4048421466324856,1.3429551929321042
deathCircle_seed29,deathCircle,29,damped_velocity_005,strict_stop,5.001693538217094,5536,4366,1170,154,0,793.6925882372698,261.6179783228176,92.98457582327563,168.63340249954194,684.1006113223945,540.022044676587,7809.769151881625,116.01986244436029,48.44579603773353,31.227133070194302,3.3498810686329366,2.1592623190265843,35.54212001001682,3.033784579047204,1.2668012687002332
deathCircle_seed29,deathCircle,29,damped_velocity_005,pointwise,5.001693538217094,180,167,13,50,0,1.7119891813360182,2.1945110067687095,43.767709951622784,-41.57319894485408,147.28370211203952,182.15319759764884,7809.769151881625,1.1623751690011828,1.204761176697035,-22.823205682440726,0.028099563048415856,-0.5323230192385104,1994.4174267810215,0.7801233058551952,0.8085705002959586
deathCircle_seed29,deathCircle,29,damped_velocity_005,aggregate_selected,5.001693538217094,209,194,15,55,0,2.005819561923708,3.7184845117598475,46.246109167383494,-42.52762465562365,154.09502644086058,195.0354936083852,7809.769151881625,1.3016770289425998,1.9065681035608064,-21.805069358819132,0.04761324489167448,-0.5445439401416542,1243.6816402254312,0.5394185603248387,0.7900870943535558
deathCircle_seed29,deathCircle,29,damped_velocity_005,aggregate_population,5.001693538217094,2069,1721,348,142,0,92.44869119550492,45.77123972698516,99.27745385891052,-53.50621413192536,439.33310341943377,497.11197553417344,7809.769151881625,21.042960449816967,9.207430514584065,-10.763412825536957,0.5860767307822075,-0.6851190232560714,216.8992023180441,2.0197987152399617,0.883770910864392
deathCircle_seed29,deathCircle,29,damped_velocity_005,aggregate_joint,5.001693538217094,2069,1721,348,143,0,92.59521652443328,45.77123972698516,100.44420879012199,-54.67296906313683,440.3352954240066,501.9453088327374,7809.769151881625,21.02834305736762,9.118770296593697,-10.892216363228417,0.5860767307822075,-0.7000587085210368,219.44830288462455,2.0229999684680227,0.8772575172542133
deathCircle_seed29,deathCircle,29,transformer,net_stop,5.001693538217094,16761,12838,3923,512,0,1915.9922741040489,782.3279421799556,246.6026098965527,535.7253322834028,2817.065381149265,1807.4986761902687,7809.769151881625,68.0137666283908,43.28235215247277,29.639044240550746,10.017299192402731,6.859682045202698,31.521641577749982,2.4490909384690256,1.5585435376842969
deathCircle_seed29,deathCircle,29,transformer,strict_stop,5.001693538217094,3739,2982,757,79,0,354.0249328495944,105.29890092677944,58.472870955083415,46.82602997169602,484.90605328078607,274.5230673454824,7809.769151881625,73.00897368765067,38.35703205015652,17.05722962535833,1.3482972272158589,0.5995827669299819,55.53037158074714,3.362095233033523,1.7663581351090634
deathCircle_seed29,deathCircle,29,transformer,pointwise,5.001693538217094,111,96,15,8,0,0.5019833122968717,0.0,8.522192178154754,-8.522192178154754,34.82375307170218,31.543712049278923,7809.769151881625,1.4414968750303478,0.0,-27.017087160956272,0.0,-0.10912220338934708,,,1.1039839894968302
deathCircle_seed29,deathCircle,29,transformer,aggregate_selected,5.001693538217094,118,103,15,9,0,0.5603993483008067,0.0,9.245733821856046,-9.245733821856046,37.09922521514141,35.05564383772909,7809.769151881625,1.5105419184659667,0.0,-26.374451613709073,0.0,-0.11838677484632758,,,1.0582953599960097
deathCircle_seed29,deathCircle,29,transformer,aggregate_population,5.001693538217094,4145,3359,786,115,0,175.0300753644405,60.782533817322914,79.03028675164681,-18.2477529343239,729.0431918763686,415.2419305797847,7809.769151881625,24.008190092819927,14.637860326979704,-4.39448706657474,0.7782884824793885,-0.23365291059758697,130.0213758596607,2.8796113681354503,1.755707066621226
deathCircle_seed29,deathCircle,29,transformer,aggregate_joint,5.001693538217094,4145,3356,789,115,0,174.648559721168,60.782533817322914,79.03028675164681,-18.2477529343239,728.6197475457343,415.2419305797847,7809.769151881625,23.969781262373154,14.637860326979704,-4.39448706657474,0.7782884824793885,-0.23365291059758697,130.0213758596607,2.873334636658294,1.7546873133173073
deathCircle_seed29,deathCircle,29,eqmotion,net_stop,5.001693538217094,24976,19305,5671,880,0,4514.926084053086,2819.103290584261,353.7023395281937,2465.4009510560672,3959.262996467215,3102.3343896859924,7809.769151881625,114.03450814158292,90.87038779432157,79.46922031527383,36.09713982269307,31.568166780730934,12.546625755414896,1.601546881638865,1.2762205807440241
deathCircle_seed29,deathCircle,29,eqmotion,strict_stop,5.001693538217094,868,740,128,40,0,101.57867900664962,73.16866131537068,54.93357712321138,18.235084192159306,140.50266604276968,153.16951955878307,7809.769151881625,72.29662031874085,47.76972698363147,11.905165103792786,0.9368863521112144,0.2334906939953006,75.07801309420893,1.3882812283366293,0.9173017350155483
deathCircle_seed29,deathCircle,29,eqmotion,pointwise,5.001693538217094,3,3,0,2,0,0.09129436733468352,0.0,4.150629759644139,-4.150629759644139,5.012480704425751,8.2123437045964,7809.769151881625,1.8213410229006068,0.0,-50.54135468442531,0.0,-0.05314663825427054,,,0.6103593425614049
deathCircle_seed29,deathCircle,29,eqmotion,aggregate_selected,5.001693538217094,3,3,0,2,0,0.09129436733468352,0.0,4.150629759644139,-4.150629759644139,5.012480704425751,8.2123437045964,7809.769151881625,1.8213410229006068,0.0,-50.54135468442531,0.0,-0.05314663825427054,,,0.6103593425614049
deathCircle_seed29,deathCircle,29,eqmotion,aggregate_population,5.001693538217094,1256,1040,216,64,0,94.59738262458714,70.9130145538847,68.01787831050174,2.89513624338295,245.06892533497324,222.20538632632008,7809.769151881625,38.600317235359974,31.913274347789784,1.3029100199809258,0.9080039777718586,0.037070701925746664,95.91734146179469,1.3339918380243925,1.1028937209248244
deathCircle_seed29,deathCircle,29,eqmotion,aggregate_joint,5.001693538217094,1256,1040,216,64,0,94.71103187041268,70.9130145538847,68.01787831050174,2.89513624338295,245.44120035414306,222.20538632632008,7809.769151881625,38.588073939402065,31.913274347789784,1.3029100199809258,0.9080039777718586,0.037070701925746664,95.91734146179469,1.3355944951183056,1.10456908543927
deathCircle_seed43,deathCircle,43,damped_velocity_005,net_stop,5.001693538217094,11381,8831,2550,321,0,2467.8901202588813,1194.6170501586898,133.81926013154407,1060.7977900271458,1420.3116409683994,1121.7500718662739,7809.769151881625,173.756945241695,106.49583005340806,94.5663224484826,15.296445092373418,13.582959616310369,11.201854193673853,2.0658420369364836,1.2661569422548855
deathCircle_seed43,deathCircle,43,damped_velocity_005,strict_stop,5.001693538217094,5519,4366,1153,160,0,751.0170632464105,267.6541249152109,94.92862143427075,172.72550348094015,660.7142194141724,556.0526898576994,7809.769151881625,113.66745881635572,48.13466957307711,31.062794341511534,3.4271707615163556,2.2116595269570163,35.46690022593256,2.8059237401415813,1.188222324009002
deathCircle_seed43,deathCircle,43,damped_velocity_005,pointwise,5.001693538217094,191,180,11,54,0,1.8096854742420452,2.1945110067687095,47.93146742494814,-45.73695641817943,158.9193136779224,196.8974755206442,7809.769151881625,1.1387448336894328,1.1145450194147464,-23.228818092888158,0.028099563048415856,-0.5856377509847385,2184.152518584286,0.8246417851905433,0.8071170707379643
deathCircle_seed43,deathCircle,43,damped_velocity_005,aggregate_selected,5.001693538217094,229,216,13,60,0,2.1825695830389167,3.7184845117598475,51.58071965946954,-47.86223514770969,168.75823500930102,213.94643819928893,7809.769151881625,1.2933114540565238,1.7380445980110764,-22.37112968579851,0.04761324489167448,-0.6128508310156406,1387.143592943404,0.5869513712203072,0.7887873078405935
deathCircle_seed43,deathCircle,43,damped_velocity_005,aggregate_population,5.001693538217094,2122,1764,358,141,0,95.34672529164227,43.43567502902715,97.49880888030552,-54.063133851278366,425.74181812038705,491.22615040927707,7809.769151881625,22.395433390262138,8.842296973163513,-11.005752402683436,0.5561710491604237,-0.6922500883173073,224.46712020740807,2.195124750056815,0.8666920882890088
deathCircle_seed43,deathCircle,43,damped_velocity_005,aggregate_joint,5.001693538217094,2122,1765,357,141,0,95.54272510228789,43.43567502902715,97.49880888030552,-54.063133851278366,425.9217679016168,491.22615040927707,7809.769151881625,22.43198922961768,8.842296973163513,-11.005752402683436,0.5561710491604237,-0.6922500883173073,224.46712020740807,2.199637165496765,0.8670584160610132
deathCircle_seed43,deathCircle,43,transformer,net_stop,5.001693538217094,16412,12636,3776,508,0,1616.0089578930683,806.337539059348,234.23581051541584,572.1017285439323,2557.758801656229,1796.1110011817925,7809.769151881625,63.180662572508865,44.89352487283914,31.852247893783,10.324729494278015,7.325462730304833,29.04934957991279,2.004134595765269,1.4240538585718214
deathCircle_seed43,deathCircle,43,transformer,strict_stop,5.001693538217094,4593,3539,1054,83,0,282.43073998037255,102.41987811662526,71.04206672550215,31.377811391123103,432.5900211207238,294.8542774384761,7809.769151881625,65.28831600152746,34.735761341632916,10.641803016634329,1.3114328493557204,0.40177642617724724,69.3635532787949,2.757577388041503,1.4671315772618814
deathCircle_seed43,deathCircle,43,transformer,pointwise,5.001693538217094,157,138,19,10,0,0.5055919361339377,1.310520220198171,4.99513992545408,-3.6846197052559084,38.142412458840745,31.683317885332055,7809.769151881625,1.325537383560935,4.136309918491468,-11.629526044561517,0.016780524426671745,-0.047179623796795134,381.15702821424134,0.38579483806627907,1.2038642100832173
deathCircle_seed43,deathCircle,43,transformer,aggregate_selected,5.001693538217094,169,150,19,10,0,0.5494373496417682,1.310520220198171,4.99513992545408,-3.6846197052559084,39.227187657171015,31.683317885332055,7809.769151881625,1.400654450284883,4.136309918491468,-11.629526044561517,0.016780524426671745,-0.047179623796795134,381.15702821424134,0.41925133330539893,1.2381022656510172
deathCircle_seed43,deathCircle,43,transformer,aggregate_population,5.001693538217094,4566,3615,951,108,0,161.72301729775938,72.16442013585831,65.14000697699763,7.024413158860682,606.678286101888,380.1755401689984,7809.769151881625,26.657129652172678,18.98186824533195,1.8476762486450704,0.9240275702447822,0.08994392820392488,90.26609907536655,2.2410353605460434,1.5957846363082775
deathCircle_seed43,deathCircle,43,transformer,aggregate_joint,5.001693538217094,4566,3617,949,106,0,161.73922469663427,64.60569626920113,65.05759734906866,-0.45190107986752537,607.1174535365212,374.38373083669285,7809.769151881625,26.640516386818852,17.256544808936237,-0.1207053198753035,0.8272420735206436,-0.00578635643485887,100.69947559729799,2.503482417752979,1.6216448620235249
deathCircle_seed43,deathCircle,43,eqmotion,net_stop,5.001693538217094,25853,19933,5920,944,0,4613.82262264864,2797.762487025123,380.85995482909414,2416.902532196029,4210.838364372079,3321.9661467327,7809.769151881625,109.57016687427884,84.22007821412767,72.7551824865271,35.82388202026499,30.947169950775297,13.613019568150145,1.6491116183184458,1.267574134827841
deathCircle_seed43,deathCircle,43,eqmotion,strict_stop,5.001693538217094,1323,1127,196,59,0,180.86794005152996,122.68968313442626,80.20713547078611,42.48254766364015,219.3347804119059,219.8780627408138,7809.769151881625,82.46204259619196,55.79896493769344,19.32095777727376,1.5709770768943456,0.5439667528892929,65.3739853439073,1.4741902940067102,0.9975291653831411
deathCircle_seed43,deathCircle,43,eqmotion,pointwise,5.001693538217094,13,13,0,8,0,0.22684558832516094,0.8402282455520416,15.878803534573642,-15.038575289021601,15.181604278905162,30.377273962912604,7809.769151881625,1.4942135505426317,2.76597645522067,-49.506006718647924,0.010758682224936233,-0.19256107314514315,1889.8202504655208,0.26998091236045063,0.49976848802958007
deathCircle_seed43,deathCircle,43,eqmotion,aggregate_selected,5.001693538217094,13,13,0,8,0,0.22684558832516094,0.8402282455520416,15.878803534573642,-15.038575289021601,15.181604278905162,30.377273962912604,7809.769151881625,1.4942135505426317,2.76597645522067,-49.506006718647924,0.010758682224936233,-0.19256107314514315,1889.8202504655208,0.26998091236045063,0.49976848802958007
deathCircle_seed43,deathCircle,43,eqmotion,aggregate_population,5.001693538217094,1504,1232,272,79,0,104.3852556643852,65.00630908201667,89.52110279182239,-24.514793709805716,314.22544966664304,288.29268854481944,7809.769151881625,33.21986038213198,22.548719292931516,-8.503439276780176,0.8323717105819262,-0.31389908245750536,137.7114068711024,1.6057711495769618,1.0899528921552653
deathCircle_seed43,deathCircle,43,eqmotion,aggregate_joint,5.001693538217094,1504,1231,273,78,0,104.15202867860978,59.29775976337909,89.52110279182239,-30.223343028443296,314.80665935585773,283.87907745826556,7809.769151881625,33.08444265179163,20.888386806913147,-10.646555321741376,0.7592767290578922,-0.38699406398153935,150.96877714950122,1.7564243420698606,1.1089463238168336
gates_seed17,gates,17,damped_velocity_005,net_stop,5.261592064558751,5280,3920,1360,161,0,1745.5181982898953,827.9646993428119,95.83584038116436,732.1288589616474,871.4312230666388,596.1483824765885,5362.87802634265,200.30475751686654,138.88567405034047,122.80983736299899,15.438812803047531,13.65179023959531,11.574870336529207,2.108203646454229,1.4617689969172416
gates_seed17,gates,17,damped_velocity_005,strict_stop,5.261592064558751,1980,1472,508,89,0,238.3574179269309,201.0858171254611,74.55317966767886,126.53263745778223,365.72843374962093,336.93181868183365,5362.87802634265,65.17333516652722,59.68145659622234,37.554374636628665,3.749587742583746,2.359416657180144,37.07530482926291,1.1853517136825984,1.0854671879327018
gates_seed17,gates,17,damped_velocity_005,pointwise,5.261592064558751,140,126,14,42,0,1.4292464954599835,1.5393663216129925,37.021405019509366,-35.48203869789637,129.24817065472988,162.3179776148204,5362.87802634265,1.1058156476953431,0.9483646508126782,-21.859586485296802,0.028704108392015815,-0.6616230785710083,2404.976937569822,0.9284641838613032,0.796265284683592
gates_seed17,gates,17,damped_velocity_005,aggregate_selected,5.261592064558751,148,131,17,42,0,1.5019429655525824,1.5393663216129925,37.021405019509366,-35.48203869789637,130.3294432353861,162.3179776148204,5362.87802634265,1.1524203037067726,0.9483646508126782,-21.859586485296802,0.028704108392015815,-0.6616230785710083,2404.976937569822,0.9756891160115828,0.8029267315334417
gates_seed17,gates,17,damped_velocity_005,aggregate_population,5.261592064558751,814,684,130,73,0,23.39792549549589,27.860560238129096,69.16436906304111,-41.30380882491201,283.335410242095,275.56492195239275,5362.87802634265,8.258030817787164,10.110343522947508,-14.98877597782484,0.5195076244747134,-0.7701799038133297,248.25189612800713,0.8398225052012492,1.028198394173859
gates_seed17,gates,17,damped_velocity_005,aggregate_joint,5.261592064558751,814,684,130,73,0,23.39792549549589,27.860560238129096,69.16436906304111,-41.30380882491201,283.335410242095,275.56492195239275,5362.87802634265,8.258030817787164,10.110343522947508,-14.98877597782484,0.5195076244747134,-0.7701799038133297,248.25189612800713,0.8398225052012492,1.028198394173859
gates_seed17,gates,17,transformer,net_stop,5.261592064558751,13855,10362,3493,579,0,2144.6078263420873,1590.7560478493726,261.0719749454946,1329.6840729038781,2939.99480962288,2111.6543303654503,5362.87802634265,72.9459732147344,75.33221820325444,62.968832246031404,29.66235741397663,24.794225532865415,16.41181721725664,1.3481688969477728,1.3922708690271641
gates_seed17,gates,17,transformer,strict_stop,5.261592064558751,733,595,138,37,0,121.24392095991784,53.19411507683709,86.56460011500884,-33.37048503817175,217.86087573056767,148.7587067755613,5362.87802634265,55.65199375672313,35.75865657201051,-22.432626473769528,0.9918949268572899,-0.6222495621614873,162.7334151343043,2.279273201270199,1.4645252063078484
gates_seed17,gates,17,transformer,pointwise,5.261592064558751,1,1,0,0,0,0.004821429756518165,0.0,0.0,0.0,0.2537022568439122,0.0,5362.87802634265,1.9004284063127206,,,0.0,0.0,,,
gates_seed17,gates,17,transformer,aggregate_selected,5.261592064558751,1,1,0,0,0,0.004821429756518165,0.0,0.0,0.0,0.2537022568439122,0.0,5362.87802634265,1.9004284063127206,,,0.0,0.0,,,
gates_seed17,gates,17,transformer,aggregate_population,5.261592064558751,1126,855,271,52,0,56.64233554958234,27.328406646251345,67.52715058027016,-40.198743934018815,286.1433742546658,205.9944742135974,5362.87802634265,19.79508898192101,13.266572683845048,-19.51447682637176,0.5095847138796227,-0.7495740857159372,247.09508847100278,2.0726541537082994,1.389082767132682
gates_seed17,gates,17,transformer,aggregate_joint,5.261592064558751,1126,857,269,52,0,56.76988134561671,27.328406646251345,67.52715058027016,-40.198743934018815,287.4362756321573,205.9944742135974,5362.87802634265,19.750423366279353,13.266572683845048,-19.51447682637176,0.5095847138796227,-0.7495740857159372,247.09508847100278,2.0773213045482795,1.3953591557709075
gates_seed17,gates,17,eqmotion,net_stop,5.261592064558751,15216,11450,3766,707,0,2986.008959147384,2445.106535593807,292.7796658649463,2152.326869728861,3155.9842331433515,2562.275104798083,5362.87802634265,94.6141912810929,95.4271667009968,84.00061592521591,45.59317820736097,40.133802394097984,11.974106714897934,1.2212183459818922,1.2317117031006923
gates_seed17,gates,17,eqmotion,strict_stop,5.261592064558751,435,364,71,20,0,50.676377429913686,6.3976166683871405,43.251589310122334,-36.8539726417352,127.68700008119504,80.32181081871191,5362.87802634265,39.68796932944546,7.964980623789349,-45.88289564949603,0.11929446534047236,-0.6872051249479694,676.0578439130865,7.92113376850529,1.5896927469599433
gates_seed17,gates,17,eqmotion,pointwise,5.261592064558751,6,6,0,4,0,0.17352491551222907,0.0,8.373361976040233,-8.373361976040233,10.58646220672162,14.340423333365887,5362.87802634265,1.6391209086077272,0.0,-58.389921841135035,0.0,-0.15613560358654396,,,0.7382252225490499
gates_seed17,gates,17,eqmotion,aggregate_selected,5.261592064558751,6,6,0,4,0,0.17352491551222907,0.0,8.373361976040233,-8.373361976040233,10.58646220672162,14.340423333365887,5362.87802634265,1.6391209086077272,0.0,-58.389921841135035,0.0,-0.15613560358654396,,,0.7382252225490499
gates_seed17,gates,17,eqmotion,aggregate_population,5.261592064558751,236,198,38,36,0,13.022280652674526,8.420967812470913,83.02790314001797,-74.60693532754706,121.64892671288533,144.2239805362425,5362.87802634265,10.704805216579997,5.838812506187057,-51.72990999842696,0.15702329553472624,-1.3911734512900558,985.9662807053955,1.546411403376862,0.843472259332877
gates_seed17,gates,17,eqmotion,aggregate_joint,5.261592064558751,236,198,38,36,0,13.022280652674526,8.420967812470913,83.02790314001797,-74.60693532754706,121.64892671288533,144.2239805362425,5362.87802634265,10.704805216579997,5.838812506187057,-51.72990999842696,0.15702329553472624,-1.3911734512900558,985.9662807053955,1.546411403376862,0.843472259332877
gates_seed29,gates,29,damped_velocity_005,net_stop,5.261592064558751,4596,3405,1191,137,0,1247.3834977074803,606.3525552909405,91.64916058172389,514.7033947092166,715.6320290437284,509.914567857831,5362.87802634265,174.30515224064396,118.91257742218444,100.93914297673503,11.306476714788495,9.597521930966451,15.11483043684853,2.0571917885444715,1.4034351519905062
gates_seed29,gates,29,damped_velocity_005,strict_stop,5.261592064558751,1901,1415,486,86,0,211.89782218491123,162.5097147923992,74.87609356295619,87.63362122944301,346.10637927530234,323.3928514812412,5362.87802634265,61.2233217511319,50.251486403627496,27.098193676221783,3.030270574757539,1.6340782094797517,46.07484153092504,1.3039086460498914,1.0702350954575093
gates_seed29,gates,29,damped_velocity_005,pointwise,5.261592064558751,141,127,14,41,0,1.386624741894801,1.6103071478719437,34.95147578830154,-33.3411686404296,125.64390421667322,157.91218474857413,5362.87802634265,1.1036148156488064,1.0197485079671686,-21.113740332017446,0.030026920992087775,-0.621702907965771,2170.4850428373675,0.8610933285163989,0.7956568039174553
gates_seed29,gates,29,damped_velocity_005,aggregate_selected,5.261592064558751,148,131,17,41,0,1.4485471297514274,1.6103071478719437,34.95147578830156,-33.341168640429615,126.30748042377711,157.91218474857413,5362.87802634265,1.1468419169564414,1.0197485079671686,-21.113740332017457,0.030026920992087775,-0.6217029079657713,2170.485042837368,0.8995471029646203,0.799858988873356
gates_seed29,gates,29,damped_velocity_005,aggregate_population,5.261592064558751,814,672,142,70,0,24.655717805725473,27.860560238129096,66.22669884791421,-38.36613860978511,264.7055510786454,266.95669805287275,5362.87802634265,9.314393938946951,10.436359320196232,-14.371671094832921,0.5195076244747134,-0.7154020363940642,237.70770681516447,0.8849684857371398,0.9915673703239261
gates_seed29,gates,29,damped_velocity_005,aggregate_joint,5.261592064558751,814,672,142,70,0,24.655717805725473,27.860560238129096,66.22669884791421,-38.36613860978511,264.7055510786454,266.95669805287275,5362.87802634265,9.314393938946951,10.436359320196232,-14.371671094832921,0.5195076244747134,-0.7154020363940642,237.70770681516447,0.8849684857371398,0.9915673703239261
gates_seed29,gates,29,transformer,net_stop,5.261592064558751,13297,9905,3392,543,0,1807.2167346897918,1331.1495538686447,251.7219719204038,1079.427581948241,2745.53234764394,1984.801701184903,5362.87802634265,65.82390975071348,67.06713084102881,54.38465622554815,24.821551922866604,20.127766782053477,18.910119542078384,1.357636134450543,1.383277909327108
gates_seed29,gates,29,transformer,strict_stop,5.261592064558751,693,558,135,40,0,80.75017187056079,36.02557648584492,88.66158816938267,-52.636011683537745,197.1915958225885,162.199942887719,5362.87802634265,40.950108210093795,22.210597515920952,-32.451313327511095,0.6717582669023237,-0.9814881379920961,246.10734044525103,2.241467861098321,1.2157315983711046
gates_seed29,gates,29,transformer,pointwise,5.261592064558751,0,0,0,0,0,0.0,0.0,0.0,0.0,0.0,0.0,5362.87802634265,,,,0.0,0.0,,,
gates_seed29,gates,29,transformer,aggregate_selected,5.261592064558751,0,0,0,0,0,0.0,0.0,0.0,0.0,0.0,0.0,5362.87802634265,,,,0.0,0.0,,,
gates_seed29,gates,29,transformer,aggregate_population,5.261592064558751,1257,960,297,42,0,58.24863997711607,13.767041915237957,68.69469824989696,-54.927656334659005,277.3415512079808,175.7681682933188,5362.87802634265,21.00249303554047,7.832500076045489,-31.25005902263071,0.2567099577430953,-1.024219757839958,498.97936443312994,4.231020747648335,1.5778826957174528
gates_seed29,gates,29,transformer,aggregate_joint,5.261592064558751,1257,958,299,42,0,58.11587897692573,13.767041915237957,68.69469824989696,-54.927656334659005,276.9076743289653,175.7681682933188,5362.87802634265,20.987456962960252,7.832500076045489,-31.25005902263071,0.2567099577430953,-1.024219757839958,498.97936443312994,4.221377354317529,1.575414234657476
gates_seed29,gates,29,eqmotion,net_stop,5.261592064558751,15389,11606,3783,742,0,3086.337574905916,2627.0109045005393,319.34009827879265,2307.6708062217467,3215.289354606126,2678.7593190004654,5362.87802634265,95.98941913220105,98.06819469995403,86.14700058543579,48.985095159661796,43.03045482083286,12.156024846783314,1.174847645138613,1.2002904970969388
gates_seed29,gates,29,eqmotion,strict_stop,5.261592064558751,472,383,89,25,0,45.178235922971254,4.550061953009031,65.8538343316112,-61.30377237860216,134.38902620321966,106.61952322191834,5362.87802634265,33.617503749639404,4.267569217636166,-57.49769885108586,0.08484365914456685,-1.1431133073971818,1447.3173115381642,9.929147424705754,1.260454203340431
gates_seed29,gates,29,eqmotion,pointwise,5.261592064558751,4,4,0,3,0,0.1369647492594672,0.0,6.186853777931514,-6.186853777931514,8.721740525986466,11.090423329640597,5362.87802634265,1.5703832148110815,0.0,-55.785551137586815,0.0,-0.11536443207437248,,,0.7864208846452669
gates_seed29,gates,29,eqmotion,aggregate_selected,5.261592064558751,4,4,0,3,0,0.1369647492594672,0.0,6.186853777931514,-6.186853777931514,8.721740525986466,11.090423329640597,5362.87802634265,1.5703832148110815,0.0,-55.785551137586815,0.0,-0.11536443207437248,,,0.7864208846452669
gates_seed29,gates,29,eqmotion,aggregate_population,5.261592064558751,272,231,41,45,0,14.740612539751265,12.850675172748591,89.06306180053846,-76.21238662778987,138.68129520995538,178.13904457086144,5362.87802634265,10.62912811524787,7.213845344071527,-42.78252800299125,0.23962273819441002,-1.4211098267279598,693.0613419395072,1.1470691105017201,0.7785002751308107
gates_seed29,gates,29,eqmotion,aggregate_joint,5.261592064558751,272,231,41,45,0,14.740612539751265,12.850675172748591,89.06306180053846,-76.21238662778987,138.68129520995538,178.13904457086144,5362.87802634265,10.62912811524787,7.213845344071527,-42.78252800299125,0.23962273819441002,-1.4211098267279598,693.0613419395072,1.1470691105017201,0.7785002751308107
gates_seed43,gates,43,damped_velocity_005,net_stop,5.261592064558751,4917,3651,1266,144,0,1429.9354141608083,693.0942468637393,95.83584038116436,597.2584064825749,777.2999554171937,539.0355542213842,5362.87802634265,183.9618546476477,128.5804324846228,110.8013009170223,12.923923375829832,11.13690081237761,13.827245113463691,2.0631182853288497,1.4420198247219018
gates_seed43,gates,43,damped_velocity_005,strict_stop,5.261592064558751,1954,1442,512,89,0,209.60623840520685,183.12358605672168,74.4254004068282,108.69818564989347,352.31467614596306,333.9778626894357,5362.87802634265,59.49404115040826,54.83105514301928,32.54652412425651,3.414651333802709,2.0268629104738927,40.64217068345051,1.1446162830181925,1.0549042781125246
gates_seed43,gates,43,damped_velocity_005,pointwise,5.261592064558751,141,124,17,39,0,1.2710470834154928,0.8107537144583905,33.784720857090086,-32.97396714263169,119.4861007050346,151.9035877248831,5362.87802634265,1.063761455027494,0.533729141359564,-21.707168103462955,0.015117884659616332,-0.6148558102694557,4167.075679654377,1.5677351342936405,0.786591696052889
gates_seed43,gates,43,damped_velocity_005,aggregate_selected,5.261592064558751,150,129,21,39,0,1.3394830027221656,0.8107537144583905,33.78472085709008,-32.973967142631686,120.04161163744232,151.9035877248831,5362.87802634265,1.1158488997696578,0.533729141359564,-21.70716810346295,0.015117884659616332,-0.6148558102694556,4167.0756796543765,1.6521453788429241,0.7902486928409689
gates_seed43,gates,43,damped_velocity_005,aggregate_population,5.261592064558751,787,652,135,65,0,22.160609064026858,22.731977382845322,61.06916112321038,-38.337183740365056,259.5703256560112,247.18860021513825,5362.87802634265,8.537420064493283,9.196207819883586,-15.509284694762886,0.4238764572154174,-0.7148621235100152,268.648697360117,0.9748649970393843,1.0500901960288487
gates_seed43,gates,43,damped_velocity_005,aggregate_joint,5.261592064558751,787,652,135,65,0,22.160609064026858,22.731977382845322,61.06916112321038,-38.337183740365056,259.5703256560112,247.18860021513825,5362.87802634265,8.537420064493283,9.196207819883586,-15.509284694762886,0.4238764572154174,-0.7148621235100152,268.648697360117,0.9748649970393843,1.0500901960288487
gates_seed43,gates,43,transformer,net_stop,5.261592064558751,13709,10393,3316,618,0,2130.44137339495,1428.9929792968346,252.14283894782722,1176.8501403490075,3128.090916185629,2241.4808577481253,5362.87802634265,68.10676001683463,63.752183042618256,52.50324294677736,26.64600933076549,21.944376407001563,17.644792003939674,1.4908690275324359,1.3955465670709428
gates_seed43,gates,43,transformer,strict_stop,5.261592064558751,1182,867,315,44,0,180.46032914258467,81.73800611807911,94.03692991601875,-12.298923797939636,240.1246386205188,179.658275495071,5362.87802634265,75.15277490027808,45.49637688152118,-6.8457318562411915,1.524144418660635,-0.22933439353882154,115.04676267753895,2.2077897139048246,1.3365631945359886
gates_seed43,gates,43,transformer,pointwise,5.261592064558751,3,3,0,1,0,0.03786977720871583,0.0,2.116656987299681,-2.116656987299681,2.209687107809237,3.9999999701976776,5362.87802634265,1.7138072207092383,0.0,-52.91642507675011,0.0,-0.03946867664904154,,,0.5524217810681722
gates_seed43,gates,43,transformer,aggregate_selected,5.261592064558751,3,3,0,1,0,0.03786977720871583,0.0,2.116656987299681,-2.116656987299681,2.209687107809237,3.9999999701976776,5362.87802634265,1.7138072207092383,0.0,-52.91642507675011,0.0,-0.03946867664904154,,,0.5524217810681722
gates_seed43,gates,43,transformer,aggregate_population,5.261592064558751,1346,1088,258,53,0,62.25924023320746,36.42635727131314,67.44308265965036,-31.01672538833722,323.00680903645105,221.470384096136,5362.87802634265,19.274900247128087,16.4475071554042,-14.004908834615767,0.6792315076417096,-0.5783597023087594,185.14912747743742,1.7091810682436397,1.4584650239114592
gates_seed43,gates,43,transformer,aggregate_joint,5.261592064558751,1346,1088,258,53,0,62.2751149547595,36.42635727131314,67.44308265965036,-31.01672538833722,323.6162529727249,221.470384096136,5362.87802634265,19.243506586181315,16.4475071554042,-14.004908834615767,0.6792315076417096,-0.5783597023087594,185.14912747743742,1.709616871402155,1.4612168317378695
gates_seed43,gates,43,eqmotion,net_stop,5.261592064558751,15794,11876,3918,775,0,3065.0025172825976,2559.8535168680323,324.72159544745375,2235.1319214205787,3345.5207756182917,2799.444933724041,5362.87802634265,91.61510936114719,91.4414670576397,79.84196775920257,47.73283122036227,41.67784369589482,12.685163166865461,1.1973351197972502,1.195065755827466
gates_seed43,gates,43,eqmotion,strict_stop,5.261592064558751,632,521,111,43,0,70.16863584924303,49.379248564809934,100.79411567611805,-51.41486711130812,172.19090263540664,175.4991610679025,5362.87802634265,40.75048958760418,28.136458467573288,-29.296360619875077,0.9207602396000298,-0.9587178164179093,204.12241701861146,1.4210146547116278,0.9811494344909384
gates_seed43,gates,43,eqmotion,pointwise,5.261592064558751,8,7,1,5,0,0.16558580073858783,0.0,9.066548139655408,-9.066548139655408,12.062185210607305,18.306573960307674,5362.87802634265,1.3727678513257628,0.0,-49.52618747403804,0.0,-0.16906124090684513,,,0.6588991056852332
gates_seed43,gates,43,eqmotion,aggregate_selected,5.261592064558751,8,7,1,5,0,0.16558580073858783,0.0,9.066548139655408,-9.066548139655408,12.062185210607305,18.306573960307674,5362.87802634265,1.3727678513257628,0.0,-49.52618747403804,0.0,-0.16906124090684513,,,0.6588991056852332
gates_seed43,gates,43,eqmotion,aggregate_population,5.261592064558751,313,260,53,53,0,16.335287913088155,16.704401527262306,92.15224875534325,-75.44784722808095,152.59981411145094,200.18453052903251,5362.87802634265,10.704657805911685,8.344501687077008,-37.689149620449236,0.3114820334381965,-1.406853686723405,551.6644736116214,0.9779032123017553,0.7622957363796878
gates_seed43,gates,43,eqmotion,aggregate_joint,5.261592064558751,313,260,53,53,0,16.335287913088155,16.704401527262306,92.15224875534325,-75.44784722808095,152.59981411145094,200.18453052903251,5362.87802634265,10.704657805911685,8.344501687077008,-37.689149620449236,0.3114820334381965,-1.406853686723405,551.6644736116214,0.9779032123017553,0.7622957363796878
hyang_seed17,hyang,17,damped_velocity_005,net_stop,5.335834807960861,24788,21164,3624,1483,1,5835.583281360788,6287.0572806449745,546.0428799092715,5741.014400735703,4260.435135310109,5579.799056614662,41044.44143790404,136.97153215632812,112.67533502289625,102.88926791960235,15.31768263957651,13.987312775156802,8.685190153910197,0.928189933838511,0.7635463377949979
hyang_seed17,hyang,17,damped_velocity_005,strict_stop,5.335834807960861,9651,8456,1195,641,0,1112.5505344835613,1038.8070251880608,424.85075139684596,613.9562737912149,2041.1041049251944,2426.0908010252556,41044.44143790404,54.507290039688385,42.818142863781745,25.306401290988763,2.5309322987368885,1.495832936891264,40.89794746237232,1.0709886509307638,0.841313978876072
hyang_seed17,hyang,17,damped_velocity_005,pointwise,5.335834807960861,1240,1182,58,354,0,11.037838461642815,8.326562608260748,276.7875410855065,-268.46097847724576,962.6753924502322,1321.4031602603188,41044.44143790404,1.1465794750968918,0.6301303688891133,-20.3163566238451,0.020286699773605078,-0.654073899101293,3324.151322790833,1.3256176625264575,0.7285251173915638
hyang_seed17,hyang,17,damped_velocity_005,aggregate_selected,5.335834807960861,1361,1298,63,361,0,12.424751979424205,11.234119039131135,279.41412613056775,-268.1800070914366,999.217168604432,1339.7450460241432,41044.44143790404,1.2434486085519703,0.8385266340390475,-20.01724192877544,0.027370622295170434,-0.6533893450521552,2487.192143480955,1.1059836499992397,0.7458263582087732
hyang_seed17,hyang,17,damped_velocity_005,aggregate_population,5.335834807960861,4683,4215,468,591,0,146.35347933128116,181.8952502492557,445.0218544640383,-263.1266042147826,1662.4901562195257,2170.1413462342257,41044.44143790404,8.803268926661586,8.3817236404851,-12.124860192695627,0.4431665869407536,-0.6410773176505903,244.65831507651438,0.8046030840867436,0.7660745965254244
hyang_seed17,hyang,17,damped_velocity_005,aggregate_joint,5.335834807960861,4683,4215,468,591,0,146.32144236187386,181.8952502492557,445.0218544640383,-263.1266042147826,1662.365349067904,2170.1413462342257,41044.44143790404,8.80200266709824,8.3817236404851,-12.124860192695627,0.4431665869407536,-0.6410773176505903,244.65831507651438,0.8044269554117871,0.7660170854550794
hyang_seed17,hyang,17,transformer,net_stop,5.335834807960861,54950,46933,8017,5112,2,7603.730142308161,10021.019108121302,2548.6282282440507,7472.390879877251,10579.786317475253,18923.794486928644,41044.44143790404,71.8703564905525,52.954597002430916,39.486747148087574,24.41504563603834,18.205609866033136,25.432824753108935,0.7587781302747836,0.5590731988123786
hyang_seed17,hyang,17,transformer,strict_stop,5.335834807960861,4038,3665,373,379,0,522.4573486387923,456.7719432054313,681.851032314433,-225.07908910900176,1213.6725426777712,1442.934315344331,41044.44143790404,43.04763684330166,31.655768273584282,-15.598706518757272,1.1128716269570378,-0.5483789795252129,149.27603204555263,1.1438035028430353,0.8411142002594549
hyang_seed17,hyang,17,transformer,pointwise,5.335834807960861,174,169,5,41,0,1.2725948242782414,1.5639485410935712,39.186041524855796,-37.62209298376222,98.61307796824752,151.5200388486568,41044.44143790404,1.290492955394826,1.03217274294372,-24.829780449924783,0.003810378424712302,-0.09166184668557502,2505.5838152740916,0.8137063278235457,0.6508253213078008
hyang_seed17,hyang,17,transformer,aggregate_selected,5.335834807960861,187,182,5,42,0,1.4208434793208162,1.5639485410935712,40.759134958822045,-39.19518641772847,102.4394505116563,155.3117055351917,41044.44143790404,1.3870081030541472,1.0069740305177448,-25.236466422582254,0.003810378424712302,-0.09549450557641698,2606.1685463334834,0.9084975892667859,0.659573276583746
hyang_seed17,hyang,17,transformer,aggregate_population,5.335834807960861,10051,9093,958,1045,1,431.1099580322149,668.4892504935393,786.7345705386431,-118.24532004510377,1950.324113137147,3837.4452331269385,41044.44143790404,22.104528941026285,17.420163934139627,-3.0813552470884824,1.6286961816861214,-0.2880909470384598,117.68844000973903,0.6449018555106615,0.5082350352002099
hyang_seed17,hyang,17,transformer,aggregate_joint,5.335834807960861,10051,9087,964,1048,1,430.47306415491414,667.3396220737667,786.6752925700318,-119.33567049626515,1951.4581497027843,3848.697955456691,41044.44143790404,22.059046678529956,17.339360734391,-3.1006764333654924,1.625895245969864,-0.2907474588899147,117.88229958913993,0.6450584528717378,0.507043725511378
hyang_seed17,hyang,17,eqmotion,net_stop,5.335834807960861,63537,53934,9603,5701,2,10290.114358933897,13997.81751938007,3103.480024182276,10894.337495197795,13474.686500601494,21183.6557378524,41044.44143790404,76.366261719518,66.07838464051234,51.428033149779004,34.1040516790984,26.542784146983198,22.17117075490867,0.7351227678662882,0.6360888161774648
hyang_seed17,hyang,17,eqmotion,strict_stop,5.335834807960861,3016,2770,246,317,0,305.456538730902,516.4543470006262,587.3443172860862,-70.88997028545998,1009.6519192939365,1192.214551677736,41044.44143790404,30.253648103250473,43.31890986180711,-5.946074906207155,1.2582808509697172,-0.17271515411583593,113.7262801053302,0.5914492549145524,0.8468709913606663
hyang_seed17,hyang,17,eqmotion,pointwise,5.335834807960861,2,2,0,1,0,0.04857964697441737,0.0,1.1366379508685212,-1.1366379508685212,2.6107986293403354,2.21067898404991,41044.44143790404,1.8607197977077183,0.0,-51.41578488190213,0.0,-0.0027692859521261507,,,1.1809940059942199
hyang_seed17,hyang,17,eqmotion,aggregate_selected,5.335834807960861,2,2,0,1,0,0.04857964697441737,0.0,1.1366379508685212,-1.1366379508685212,2.6107986293403354,2.21067898404991,41044.44143790404,1.8607197977077183,0.0,-51.41578488190213,0.0,-0.0027692859521261507,,,1.1809940059942199
hyang_seed17,hyang,17,eqmotion,aggregate_population,5.335834807960861,4482,4027,455,514,0,304.67477684074095,449.00845725469014,728.6723277335504,-279.6638704788603,1195.1933417930384,1922.1696033216017,41044.44143790404,25.491672868898807,23.35946091743319,-14.549385756365497,1.0939567978626124,-0.6813684403574174,162.28476679231616,0.6785501963672833,0.6217939039966539
hyang_seed17,hyang,17,eqmotion,aggregate_joint,5.335834807960861,4482,4031,451,516,0,304.8466373481042,442.80151405396214,729.2713878335289,-286.4698737795668,1196.7659309658904,1929.9616784938248,41044.44143790404,25.472536396659237,22.943539189831586,-14.84329336544821,1.0788343038456856,-0.6979504745191035,164.69487223674128,0.6884498532020692,0.6200982870809472
hyang_seed29,hyang,29,damped_velocity_005,net_stop,5.335834807960861,23358,19911,3447,1344,1,5405.256626712771,5587.325307961659,515.0855764500492,5072.2397315116095,3945.7689050399554,5076.979452200645,41044.44143790404,136.98867715766636,110.0521552345421,99.90664290187384,13.61286720496538,12.357921203984173,9.2188220312871,0.9674139823236265,0.77718827546754
hyang_seed29,hyang,29,damped_velocity_005,strict_stop,5.335834807960861,9989,8712,1277,660,0,1217.9154680088204,1149.7358863712197,429.2795206697317,720.456365701488,2097.0246487119584,2495.6824798908865,41044.44143790404,58.07826192013969,46.06899698320146,28.86811008638355,2.8011975461053606,1.7553080038656719,37.33722898957409,1.0593002118536876,0.8402609969853385
hyang_seed29,hyang,29,damped_velocity_005,pointwise,5.335834807960861,1172,1119,53,334,0,10.70085633656904,6.604531392100699,261.84489100307957,-255.24035961097886,914.0896848398256,1238.8503041052231,41044.44143790404,1.1706571591434303,0.533117792376934,-20.603002539142913,0.016091171327285977,-0.6218634013990199,3964.6248228338686,1.6202294608467935,0.7378532190780221
hyang_seed29,hyang,29,damped_velocity_005,aggregate_selected,5.335834807960861,1282,1225,57,341,0,11.972881257371704,8.705987637051315,265.19366631080453,-256.48767867375324,947.8752924983737,1262.7592914066126,41044.44143790404,1.2631283199516719,0.6894415821208129,-20.31168413641578,0.02121112465429105,-0.6249023489862625,3046.1066264576575,1.3752467561999517,0.7506381453289618
hyang_seed29,hyang,29,damped_velocity_005,aggregate_population,5.335834807960861,4289,3913,376,545,0,129.25372166730682,111.19720625036825,422.79965549097017,-311.6024492406019,1574.0919708177335,2027.6170715012038,41044.44143790404,8.21131954571626,5.484132473201178,-15.36791407116622,0.27091903886327223,-0.7591830667546638,380.22507016858617,1.162382815412494,0.7763260592653769
hyang_seed29,hyang,29,damped_velocity_005,aggregate_joint,5.335834807960861,4289,3915,374,545,0,129.60980274331007,111.19720625036825,422.79965549097017,-311.6024492406019,1574.2014791280417,2027.6170715012038,41044.44143790404,8.233368121029946,5.484132473201178,-15.36791407116622,0.27091903886327223,-0.7591830667546638,380.22507016858617,1.1655850638143244,0.7763800676439052
hyang_seed29,hyang,29,transformer,net_stop,5.335834807960861,52380,44632,7748,4500,2,6566.774226038555,7792.044923096878,2433.5856436027684,5358.459279494109,9921.623414874335,16756.823263895552,41044.44143790404,66.1864893621517,46.50072869053712,31.97777523284803,18.984409703529355,13.055261788860982,31.231668549410287,0.8427536405204207,0.5920945312021988
hyang_seed29,hyang,29,transformer,strict_stop,5.335834807960861,4106,3706,400,414,0,499.3922523195886,518.4023913075127,763.108293046577,-244.7059017390643,1334.628397204066,1574.5354743405612,41044.44143790404,37.41807482635416,32.92414809038376,-15.541466402435343,1.263027033981694,-0.5961974220291895,147.20385280667165,0.9633293763557362,0.8476331076395901
hyang_seed29,hyang,29,transformer,pointwise,5.335834807960861,121,117,4,32,0,0.7639882863645853,0.4601713607462754,20.040020786924742,-19.579849426178466,54.20757449967217,115.08705450711948,41044.44143790404,1.4093755225465874,0.3998463273884627,-17.013077196242975,0.0011211539117726007,-0.04770402212879602,4354.903954567091,1.660225627960853,0.4710136577204589
hyang_seed29,hyang,29,transformer,aggregate_selected,5.335834807960861,127,123,4,34,0,0.8352699250111556,0.4601713607462754,23.01353131349027,-22.553359952743993,57.479435725400315,123.38387566939583,41044.44143790404,1.4531630564390658,0.3729590744736319,-18.27901727870438,0.0011211539117726007,-0.05494863412105358,5001.0785712888455,1.8151280072201152,0.46585856874374004
hyang_seed29,hyang,29,transformer,aggregate_population,5.335834807960861,10362,9341,1021,1005,1,435.8982626196053,662.8256461369245,764.25796685208,-101.43232071515547,1922.4908425973142,3712.8887018129735,41044.44143790404,22.67361971049496,17.852020336975684,-2.7318976910249666,1.6148974694654101,-0.2471280328387755,115.30301691045338,0.6576363862202742,0.5177884383279729
hyang_seed29,hyang,29,transformer,aggregate_joint,5.335834807960861,10362,9342,1020,1010,1,434.9754263663764,674.1009099080702,764.1459696694988,-90.04505976142855,1924.2469214248692,3729.5726829419605,41044.44143790404,22.604969327132153,18.074481105870984,-2.4143532628622544,1.6423683361068868,-0.2193842981093002,113.35780124873416,0.6452675259342042,0.5159430007158314
hyang_seed29,hyang,29,eqmotion,net_stop,5.335834807960861,66822,56596,10226,6335,2,11034.031028340294,14676.530547555076,3273.648678467164,11402.881869087912,14795.691862683934,23491.795445346383,41044.44143790404,74.57597205149366,62.475133421368305,48.53984828710388,35.7576569040637,27.781793269959064,22.305330730991543,0.7518146739508831,0.6298237994241898
hyang_seed29,hyang,29,eqmotion,strict_stop,5.335834807960861,3088,2806,282,328,0,327.7606307720132,536.2800569969679,613.6526937718356,-77.37263677486771,1075.671791581503,1243.5880615515257,41044.44143790404,30.47031941686638,43.123609302576774,-6.221725599258009,1.3065838837356423,-0.18850941580463326,114.42765505921194,0.6111743789381046,0.8649743631661058
hyang_seed29,hyang,29,eqmotion,pointwise,5.335834807960861,6,6,0,5,0,0.1373314002342232,0.0,6.985687149567183,-6.985687149567183,7.261743482125295,13.548090336382373,41044.44143790404,1.891162922131069,0.0,-51.56215360335801,0.0,-0.017019812926765732,,,0.5359975687956872
hyang_seed29,hyang,29,eqmotion,aggregate_selected,5.335834807960861,6,6,0,5,0,0.1373314002342232,0.0,6.985687149567183,-6.985687149567183,7.261743482125295,13.548090336382373,41044.44143790404,1.891162922131069,0.0,-51.56215360335801,0.0,-0.017019812926765732,,,0.5359975687956872
hyang_seed29,hyang,29,eqmotion,aggregate_population,5.335834807960861,4431,3985,446,504,0,304.7418644930897,451.03824456031015,675.1224853712592,-224.0842408109491,1228.7634322956142,1874.3831924641456,41044.44143790404,24.80069446107795,24.06328899947911,-11.95509230513096,1.0989021381681707,-0.5459551475440717,149.68187144072346,0.6756452876632758,0.6555561516107218
hyang_seed29,hyang,29,eqmotion,aggregate_joint,5.335834807960861,4431,3988,443,509,0,304.78617589460697,450.8107733125165,678.6204243658979,-227.80965105338134,1235.9481208408542,1886.5290786165717,41044.44143790404,24.660110789055725,23.896306631176063,-12.075597118303556,1.0983479309726902,-0.5550316755998096,150.5333200844906,0.6760844991681674,0.6551439544982783
hyang_seed43,hyang,43,damped_velocity_005,net_stop,5.335834807960861,26046,22138,3908,1590,1,6517.478705032985,7255.648610220731,533.9514170259195,6721.697193194812,4471.260417830256,5979.116014560675,41044.44143790404,145.76379132476666,121.34985493760907,112.4195813699845,17.67754257588758,16.376632152161307,7.359113508801463,0.8982627267605109,0.7478129554505374
hyang_seed43,hyang,43,damped_velocity_005,strict_stop,5.335834807960861,10456,9110,1346,682,0,1275.294229872516,1217.9388585787026,440.98329964168636,776.9555589370162,2175.5915146791795,2560.7106902874525,41044.44143790404,58.61827559391707,47.56253266713168,30.341403341031043,2.96736614243202,1.892961706184914,36.207342965992595,1.0470921597499119,0.8496045738126545
hyang_seed43,hyang,43,damped_velocity_005,pointwise,5.335834807960861,1168,1113,55,326,0,10.69713991083493,6.425302001082151,252.12418373098308,-245.69888172990093,943.329807784268,1208.4960538183109,41044.44143790404,1.133976666756753,0.5316775326473802,-20.33096268321287,0.015654499795795643,-0.5986167020974514,3923.9273685271173,1.6648462452089123,0.7805816202740297
hyang_seed43,hyang,43,damped_velocity_005,aggregate_selected,5.335834807960861,1296,1237,59,339,0,12.246624887407098,8.925299734193768,261.04540272600076,-252.120102991807,983.9852386143025,1253.514589504487,41044.44143790404,1.244594370607979,0.7120220066781935,-20.113056928317828,0.021745453029728315,-0.6142612596476393,2924.7802370816544,1.3721247747556289,0.7849810818741813
hyang_seed43,hyang,43,damped_velocity_005,aggregate_population,5.335834807960861,4505,4076,429,563,0,136.9180618236545,153.4745403498119,434.0906259280391,-280.6160855782272,1625.8584372615746,2082.235232273461,41044.44143790404,8.42127818054473,7.370662928522381,-13.476675508551464,0.3739228382045419,-0.6836884015166099,282.84210849475346,0.892122312349524,0.7808236130393408
hyang_seed43,hyang,43,damped_velocity_005,aggregate_joint,5.335834807960861,4505,4077,428,563,0,137.0707760869508,153.4745403498119,434.0906259280391,-280.6160855782272,1625.8845334376647,2082.235232273461,41044.44143790404,8.43053570336494,7.370662928522381,-13.476675508551464,0.3739228382045419,-0.6836884015166099,282.84210849475346,0.8931173585829136,0.7808361458097433
hyang_seed43,hyang,43,transformer,net_stop,5.335834807960861,48944,41794,7150,4276,2,7211.943525624256,8898.252246999382,2248.054875719983,6650.197371279399,8898.06977856391,15783.60388211131,41044.44143790404,81.05065149071258,56.37655578194286,42.13358001727695,21.679554978136345,16.202431165595115,25.26400481036104,0.8104898945808405,0.5637539971874693
hyang_seed43,hyang,43,transformer,strict_stop,5.335834807960861,4288,3853,435,364,0,818.2611427714473,713.6050843368706,643.0473325221208,70.55775181474985,1201.0039764682272,1371.8585598430761,41044.44143790404,68.13142660673735,52.01739488497257,5.143223498406482,1.7386156549760354,0.17190574251448,90.11249311931167,1.1466582297852181,0.8754575811413149
hyang_seed43,hyang,43,transformer,pointwise,5.335834807960861,62,62,0,16,0,0.5746609739075272,0.12291222979927952,14.769948533120573,-14.647036303321293,35.35613212459754,51.458439985711635,41044.44143790404,1.6253502274580849,0.23885727945388224,-28.46381722296344,0.00029946132897248196,-0.03568579761398564,12016.663075139453,4.675376688275619,0.6870813055043024
hyang_seed43,hyang,43,transformer,aggregate_selected,5.335834807960861,67,67,0,18,0,0.634255852741782,0.12291222979927952,17.89457649279148,-17.7716642629922,38.03411960446685,58.86354558906041,41044.44143790404,1.6675970400726532,0.20880874328800597,-30.191290866269195,0.00029946132897248196,-0.04329858962724313,14558.825042889568,5.16023388215759,0.6461404800518059
hyang_seed43,hyang,43,transformer,aggregate_population,5.335834807960861,8758,7993,765,841,0,399.88019567186,635.5317588068532,753.1756321166135,-117.64387330976035,1593.9693582872562,3127.6787183811894,41044.44143790404,25.087069183157773,20.319598527555573,-3.761379729266117,1.5483990926477742,-0.2866255921346701,118.51109274706033,0.6292056850511999,0.5096333421075474
hyang_seed43,hyang,43,transformer,aggregate_joint,5.335834807960861,8758,7999,759,841,0,400.1324229386074,641.1274133139067,749.6794595946634,-108.55204628075671,1598.1170541970478,3127.9331011405866,41044.44143790404,25.03774187802836,20.49683904940686,-3.47040818236086,1.5620322529759982,-0.26447441475110495,116.93143110503804,0.6241074935017572,0.5109179136901303
hyang_seed43,hyang,43,eqmotion,net_stop,5.335834807960861,66833,56700,10133,6405,2,10728.941925371138,14469.034563102397,3422.1117352468073,11046.92282785559,14637.256439370885,23688.630269456768,41044.44143790404,73.29885877050516,61.080081028400485,46.63386064199363,35.25211711065076,26.914540534236362,23.651279014659085,0.7415105602644078,0.617902186528852
hyang_seed43,hyang,43,eqmotion,strict_stop,5.335834807960861,3098,2860,238,359,0,282.125408072409,546.3377912621653,696.3000076717294,-149.96221640956412,1067.8672885097403,1364.6584199668387,41044.44143790404,26.419519645191908,40.03476498356573,-10.98899286557058,1.3310883815746826,-0.3653654701001141,127.44862588822879,0.5163937267100538,0.7825161761253704
hyang_seed43,hyang,43,eqmotion,pointwise,5.335834807960861,8,8,0,6,0,0.1568446262454382,0.0,9.414908659021096,-9.414908659021096,8.375435965362783,17.262385637382835,41044.44143790404,1.8726741735484627,0.0,-54.54002046294511,0.0,-0.022938328136989927,,,0.48518415364474443
hyang_seed43,hyang,43,eqmotion,aggregate_selected,5.335834807960861,8,8,0,6,0,0.1568446262454382,0.0,9.414908659021096,-9.414908659021096,8.375435965362783,17.262385637382835,41044.44143790404,1.8726741735484627,0.0,-54.54002046294511,0.0,-0.022938328136989927,,,0.48518415364474443
hyang_seed43,hyang,43,eqmotion,aggregate_population,5.335834807960861,4866,4397,469,583,0,314.6537643016899,462.86876845381323,780.2793482844324,-317.4105798306192,1375.7699946109042,2175.539511326351,41044.44143790404,22.87110240332581,21.276045139332734,-14.589970817726265,1.127725831411509,-0.7733339003061556,168.5746374487333,0.6797904411498163,0.6323810656843206
hyang_seed43,hyang,43,eqmotion,aggregate_joint,5.335834807960861,4866,4398,468,590,0,314.5744429064701,465.508645987238,788.8816944351963,-323.3730484479583,1381.7339140983436,2196.6298952670018,41044.44143790404,22.766644119880855,21.191947127290426,-14.72132602514053,1.1341575854832964,-0.7878607604812652,169.46660416202528,0.6757649844275807,0.629024451080956
