tag,arm,seed,pair,parameters,fitting_prior,start_BCE,end_BCE,start_Brier,end_Brier,fit_seconds
fold0_seed17_controller1_full_eu-locality-007,linear,17,full,400,0.02885391366822665,0.08421939611434937,0.05878641456365585,0.015555864199995995,0.010503601282835007,0.5513980000105221
fold0_seed17_controller1_full_eu-locality-007,mlp,17,full,12833,0.02885391366822665,0.08421939611434937,0.03909589350223541,0.015555864199995995,0.007959313690662384,1.1739946670131758
fold0_seed17_controller1_full_eu-locality-110,linear,17,full,400,0.030428088791961946,0.1525936871767044,0.1003718450665474,0.03394263982772827,0.023050086572766304,0.5297150000114925
fold0_seed17_controller1_full_eu-locality-110,mlp,17,full,12833,0.030428088791961946,0.1525936871767044,0.06144717335700989,0.03394263982772827,0.015191975980997086,1.0910045829950832
fold0_seed17_controller1_full_eu-locality-119,linear,17,full,400,0.030279895574717084,0.13907673954963684,0.08590102940797806,0.03027437999844551,0.019185137003660202,0.5284181669994723
fold0_seed17_controller1_full_eu-locality-119,mlp,17,full,12833,0.030279895574717084,0.13907673954963684,0.04998531565070152,0.03027437999844551,0.011522842571139336,1.2144924580061343
fold0_seed17_controller1_full_eu-locality-124,linear,17,full,400,0.030304306631320648,0.16615155339241028,0.10707902163267136,0.037613317370414734,0.024756740778684616,0.5431107920012437
fold0_seed17_controller1_full_eu-locality-124,mlp,17,full,12833,0.030304306631320648,0.16615155339241028,0.08263461291790009,0.037613317370414734,0.019172698259353638,1.1512982910207938
fold0_seed17_controller1_motion_only_eu-locality-007,linear,17,motion_only,400,0.009365828313438618,0.06403425335884094,0.050410643219947815,0.011586960405111313,0.01121353730559349,0.5208700410148595
fold0_seed17_controller1_motion_only_eu-locality-007,mlp,17,motion_only,12833,0.009365828313438618,0.06403425335884094,0.03015175461769104,0.011586960405111313,0.00908701028674841,1.1246124589815736
fold0_seed17_controller1_motion_only_eu-locality-110,linear,17,motion_only,400,0.010869586687468758,0.06379072368144989,0.05785755813121796,0.011582140810787678,0.011569649912416935,0.5148137500218581
fold0_seed17_controller1_motion_only_eu-locality-110,mlp,17,motion_only,12833,0.010869586687468758,0.06379072368144989,0.03148624300956726,0.011582140810787678,0.009277932345867157,1.5271192920044996
fold0_seed17_controller1_motion_only_eu-locality-119,linear,17,motion_only,400,0.0066619927336193175,0.006684303283691406,0.008407505229115486,4.438213727553375e-05,0.00020107466843910515,0.5325411660014652
fold0_seed17_controller1_motion_only_eu-locality-119,mlp,17,motion_only,12833,0.0066619927336193175,0.006684303283691406,0.0026267431676387787,4.438213727553375e-05,0.00010317361011402681,1.318305084016174
fold0_seed17_controller1_motion_only_eu-locality-124,linear,17,motion_only,400,0.007996636601098554,0.08335250616073608,0.06469856202602386,0.015439053066074848,0.014829511754214764,0.5327588330255821
fold0_seed17_controller1_motion_only_eu-locality-124,mlp,17,motion_only,12833,0.007996636601098554,0.08335250616073608,0.03510907292366028,0.015439053066074848,0.011039531789720058,1.1152130420086905
fold0_seed17_controller2_full_eu-locality-008,linear,17,full,400,0.13457533953432568,0.3917117118835449,0.19606229662895203,0.11517643928527832,0.056294094771146774,0.5269479159906041
fold0_seed17_controller2_full_eu-locality-008,mlp,17,full,12833,0.13457533953432568,0.3917117118835449,0.10718711465597153,0.11517643928527832,0.030091185122728348,1.1497248339874204
fold0_seed17_controller2_full_eu-locality-020,linear,17,full,400,0.02915493400566277,0.1391366869211197,0.09190661460161209,0.03027782216668129,0.022869449108839035,0.6284602500090841
fold0_seed17_controller2_full_eu-locality-020,mlp,17,full,12833,0.02915493400566277,0.1391366869211197,0.08061662316322327,0.03027782216668129,0.02129095047712326,1.1204370420018677
fold0_seed17_controller2_full_eu-locality-048,linear,17,full,400,0.10045414593032864,0.31994619965553284,0.17890864610671997,0.08812732994556427,0.04748469218611717,0.6181707910145633
fold0_seed17_controller2_full_eu-locality-048,mlp,17,full,12833,0.10045414593032864,0.31994619965553284,0.12094345688819885,0.08812732994556427,0.03337619826197624,1.00574541700189
fold0_seed17_controller2_full_eu-locality-067,linear,17,full,400,0.09715413519295392,0.3286118805408478,0.21226157248020172,0.09126698970794678,0.05815379321575165,0.6203017919906415
fold0_seed17_controller2_full_eu-locality-067,mlp,17,full,12833,0.09715413519295392,0.3286118805408478,0.1487940549850464,0.09126698970794678,0.04124835133552551,0.9714289580006152
fold0_seed17_controller2_motion_only_eu-locality-008,linear,17,motion_only,400,0.04487426068897016,0.1773097664117813,0.11372140794992447,0.0411260649561882,0.029037276282906532,0.5214195000007749
fold0_seed17_controller2_motion_only_eu-locality-008,mlp,17,motion_only,12833,0.04487426068897016,0.1773097664117813,0.039375655353069305,0.0411260649561882,0.009155931882560253,0.9816929590015206
fold0_seed17_controller2_motion_only_eu-locality-020,linear,17,motion_only,400,0.004256043524038886,0.025574488565325737,0.023740578442811966,0.003891113679856062,0.003881002077832818,0.6096604169870261
fold0_seed17_controller2_motion_only_eu-locality-020,mlp,17,motion_only,12833,0.004256043524038886,0.025574488565325737,0.020649658516049385,0.003891113679856062,0.003852469613775611,1.0367984590120614
fold0_seed17_controller2_motion_only_eu-locality-048,linear,17,motion_only,400,0.019305865904155936,0.09621065855026245,0.0690164640545845,0.01914982870221138,0.014772837981581688,0.6032887500186916
fold0_seed17_controller2_motion_only_eu-locality-048,mlp,17,motion_only,12833,0.019305865904155936,0.09621065855026245,0.027618471533060074,0.01914982870221138,0.006391266826540232,0.940989750000881
fold0_seed17_controller2_motion_only_eu-locality-067,linear,17,motion_only,400,0.02544587797673124,0.08273497223854065,0.05128391832113266,0.015477308072149754,0.01136201061308384,0.6084664160152897
fold0_seed17_controller2_motion_only_eu-locality-067,mlp,17,motion_only,12833,0.02544587797673124,0.08273497223854065,0.013766825199127197,0.015477308072149754,0.002657175762578845,1.0434451669862028
fold0_seed29_controller1_full_eu-locality-007,linear,29,full,400,0.03282232792309722,0.15231630206108093,0.05930444598197937,0.03392573073506355,0.012244642712175846,0.5288859159918502
fold0_seed29_controller1_full_eu-locality-007,mlp,29,full,12833,0.03282232792309722,0.15231630206108093,0.026843536645174026,0.03392573073506355,0.004970645997673273,1.0643493749957997
fold0_seed29_controller1_full_eu-locality-110,linear,29,full,400,0.0324029453184686,0.139082133769989,0.06754538416862488,0.03027476742863655,0.015600156038999557,0.5145493750169408
fold0_seed29_controller1_full_eu-locality-110,mlp,29,full,12833,0.0324029453184686,0.139082133769989,0.043483152985572815,0.03027476742863655,0.01009274274110794,1.6891519159835298
fold0_seed29_controller1_full_eu-locality-119,linear,29,full,400,0.035014194835892604,0.15223267674446106,0.09237416088581085,0.03392031043767929,0.022068357095122337,0.5502780409879051
fold0_seed29_controller1_full_eu-locality-119,mlp,29,full,12833,0.035014194835892604,0.15223267674446106,0.05952485650777817,0.03392031043767929,0.01696173846721649,1.0113021669967566
fold0_seed29_controller1_full_eu-locality-124,linear,29,full,400,0.03439812523457858,0.13921457529067993,0.09737888723611832,0.03028334677219391,0.022677209228277206,0.5378240830032155
fold0_seed29_controller1_full_eu-locality-124,mlp,29,full,12833,0.03439812523457858,0.13921457529067993,0.07628330588340759,0.03028334677219391,0.01720874384045601,0.9990524579770863
fold0_seed29_controller1_motion_only_eu-locality-007,linear,29,motion_only,400,0.010833703015159997,0.028526464477181435,0.02680068090558052,0.003938980400562286,0.003986329771578312,0.5298114579927642
fold0_seed29_controller1_motion_only_eu-locality-007,mlp,29,motion_only,12833,0.010833703015159997,0.028526464477181435,0.018651915714144707,0.003938980400562286,0.004531718324869871,1.553028207999887
fold0_seed29_controller1_motion_only_eu-locality-110,linear,29,motion_only,400,0.011632694478007969,0.029053587466478348,0.031112223863601685,0.003950688522309065,0.004144752863794565,0.5096765830239747
fold0_seed29_controller1_motion_only_eu-locality-110,mlp,29,motion_only,12833,0.011632694478007969,0.029053587466478348,0.02125493623316288,0.003950688522309065,0.004713001195341349,1.3336720830120612
fold0_seed29_controller1_motion_only_eu-locality-119,linear,29,motion_only,400,0.007552615552573187,0.007581233978271484,0.011628519743680954,5.70419906580355e-05,0.0003429233329370618,0.5276387080084532
fold0_seed29_controller1_motion_only_eu-locality-119,mlp,29,motion_only,12833,0.007552615552573187,0.007581233978271484,0.00581663241609931,5.70419906580355e-05,0.0007997428765520453,1.0567720839753747
fold0_seed29_controller1_motion_only_eu-locality-124,linear,29,motion_only,400,0.009660354243483724,0.027793457731604576,0.028408564627170563,0.0039241015911102295,0.004045834299176931,0.5304159169900231
fold0_seed29_controller1_motion_only_eu-locality-124,mlp,29,motion_only,12833,0.009660354243483724,0.027793457731604576,0.013228140771389008,0.0039241015911102295,0.002848533447831869,1.229918249999173
fold0_seed29_controller2_full_eu-locality-008,linear,29,full,400,0.10597354305697701,0.31194621324539185,0.17779257893562317,0.0851103663444519,0.04418116435408592,0.5240367079968564
fold0_seed29_controller2_full_eu-locality-008,mlp,29,full,12833,0.10597354305697701,0.31194621324539185,0.12269505858421326,0.0851103663444519,0.031686119735240936,1.3898066249967087
fold0_seed29_controller2_full_eu-locality-020,linear,29,full,400,0.0340650884584804,0.12611892819404602,0.0837419182062149,0.026641247794032097,0.020293278619647026,0.6227252919925377
fold0_seed29_controller2_full_eu-locality-020,mlp,29,full,12833,0.0340650884584804,0.12611892819404602,0.07264457643032074,0.026641247794032097,0.019564373418688774,1.425534207985038
fold0_seed29_controller2_full_eu-locality-048,linear,29,full,400,0.08460614283036005,0.22793292999267578,0.1680854856967926,0.055837176740169525,0.04195419326424599,0.623928666987922
fold0_seed29_controller2_full_eu-locality-048,mlp,29,full,12833,0.08460614283036005,0.22793292999267578,0.1164659783244133,0.055837176740169525,0.03312746807932854,0.9290596669889055
fold0_seed29_controller2_full_eu-locality-067,linear,29,full,400,0.07865448121806867,0.23571830987930298,0.18337731063365936,0.05885472521185875,0.047888386994600296,0.6131619579973631
fold0_seed29_controller2_full_eu-locality-067,mlp,29,full,12833,0.07865448121806867,0.23571830987930298,0.14045992493629456,0.05885472521185875,0.03550289198756218,1.6342767500027549
fold0_seed29_controller2_motion_only_eu-locality-008,linear,29,motion_only,400,0.055905371601499304,0.30043700337409973,0.1723404824733734,0.07945419102907181,0.04880748316645622,0.523031208984321
fold0_seed29_controller2_motion_only_eu-locality-008,mlp,29,motion_only,12833,0.055905371601499304,0.30043700337409973,0.06217068433761597,0.07945419102907181,0.016729092225432396,1.3445772090053651
fold0_seed29_controller2_motion_only_eu-locality-020,linear,29,motion_only,400,0.004834123775206851,0.025655031204223633,0.02651345543563366,0.0038918519858270884,0.003929742146283388,0.6211547089915257
fold0_seed29_controller2_motion_only_eu-locality-020,mlp,29,motion_only,12833,0.004834123775206851,0.025655031204223633,0.022376079112291336,0.0038918519858270884,0.0038928654976189137,2.2763393329805695
fold0_seed29_controller2_motion_only_eu-locality-048,linear,29,motion_only,400,0.0284743779460461,0.1667730212211609,0.10853756964206696,0.03764872997999191,0.03027528151869774,0.6118477080017328
fold0_seed29_controller2_motion_only_eu-locality-048,mlp,29,motion_only,12833,0.0284743779460461,0.1667730212211609,0.034369174391031265,0.03764872997999191,0.006208173930644989,1.220895958977053
fold0_seed29_controller2_motion_only_eu-locality-067,linear,29,motion_only,400,0.025864007278659028,0.15377578139305115,0.1145535409450531,0.03400663286447525,0.02969946525990963,0.6546322499925736
fold0_seed29_controller2_motion_only_eu-locality-067,mlp,29,motion_only,12833,0.025864007278659028,0.15377578139305115,0.06132102757692337,0.03400663286447525,0.010746734216809273,1.5002688329841476
fold0_seed43_controller1_full_eu-locality-007,linear,43,full,400,0.02582275531361392,0.05452392250299454,0.04222426190972328,0.008075833320617676,0.005793781019747257,0.532241291977698
fold0_seed43_controller1_full_eu-locality-007,mlp,43,full,12833,0.02582275531361392,0.05452392250299454,0.028866436332464218,0.008075833320617676,0.004407994914799929,1.1718100419966504
fold0_seed43_controller1_full_eu-locality-110,linear,43,full,400,0.031951611863525284,0.04579777643084526,0.030916500836610794,0.004677534103393555,0.0029691574163734913,0.5177369579905644
fold0_seed43_controller1_full_eu-locality-110,mlp,43,full,12833,0.031951611863525284,0.04579777643084526,0.024062886834144592,0.004677534103393555,0.0036019221879541874,0.8245802499877755
fold0_seed43_controller1_full_eu-locality-119,linear,43,full,400,0.030040833107614216,0.057647429406642914,0.04981435835361481,0.008245564997196198,0.007541500963270664,0.520738708000863
fold0_seed43_controller1_full_eu-locality-119,mlp,43,full,12833,0.030040833107614216,0.057647429406642914,0.04005599766969681,0.008245564997196198,0.008310914039611816,1.1110525410040282
fold0_seed43_controller1_full_eu-locality-124,linear,43,full,400,0.03183086601594086,0.0723675787448883,0.06770024448633194,0.011985920369625092,0.011026160791516304,0.5288543339993339
fold0_seed43_controller1_full_eu-locality-124,mlp,43,full,12833,0.03183086601594086,0.0723675787448883,0.05875574052333832,0.011985920369625092,0.011554655618965626,1.397955833002925
fold0_seed43_controller1_motion_only_eu-locality-007,linear,43,motion_only,400,0.009465095797740622,0.0640096589922905,0.04955939203500748,0.011586499400436878,0.011067227460443974,0.5259096249938011
fold0_seed43_controller1_motion_only_eu-locality-007,mlp,43,motion_only,12833,0.009465095797740622,0.0640096589922905,0.02988993003964424,0.011586499400436878,0.00872977077960968,1.2067502079880796
fold0_seed43_controller1_motion_only_eu-locality-110,linear,43,motion_only,400,0.008926094258885945,0.045761361718177795,0.03240984305739403,0.007752706296741962,0.006530380807816982,0.5140948329935782
fold0_seed43_controller1_motion_only_eu-locality-110,mlp,43,motion_only,12833,0.008926094258885945,0.045761361718177795,0.019224688410758972,0.007752706296741962,0.004061461426317692,0.8163443749945145
fold0_seed43_controller1_motion_only_eu-locality-119,linear,43,motion_only,400,0.005173971235513777,0.005187511444091797,0.006884410046041012,2.6769972464535385e-05,0.00011142055882373825,0.5148159169766586
fold0_seed43_controller1_motion_only_eu-locality-119,mlp,43,motion_only,12833,0.005173971235513777,0.005187511444091797,0.001453537493944168,2.6769972464535385e-05,6.38630663161166e-05,0.9169857910019346
fold0_seed43_controller1_motion_only_eu-locality-124,linear,43,motion_only,400,0.007506413974603595,0.007534503936767578,0.00952113512903452,5.6346234487136826e-05,0.0001830198016250506,0.5178254999918863
fold0_seed43_controller1_motion_only_eu-locality-124,mlp,43,motion_only,12833,0.007506413974603595,0.007534503936767578,0.005487128160893917,5.6346234487136826e-05,0.000346579123288393,2.1560847079963423
fold0_seed43_controller2_full_eu-locality-008,linear,43,full,400,0.1213710851131143,0.3227041959762573,0.23199692368507385,0.0886818915605545,0.06534945964813232,0.5177473750081845
fold0_seed43_controller2_full_eu-locality-008,mlp,43,full,12833,0.1213710851131143,0.3227041959762573,0.14376741647720337,0.0886818915605545,0.03744350001215935,0.864370625000447
fold0_seed43_controller2_full_eu-locality-020,linear,43,full,400,0.02653417686532543,0.12539659440517426,0.08624975383281708,0.02659672126173973,0.02139453776180744,0.6308300830132794
fold0_seed43_controller2_full_eu-locality-020,mlp,43,full,12833,0.02653417686532543,0.12539659440517426,0.0762944445014,0.02659672126173973,0.02013874612748623,1.2931926250166725
fold0_seed43_controller2_full_eu-locality-048,linear,43,full,400,0.09056131702280258,0.39228880405426025,0.25002211332321167,0.11375977098941803,0.07248923927545547,0.6301546250178944
fold0_seed43_controller2_full_eu-locality-048,mlp,43,full,12833,0.09056131702280258,0.39228880405426025,0.186341792345047,0.11375977098941803,0.057657405734062195,1.2520704159978777
fold0_seed43_controller2_full_eu-locality-067,linear,43,full,400,0.08425571778694138,0.4142128825187683,0.25088196992874146,0.12077910453081131,0.07422968745231628,0.6116712920193095
fold0_seed43_controller2_full_eu-locality-067,mlp,43,full,12833,0.08425571778694138,0.4142128825187683,0.17701861262321472,0.12077910453081131,0.054262224584817886,1.2603151249932125
fold0_seed43_controller2_motion_only_eu-locality-008,linear,43,motion_only,400,0.06846412963687132,0.26467034220695496,0.17187760770320892,0.06874343007802963,0.04869133606553078,0.5207229169900529
fold0_seed43_controller2_motion_only_eu-locality-008,mlp,43,motion_only,12833,0.06846412963687132,0.26467034220695496,0.06551434099674225,0.06874343007802963,0.015437811613082886,1.3542769170016982
fold0_seed43_controller2_motion_only_eu-locality-020,linear,43,motion_only,400,0.004346060730868274,0.02558249980211258,0.02496424876153469,0.00389118492603302,0.0038965351413935423,0.6248481660149992
fold0_seed43_controller2_motion_only_eu-locality-020,mlp,43,motion_only,12833,0.004346060730868274,0.02558249980211258,0.022726599127054214,0.00389118492603302,0.003881351090967655,1.500785750016803
fold0_seed43_controller2_motion_only_eu-locality-048,linear,43,motion_only,400,0.029463380310837936,0.15276660025119781,0.11604669690132141,0.03395269066095352,0.029712822288274765,0.6126986250164919
fold0_seed43_controller2_motion_only_eu-locality-048,mlp,43,motion_only,12833,0.029463380310837936,0.15276660025119781,0.05626673251390457,0.03395269066095352,0.009154458530247211,1.0551602499908768
fold0_seed43_controller2_motion_only_eu-locality-067,linear,43,motion_only,400,0.02974620783486184,0.17993754148483276,0.12932954728603363,0.041297271847724915,0.03475985676050186,0.608081874990603
fold0_seed43_controller2_motion_only_eu-locality-067,mlp,43,motion_only,12833,0.02974620783486184,0.17993754148483276,0.05150652304291725,0.041297271847724915,0.009872262366116047,1.2328246249817312
fold1_seed17_controller0_full_eu-locality-074,linear,17,full,400,0.06462842051639922,0.21295218169689178,0.14474095404148102,0.051795605570077896,0.03824982792139053,0.5159337089862674
fold1_seed17_controller0_full_eu-locality-074,mlp,17,full,12833,0.06462842051639922,0.21295218169689178,0.09272334724664688,0.051795605570077896,0.027614686638116837,0.878601083997637
fold1_seed17_controller0_full_eu-locality-082,linear,17,full,400,0.05189132618835689,0.22351953387260437,0.1693597286939621,0.055205438286066055,0.04210086911916733,0.6066334999923129
fold1_seed17_controller0_full_eu-locality-082,mlp,17,full,12833,0.05189132618835689,0.22351953387260437,0.14573557674884796,0.055205438286066055,0.039313171058893204,1.1287542910140473
fold1_seed17_controller0_full_eu-locality-112,linear,17,full,400,0.07479453408182134,0.25459447503089905,0.20132990181446075,0.06538873165845871,0.05089331790804863,0.585639416007325
fold1_seed17_controller0_full_eu-locality-112,mlp,17,full,12833,0.07479453408182134,0.25459447503089905,0.16066120564937592,0.06538873165845871,0.045025236904621124,1.2339245000039227
fold1_seed17_controller0_full_eu-locality-126,linear,17,full,400,0.06453155368198094,0.22338126599788666,0.1733628511428833,0.05519578605890274,0.04244685173034668,0.5778568329988047
fold1_seed17_controller0_full_eu-locality-126,mlp,17,full,12833,0.06453155368198094,0.22338126599788666,0.1293947398662567,0.05519578605890274,0.03458802029490471,1.0027263750089332
fold1_seed17_controller0_motion_only_eu-locality-074,linear,17,motion_only,400,0.006487353456465411,0.026162225753068924,0.023235566914081573,0.003897652728483081,0.003943133167922497,0.5047896250034682
fold1_seed17_controller0_motion_only_eu-locality-074,mlp,17,motion_only,12833,0.006487353456465411,0.026162225753068924,0.00478448998183012,0.003897652728483081,0.0015723457327112556,1.0940891669888515
fold1_seed17_controller0_motion_only_eu-locality-082,linear,17,motion_only,400,0.014527014487620064,0.09699911624193192,0.08414454758167267,0.01917482726275921,0.018789023160934448,0.6091427909850609
fold1_seed17_controller0_motion_only_eu-locality-082,mlp,17,motion_only,12833,0.014527014487620064,0.09699911624193192,0.08113172650337219,0.01917482726275921,0.018947945907711983,1.1226816660200711
fold1_seed17_controller0_motion_only_eu-locality-112,linear,17,motion_only,400,0.02198216081693997,0.0963541716337204,0.10064703226089478,0.01915578730404377,0.020441222935914993,0.6026263330131769
fold1_seed17_controller0_motion_only_eu-locality-112,mlp,17,motion_only,12833,0.02198216081693997,0.0963541716337204,0.08694685995578766,0.01915578730404377,0.019232474267482758,1.012151917006122
fold1_seed17_controller0_motion_only_eu-locality-126,linear,17,motion_only,400,0.019449813457679564,0.11152288317680359,0.10249471664428711,0.022904088720679283,0.022788701578974724,0.6053376669879071
fold1_seed17_controller0_motion_only_eu-locality-126,mlp,17,motion_only,12833,0.019449813457679564,0.11152288317680359,0.09245389699935913,0.022904088720679283,0.02204642817378044,1.6611937080160715
fold1_seed17_controller2_full_eu-locality-008,linear,17,full,400,0.12119440485622418,0.45422691106796265,0.30585476756095886,0.13898366689682007,0.08994913846254349,0.5133890420256648
fold1_seed17_controller2_full_eu-locality-008,mlp,17,full,12833,0.12119440485622418,0.45422691106796265,0.2160581648349762,0.13898366689682007,0.060255635529756546,1.3665789160004351
fold1_seed17_controller2_full_eu-locality-020,linear,17,full,400,0.025215626107525275,0.18257907032966614,0.12192697823047638,0.041437603533267975,0.03028319962322712,0.6276314160204493
fold1_seed17_controller2_full_eu-locality-020,mlp,17,full,12833,0.025215626107525275,0.18257907032966614,0.1047298014163971,0.041437603533267975,0.026883389800786972,1.6371722079929896
fold1_seed17_controller2_full_eu-locality-048,linear,17,full,400,0.08867894771572188,0.3203866183757782,0.14355230331420898,0.08820009231567383,0.037338871508836746,0.6297417919849977
fold1_seed17_controller2_full_eu-locality-048,mlp,17,full,12833,0.08867894771572188,0.3203866183757782,0.11082865297794342,0.08820009231567383,0.0304874200373888,1.0470327500079293
fold1_seed17_controller2_full_eu-locality-067,linear,17,full,400,0.08755578311634418,0.30220866203308105,0.14101219177246094,0.08177708089351654,0.03351240232586861,0.6151945829915348
fold1_seed17_controller2_full_eu-locality-067,mlp,17,full,12833,0.08755578311634418,0.30220866203308105,0.0912209078669548,0.08177708089351654,0.022580573335289955,1.2779943330097012
fold1_seed17_controller2_motion_only_eu-locality-008,linear,17,motion_only,400,0.04925047817238886,0.2470892071723938,0.18852154910564423,0.062290776520967484,0.05148802697658539,0.5290300829801708
fold1_seed17_controller2_motion_only_eu-locality-008,mlp,17,motion_only,12833,0.04925047817238886,0.2470892071723938,0.10753990709781647,0.062290776520967484,0.02567630261182785,1.8077558330260217
fold1_seed17_controller2_motion_only_eu-locality-020,linear,17,motion_only,400,0.004196943059014373,0.0042057037353515625,0.005065331235527992,1.76143366843462e-05,4.955324038746767e-05,0.6380504590051714
fold1_seed17_controller2_motion_only_eu-locality-020,mlp,17,motion_only,12833,0.004196943059014373,0.0042057037353515625,0.0034888535737991333,1.76143366843462e-05,8.927181625040248e-05,1.2615321250050329
fold1_seed17_controller2_motion_only_eu-locality-048,linear,17,motion_only,400,0.024250623150973094,0.16887617111206055,0.13281367719173431,0.03775601461529732,0.03496776148676872,0.615958167007193
fold1_seed17_controller2_motion_only_eu-locality-048,mlp,17,motion_only,12833,0.024250623150973094,0.16887617111206055,0.10249555855989456,0.03775601461529732,0.022830141708254814,1.35390595899662
fold1_seed17_controller2_motion_only_eu-locality-067,linear,17,motion_only,400,0.02089023216533735,0.09625528007745743,0.08398261666297913,0.019151629880070686,0.018987612798810005,0.6089610830240417
fold1_seed17_controller2_motion_only_eu-locality-067,mlp,17,motion_only,12833,0.02089023216533735,0.09625528007745743,0.04766399413347244,0.019151629880070686,0.012802551500499249,1.0898468749946915
fold1_seed29_controller0_full_eu-locality-074,linear,29,full,400,0.045347514817713375,0.26064956188201904,0.19737492501735687,0.06599190086126328,0.05646643787622452,0.5222243329917546
fold1_seed29_controller0_full_eu-locality-074,mlp,29,full,12833,0.045347514817713375,0.26064956188201904,0.15730956196784973,0.06599190086126328,0.050378747284412384,0.8914573340152856
fold1_seed29_controller0_full_eu-locality-082,linear,29,full,400,0.060928738540372035,0.24449731409549713,0.19610461592674255,0.062026455998420715,0.05362098664045334,0.5987704580184072
fold1_seed29_controller0_full_eu-locality-082,mlp,29,full,12833,0.060928738540372035,0.24449731409549713,0.17838065326213837,0.062026455998420715,0.050018198788166046,0.9897778750164434
fold1_seed29_controller0_full_eu-locality-112,linear,29,full,400,0.06006693443718389,0.2123563587665558,0.1570086032152176,0.051725711673498154,0.04142531380057335,0.6004405419807881
fold1_seed29_controller0_full_eu-locality-112,mlp,29,full,12833,0.06006693443718389,0.2123563587665558,0.13202674686908722,0.051725711673498154,0.03802492097020149,1.2011443749943282
fold1_seed29_controller0_full_eu-locality-126,linear,29,full,400,0.046491948520940705,0.18921063840389252,0.15145693719387054,0.04467788711190224,0.03919626399874687,0.5943513330130372
fold1_seed29_controller0_full_eu-locality-126,mlp,29,full,12833,0.046491948520940705,0.18921063840389252,0.13390952348709106,0.04467788711190224,0.03708883374929428,0.9615771250100806
fold1_seed29_controller0_motion_only_eu-locality-074,linear,29,motion_only,400,0.006979129453609838,0.06510332226753235,0.036054834723472595,0.011603884398937225,0.009569542482495308,0.5076325830013957
fold1_seed29_controller0_motion_only_eu-locality-074,mlp,29,motion_only,12833,0.006979129453609838,0.06510332226753235,0.0036235463339835405,0.011603884398937225,0.0005175929982215166,1.2042864999966696
fold1_seed29_controller0_motion_only_eu-locality-082,linear,29,motion_only,400,0.016149167686295166,0.09654686599969864,0.08010534197092056,0.01916121318936348,0.017669405788183212,0.5869859999802429
fold1_seed29_controller0_motion_only_eu-locality-082,mlp,29,motion_only,12833,0.016149167686295166,0.09654686599969864,0.0697532519698143,0.01916121318936348,0.017208166420459747,1.185819625010481
fold1_seed29_controller0_motion_only_eu-locality-112,linear,29,motion_only,400,0.01933840147709355,0.0808737650513649,0.07557198405265808,0.015394646674394608,0.015891820192337036,0.58270149998134
fold1_seed29_controller0_motion_only_eu-locality-112,mlp,29,motion_only,12833,0.01933840147709355,0.0808737650513649,0.05557166785001755,0.015394646674394608,0.012913485988974571,1.2624551669869106
fold1_seed29_controller0_motion_only_eu-locality-126,linear,29,motion_only,400,0.01986668509811463,0.09621214866638184,0.08524101227521896,0.019149893894791603,0.01909312792122364,0.5869817920029163
fold1_seed29_controller0_motion_only_eu-locality-126,mlp,29,motion_only,12833,0.01986668509811463,0.09621214866638184,0.06942260265350342,0.019149893894791603,0.016369665041565895,0.8858486249810085
fold1_seed29_controller2_full_eu-locality-008,linear,29,full,400,0.11223027894769377,0.35332658886909485,0.2478695809841156,0.10044972598552704,0.07384037971496582,0.5263232919969596
fold1_seed29_controller2_full_eu-locality-008,mlp,29,full,12833,0.11223027894769377,0.35332658886909485,0.15869727730751038,0.10044972598552704,0.04830893129110336,1.30086291700718
fold1_seed29_controller2_full_eu-locality-020,linear,29,full,400,0.0367063379978009,0.1522667557001114,0.1276661604642868,0.03392269089818001,0.03157321736216545,0.6407339579891413
fold1_seed29_controller2_full_eu-locality-020,mlp,29,full,12833,0.0367063379978009,0.1522667557001114,0.10956217348575592,0.03392269089818001,0.029598478227853775,0.9859432919765823
fold1_seed29_controller2_full_eu-locality-048,linear,29,full,400,0.08770317081686589,0.3205016553401947,0.22161759436130524,0.0882185846567154,0.06054828315973282,0.6708862500090618
fold1_seed29_controller2_full_eu-locality-048,mlp,29,full,12833,0.08770317081686589,0.3205016553401947,0.19018904864788055,0.0882185846567154,0.04563771188259125,1.2694393749989104
fold1_seed29_controller2_full_eu-locality-067,linear,29,full,400,0.07726118106919656,0.2838592231273651,0.209661602973938,0.07532487064599991,0.05653291195631027,0.6392030839924701
fold1_seed29_controller2_full_eu-locality-067,mlp,29,full,12833,0.07726118106919656,0.2838592231273651,0.15001940727233887,0.07532487064599991,0.041171759366989136,1.6724760000070091
fold1_seed29_controller2_motion_only_eu-locality-008,linear,29,motion_only,400,0.0695508864335294,0.23418855667114258,0.13526493310928345,0.058643460273742676,0.03667174652218819,0.5183921249990817
fold1_seed29_controller2_motion_only_eu-locality-008,mlp,29,motion_only,12833,0.0695508864335294,0.23418855667114258,0.06425490975379944,0.058643460273742676,0.018906645476818085,1.2792290420038626
fold1_seed29_controller2_motion_only_eu-locality-020,linear,29,motion_only,400,0.004417234143177129,0.02559029497206211,0.029121359810233116,0.003891250817105174,0.003931017126888037,0.6207724999985658
fold1_seed29_controller2_motion_only_eu-locality-020,mlp,29,motion_only,12833,0.004417234143177129,0.02559029497206211,0.028384197503328323,0.003891250817105174,0.003954790998250246,1.4788047089823522
fold1_seed29_controller2_motion_only_eu-locality-048,linear,29,motion_only,400,0.04445453411037929,0.17729304730892181,0.07868046313524246,0.04112464189529419,0.019721735268831253,0.6239674169919454
fold1_seed29_controller2_motion_only_eu-locality-048,mlp,29,motion_only,12833,0.04445453411037929,0.17729304730892181,0.033778395503759384,0.04112464189529419,0.007918787188827991,1.2462262499902863
fold1_seed29_controller2_motion_only_eu-locality-067,linear,29,motion_only,400,0.035050818063131435,0.1910834014415741,0.10653039067983627,0.044817548245191574,0.027203427627682686,0.6547247920243535
fold1_seed29_controller2_motion_only_eu-locality-067,mlp,29,motion_only,12833,0.035050818063131435,0.1910834014415741,0.07969006896018982,0.044817548245191574,0.01519419439136982,1.2758478749892674
fold1_seed43_controller0_full_eu-locality-074,linear,43,full,400,0.050622205284679665,0.2122603952884674,0.1412455439567566,0.05171329528093338,0.03518731892108917,0.5157763340102974
fold1_seed43_controller0_full_eu-locality-074,mlp,43,full,12833,0.050622205284679665,0.2122603952884674,0.1019948422908783,0.05171329528093338,0.025954533368349075,1.1915756250091363
fold1_seed43_controller0_full_eu-locality-082,linear,43,full,400,0.05599898034699704,0.22314317524433136,0.16629788279533386,0.055167246609926224,0.04196058213710785,0.5818031249800697
fold1_seed43_controller0_full_eu-locality-082,mlp,43,full,12833,0.05599898034699704,0.22314317524433136,0.13712427020072937,0.055167246609926224,0.035943325608968735,1.1971311670204159
fold1_seed43_controller0_full_eu-locality-112,linear,43,full,400,0.060880412074658594,0.2765650153160095,0.1991291344165802,0.07231885939836502,0.05516308918595314,0.5999489999958314
fold1_seed43_controller0_full_eu-locality-112,mlp,43,full,12833,0.060880412074658594,0.2765650153160095,0.16052214801311493,0.07231885939836502,0.04770088195800781,0.9510998330079019
fold1_seed43_controller0_full_eu-locality-126,linear,43,full,400,0.05110737020719568,0.2806915044784546,0.2207697182893753,0.07275143265724182,0.06099884957075119,0.5857786669803318
fold1_seed43_controller0_full_eu-locality-126,mlp,43,full,12833,0.05110737020719568,0.2806915044784546,0.19044052064418793,0.07275143265724182,0.05286334455013275,1.1360480419825763
fold1_seed43_controller0_motion_only_eu-locality-074,linear,43,motion_only,400,0.009765911479275222,0.11807259172201157,0.07089799642562866,0.02307509444653988,0.018499646335840225,0.504690333007602
fold1_seed43_controller0_motion_only_eu-locality-074,mlp,43,motion_only,12833,0.009765911479275222,0.11807259172201157,0.031755510717630386,0.02307509444653988,0.009084377437829971,1.3428885839821305
fold1_seed43_controller0_motion_only_eu-locality-082,linear,43,motion_only,400,0.017391403826415706,0.11209665238857269,0.09333840757608414,0.02292473614215851,0.021998895332217216,0.6077727079973556
fold1_seed43_controller0_motion_only_eu-locality-082,mlp,43,motion_only,12833,0.017391403826415706,0.11209665238857269,0.08085079491138458,0.02292473614215851,0.021504070609807968,1.063293542014435
fold1_seed43_controller0_motion_only_eu-locality-112,linear,43,motion_only,400,0.020982741892101704,0.12628379464149475,0.10488594323396683,0.026636535301804543,0.025166455656290054,0.5869414999906439
fold1_seed43_controller0_motion_only_eu-locality-112,mlp,43,motion_only,12833,0.020982741892101704,0.12628379464149475,0.08150625228881836,0.026636535301804543,0.02089119143784046,0.8746057090174872
fold1_seed43_controller0_motion_only_eu-locality-126,linear,43,motion_only,400,0.024024098856824376,0.15454939007759094,0.12637120485305786,0.034044213593006134,0.03067121095955372,0.5907467909855768
fold1_seed43_controller0_motion_only_eu-locality-126,mlp,43,motion_only,12833,0.024024098856824376,0.15454939007759094,0.09203800559043884,0.034044213593006134,0.024397555738687515,1.0529707499954384
fold1_seed43_controller2_full_eu-locality-008,linear,43,full,400,0.11425748218020193,0.321326345205307,0.1920650452375412,0.08839511126279831,0.05114701762795448,0.5204677080037072
fold1_seed43_controller2_full_eu-locality-008,mlp,43,full,12833,0.11425748218020193,0.321326345205307,0.12357582151889801,0.08839511126279831,0.03644490987062454,0.9685006249928847
fold1_seed43_controller2_full_eu-locality-020,linear,43,full,400,0.03326638136984309,0.09964043647050858,0.0684661865234375,0.019338436424732208,0.014544053003191948,0.6381037500104867
fold1_seed43_controller2_full_eu-locality-020,mlp,43,full,12833,0.03326638136984309,0.09964043647050858,0.05384819954633713,0.019338436424732208,0.013390759006142616,1.0276813749806024
fold1_seed43_controller2_full_eu-locality-048,linear,43,full,400,0.08824733822045915,0.2839478850364685,0.1834106594324112,0.07534076273441315,0.04693545401096344,0.6018317920097616
fold1_seed43_controller2_full_eu-locality-048,mlp,43,full,12833,0.08824733822045915,0.2839478850364685,0.1545044630765915,0.07534076273441315,0.03799930959939957,0.911929166992195
fold1_seed43_controller2_full_eu-locality-067,linear,43,full,400,0.09023332072211795,0.27509748935699463,0.14440757036209106,0.07216808944940567,0.03388478606939316,0.6135372080025263
fold1_seed43_controller2_full_eu-locality-067,mlp,43,full,12833,0.09023332072211795,0.27509748935699463,0.11533480882644653,0.07216808944940567,0.02426660805940628,1.1717527500004508
fold1_seed43_controller2_motion_only_eu-locality-008,linear,43,motion_only,400,0.05248861549181266,0.20083868503570557,0.1415266990661621,0.0482054278254509,0.03962817043066025,0.5112037080107257
fold1_seed43_controller2_motion_only_eu-locality-008,mlp,43,motion_only,12833,0.05248861549181266,0.20083868503570557,0.12776222825050354,0.0482054278254509,0.03320632129907608,0.9274493750126567
fold1_seed43_controller2_motion_only_eu-locality-020,linear,43,motion_only,400,0.004421997624697266,0.046749942004680634,0.04363564774394035,0.007762960158288479,0.007731541059911251,0.6125076249882113
fold1_seed43_controller2_motion_only_eu-locality-020,mlp,43,motion_only,12833,0.004421997624697266,0.046749942004680634,0.03298803046345711,0.007762960158288479,0.007505758665502071,1.1505688749894034
fold1_seed43_controller2_motion_only_eu-locality-048,linear,43,motion_only,400,0.030161590163009094,0.15263770520687103,0.10188377648591995,0.0339452363550663,0.025607163086533546,0.6058404579816852
fold1_seed43_controller2_motion_only_eu-locality-048,mlp,43,motion_only,12833,0.030161590163009094,0.15263770520687103,0.09884519875049591,0.0339452363550663,0.01949705183506012,1.1816185419738758
fold1_seed43_controller2_motion_only_eu-locality-067,linear,43,motion_only,400,0.022103590834894507,0.1259750872850418,0.07307489216327667,0.026623528450727463,0.01903574727475643,0.5972051249991637
fold1_seed43_controller2_motion_only_eu-locality-067,mlp,43,motion_only,12833,0.022103590834894507,0.1259750872850418,0.04537590220570564,0.026623528450727463,0.012892406433820724,1.0911156669899356
fold2_seed17_controller0_full_eu-locality-074,linear,17,full,400,0.06966606631499199,0.2544498145580292,0.16046318411827087,0.06536906957626343,0.04471726715564728,0.5230530420085415
fold2_seed17_controller0_full_eu-locality-074,mlp,17,full,12833,0.06966606631499199,0.2544498145580292,0.11734773963689804,0.06536906957626343,0.03709147125482559,1.4887390410003718
fold2_seed17_controller0_full_eu-locality-082,linear,17,full,400,0.0662782425176472,0.2752421796321869,0.22549016773700714,0.07216183841228485,0.0614437535405159,0.6048310420010239
fold2_seed17_controller0_full_eu-locality-082,mlp,17,full,12833,0.0662782425176472,0.2752421796321869,0.20010729134082794,0.07216183841228485,0.05567770451307297,0.9765197079977952
fold2_seed17_controller0_full_eu-locality-112,linear,17,full,400,0.08763172523521429,0.2839025557041168,0.23133043944835663,0.07533349841833115,0.06466534733772278,0.5859279579890426
fold2_seed17_controller0_full_eu-locality-112,mlp,17,full,12833,0.08763172523521429,0.2839025557041168,0.2077902853488922,0.07533349841833115,0.05790089815855026,1.1862072089861613
fold2_seed17_controller0_full_eu-locality-126,linear,17,full,400,0.06015852726379042,0.21236521005630493,0.15740421414375305,0.05172671377658844,0.04028210788965225,0.5772065840137657
fold2_seed17_controller0_full_eu-locality-126,mlp,17,full,12833,0.06015852726379042,0.21236521005630493,0.12697584927082062,0.05172671377658844,0.03205210715532303,1.2097212090156972
fold2_seed17_controller0_motion_only_eu-locality-074,linear,17,motion_only,400,0.005768810947643022,0.025900714099407196,0.0268551055341959,0.0038944592233747244,0.00394555414095521,0.5134242500062101
fold2_seed17_controller0_motion_only_eu-locality-074,mlp,17,motion_only,12833,0.005768810947643022,0.025900714099407196,0.01347512286156416,0.0038944592233747244,0.004105611704289913,1.2791776250232942
fold2_seed17_controller0_motion_only_eu-locality-082,linear,17,motion_only,400,0.016632858994946195,0.14426031708717346,0.12155455350875854,0.030487094074487686,0.0290490984916687,0.6240148750075605
fold2_seed17_controller0_motion_only_eu-locality-082,mlp,17,motion_only,12833,0.016632858994946195,0.14426031708717346,0.11436406522989273,0.030487094074487686,0.028649406507611275,1.7300770829897374
fold2_seed17_controller0_motion_only_eu-locality-112,linear,17,motion_only,400,0.017182152573013358,0.12797951698303223,0.11311598122119904,0.026699326932430267,0.025547651574015617,0.5888580000028014
fold2_seed17_controller0_motion_only_eu-locality-112,mlp,17,motion_only,12833,0.017182152573013358,0.12797951698303223,0.09591130912303925,0.026699326932430267,0.024573495611548424,0.957182708021719
fold2_seed17_controller0_motion_only_eu-locality-126,linear,17,motion_only,400,0.018332051945133154,0.15844528377056122,0.12668901681900024,0.034203335642814636,0.031968433409929276,0.5754585829854477
fold2_seed17_controller0_motion_only_eu-locality-126,mlp,17,motion_only,12833,0.018332051945133154,0.15844528377056122,0.1022731214761734,0.034203335642814636,0.028910014778375626,1.3039729169977363
fold2_seed17_controller1_full_eu-locality-007,linear,17,full,400,0.04954105330726369,0.154666930437088,0.11461961269378662,0.034127213060855865,0.02935732714831829,0.5253197920101229
fold2_seed17_controller1_full_eu-locality-007,mlp,17,full,12833,0.04954105330726369,0.154666930437088,0.090692900121212,0.034127213060855865,0.026602404192090034,1.3575988330121618
fold2_seed17_controller1_full_eu-locality-110,linear,17,full,400,0.051194098162656174,0.18940633535385132,0.14960788190364838,0.0446963869035244,0.03950253874063492,0.5250915419892408
fold2_seed17_controller1_full_eu-locality-110,mlp,17,full,12833,0.051194098162656174,0.18940633535385132,0.12878549098968506,0.0446963869035244,0.0353270024061203,1.543023208010709
fold2_seed17_controller1_full_eu-locality-119,linear,17,full,400,0.05610362279734643,0.15697839856147766,0.11872406303882599,0.034359075129032135,0.030309230089187622,0.5197412089910358
fold2_seed17_controller1_full_eu-locality-119,mlp,17,full,12833,0.05610362279734643,0.15697839856147766,0.1060844361782074,0.034359075129032135,0.03257153928279877,1.3100040830031503
fold2_seed17_controller1_full_eu-locality-124,linear,17,full,400,0.05934567778968998,0.21229194104671478,0.1622123122215271,0.05171848461031914,0.04586063325405121,0.5246240829874296
fold2_seed17_controller1_full_eu-locality-124,mlp,17,full,12833,0.05934567778968998,0.21229194104671478,0.1474258303642273,0.05171848461031914,0.04534043371677399,1.1507615000009537
fold2_seed17_controller1_motion_only_eu-locality-007,linear,17,motion_only,400,0.008119078710373099,0.06446513533592224,0.05032195895910263,0.01159437745809555,0.011067332699894905,0.5243865409865975
fold2_seed17_controller1_motion_only_eu-locality-007,mlp,17,motion_only,12833,0.008119078710373099,0.06446513533592224,0.029155630618333817,0.01159437745809555,0.007749018259346485,1.1313554999942426
fold2_seed17_controller1_motion_only_eu-locality-110,linear,17,motion_only,400,0.006816260926304208,0.04575853794813156,0.04047942906618118,0.007752454839646816,0.007591841742396355,0.5185762920009438
fold2_seed17_controller1_motion_only_eu-locality-110,mlp,17,motion_only,12833,0.006816260926304208,0.04575853794813156,0.021306399255990982,0.007752454839646816,0.006124057341367006,1.2392298750055488
fold2_seed17_controller1_motion_only_eu-locality-119,linear,17,motion_only,400,0.005179582839365537,0.025731662288308144,0.020188912749290466,0.003892612410709262,0.003730712691321969,0.5245653750025667
fold2_seed17_controller1_motion_only_eu-locality-119,mlp,17,motion_only,12833,0.005179582839365537,0.025731662288308144,0.011744166724383831,0.003892612410709262,0.0033146156929433346,1.3855509169807192
fold2_seed17_controller1_motion_only_eu-locality-124,linear,17,motion_only,400,0.006130422733296403,0.04590196534991264,0.034849267452955246,0.00775429792702198,0.007458331063389778,0.5158334159932565
fold2_seed17_controller1_motion_only_eu-locality-124,mlp,17,motion_only,12833,0.006130422733296403,0.04590196534991264,0.014531727880239487,0.00775429792702198,0.0043547931127250195,1.0594619589974172
fold2_seed29_controller0_full_eu-locality-074,linear,29,full,400,0.06462482174825852,0.22339048981666565,0.12332499027252197,0.05519690364599228,0.03409792482852936,0.5171140829916112
fold2_seed29_controller0_full_eu-locality-074,mlp,29,full,12833,0.06462482174825852,0.22339048981666565,0.0630660206079483,0.05519690364599228,0.019054124131798744,1.229930208006408
fold2_seed29_controller0_full_eu-locality-082,linear,29,full,400,0.049604840739116654,0.1546863317489624,0.10226204991340637,0.034129053354263306,0.024782977998256683,0.5885132910043467
fold2_seed29_controller0_full_eu-locality-082,mlp,29,full,12833,0.049604840739116654,0.1546863317489624,0.07832138985395432,0.034129053354263306,0.01971973106265068,0.9951393340015784
fold2_seed29_controller0_full_eu-locality-112,linear,29,full,400,0.07758727741317792,0.25482749938964844,0.16880621016025543,0.06542156636714935,0.04570555314421654,0.595785125013208
fold2_seed29_controller0_full_eu-locality-112,mlp,29,full,12833,0.07758727741317792,0.25482749938964844,0.12564805150032043,0.06542156636714935,0.03313932567834854,1.70091383298859
fold2_seed29_controller0_full_eu-locality-126,linear,29,full,400,0.06364035525755911,0.2548084855079651,0.15845990180969238,0.06541316211223602,0.04287028685212135,0.5872896669898182
fold2_seed29_controller0_full_eu-locality-126,mlp,29,full,12833,0.06364035525755911,0.2548084855079651,0.12162142992019653,0.06541316211223602,0.030374675989151,1.2179805840132758
fold2_seed29_controller0_motion_only_eu-locality-074,linear,29,motion_only,400,0.007301279298671123,0.026517009362578392,0.03494232892990112,0.0039025170262902975,0.004589670337736607,0.5194602500123437
fold2_seed29_controller0_motion_only_eu-locality-074,mlp,29,motion_only,12833,0.007301279298671123,0.026517009362578392,0.01665722206234932,0.0039025170262902975,0.0037639308720827103,1.2195434999885038
fold2_seed29_controller0_motion_only_eu-locality-082,linear,29,motion_only,400,0.016469935042293084,0.09648251533508301,0.09156571328639984,0.01915915124118328,0.01897556148469448,0.6019754590233788
fold2_seed29_controller0_motion_only_eu-locality-082,mlp,29,motion_only,12833,0.016469935042293084,0.09648251533508301,0.08156715333461761,0.01915915124118328,0.01844046823680401,1.2299727500067092
fold2_seed29_controller0_motion_only_eu-locality-112,linear,29,motion_only,400,0.01609892138727121,0.1286887228488922,0.11499489843845367,0.026722513139247894,0.025998897850513458,0.6386767500080168
fold2_seed29_controller0_motion_only_eu-locality-112,mlp,29,motion_only,12833,0.01609892138727121,0.1286887228488922,0.08414245396852493,0.026722513139247894,0.02161233127117157,1.503626332996646
fold2_seed29_controller0_motion_only_eu-locality-126,linear,29,motion_only,400,0.01725197990705237,0.12793771922588348,0.09894191473722458,0.026697909459471703,0.025208760052919388,0.6152590000128839
fold2_seed29_controller0_motion_only_eu-locality-126,mlp,29,motion_only,12833,0.01725197990705237,0.12793771922588348,0.06991814821958542,0.026697909459471703,0.02012263610959053,0.8821338330162689
fold2_seed29_controller1_full_eu-locality-007,linear,29,full,400,0.022891839996384753,0.0671478807926178,0.03944006562232971,0.011706260032951832,0.008936840109527111,0.5403759169857949
fold2_seed29_controller1_full_eu-locality-007,mlp,29,full,12833,0.022891839996384753,0.0671478807926178,0.019837575033307076,0.011706260032951832,0.0052628787234425545,1.6882931659929454
fold2_seed29_controller1_full_eu-locality-110,linear,29,full,400,0.041388878165490584,0.10364613682031631,0.0668383315205574,0.019627535715699196,0.01579306833446026,0.5317003329982981
fold2_seed29_controller1_full_eu-locality-110,mlp,29,full,12833,0.041388878165490584,0.10364613682031631,0.03953772783279419,0.019627535715699196,0.011336356401443481,1.096450500015635
fold2_seed29_controller1_full_eu-locality-119,linear,29,full,400,0.0325466944847635,0.12583798170089722,0.06208581477403641,0.026623141020536423,0.016211992129683495,0.526392208004836
fold2_seed29_controller1_full_eu-locality-119,mlp,29,full,12833,0.0325466944847635,0.12583798170089722,0.03720809519290924,0.026623141020536423,0.01132773794233799,1.1518161669955589
fold2_seed29_controller1_full_eu-locality-124,linear,29,full,400,0.0413754505483324,0.1404687464237213,0.08739667385816574,0.030375955626368523,0.02348984219133854,0.531734874995891
fold2_seed29_controller1_full_eu-locality-124,mlp,29,full,12833,0.0413754505483324,0.1404687464237213,0.06072216480970383,0.030375955626368523,0.01807214319705963,1.7366882910137065
fold2_seed29_controller1_motion_only_eu-locality-007,linear,29,motion_only,400,0.00599142917341558,0.025976046919822693,0.022160816937685013,0.0038953383918851614,0.003921106457710266,0.5163177499780431
fold2_seed29_controller1_motion_only_eu-locality-007,mlp,29,motion_only,12833,0.00599142917341558,0.025976046919822693,0.013574960641562939,0.0038953383918851614,0.0037074065767228603,1.0106321669882163
fold2_seed29_controller1_motion_only_eu-locality-110,linear,29,motion_only,400,0.006407170189298168,0.006427764892578125,0.0077478401362895966,4.105181869817898e-05,0.00012897058331873268,0.5151634160138201
fold2_seed29_controller1_motion_only_eu-locality-110,mlp,29,motion_only,12833,0.006407170189298168,0.006427764892578125,0.002214825712144375,4.105181869817898e-05,8.697027806192636e-05,1.2649979999987409
fold2_seed29_controller1_motion_only_eu-locality-119,linear,29,motion_only,400,0.004252924647807297,0.004261970520019531,0.006517021916806698,1.80873648787383e-05,0.0001396599691361189,0.520497166988207
fold2_seed29_controller1_motion_only_eu-locality-119,mlp,29,motion_only,12833,0.004252924647807297,0.004261970520019531,0.0021913032978773117,1.80873648787383e-05,0.00010240382835036144,1.6427444580185693
fold2_seed29_controller1_motion_only_eu-locality-124,linear,29,motion_only,400,0.00590420381987861,0.025945939123630524,0.027717195451259613,0.0038949837908148766,0.003992797341197729,0.5274394169973675
fold2_seed29_controller1_motion_only_eu-locality-124,mlp,29,motion_only,12833,0.00590420381987861,0.025945939123630524,0.017729196697473526,0.0038949837908148766,0.003927957266569138,1.195469708996825
fold2_seed43_controller0_full_eu-locality-074,linear,43,full,400,0.055983444135498425,0.17900195717811584,0.1151207983493805,0.041291818022727966,0.028931424021720886,0.5141169590060599
fold2_seed43_controller0_full_eu-locality-074,mlp,43,full,12833,0.055983444135498425,0.17900195717811584,0.0837002694606781,0.041291818022727966,0.021673543378710747,0.9495034169813152
fold2_seed43_controller0_full_eu-locality-082,linear,43,full,400,0.05858467237838576,0.24477519094944,0.1723695993423462,0.06205763667821884,0.04807123914361,0.5918763749941718
fold2_seed43_controller0_full_eu-locality-082,mlp,43,full,12833,0.05858467237838576,0.24477519094944,0.14760254323482513,0.06205763667821884,0.0435125008225441,1.0408400000014808
fold2_seed43_controller0_full_eu-locality-112,linear,43,full,400,0.07794567755254539,0.28381699323654175,0.21166667342185974,0.07531880587339401,0.05740807205438614,0.5919659170031082
fold2_seed43_controller0_full_eu-locality-112,mlp,43,full,12833,0.07794567755254539,0.28381699323654175,0.17213118076324463,0.07531880587339401,0.045215681195259094,0.9790355000004638
fold2_seed43_controller0_full_eu-locality-126,linear,43,full,400,0.048229319443784294,0.22417856752872467,0.13688305020332336,0.05526794493198395,0.032392337918281555,0.5698747919814195
fold2_seed43_controller0_full_eu-locality-126,mlp,43,full,12833,0.048229319443784294,0.22417856752872467,0.11996430158615112,0.05526794493198395,0.02612694352865219,1.4699230830010492
fold2_seed43_controller0_motion_only_eu-locality-074,linear,43,motion_only,400,0.005494697484246541,0.005509853363037109,0.007768217474222183,3.019170071638655e-05,0.0001990302262129262,0.5221091669809539
fold2_seed43_controller0_motion_only_eu-locality-074,mlp,43,motion_only,12833,0.005494697484246541,0.005509853363037109,0.0026076356880366802,3.019170071638655e-05,0.00019749117200262845,1.3376245420076884
fold2_seed43_controller0_motion_only_eu-locality-082,linear,43,motion_only,400,0.016484088735814084,0.08050812780857086,0.06850741803646088,0.01538159791380167,0.015057631768286228,0.6092683329770807
fold2_seed43_controller0_motion_only_eu-locality-082,mlp,43,motion_only,12833,0.016484088735814084,0.08050812780857086,0.06104975938796997,0.01538159791380167,0.014760998077690601,1.3688473329821136
fold2_seed43_controller0_motion_only_eu-locality-112,linear,43,motion_only,400,0.019932060688735702,0.11142941564321518,0.08189555257558823,0.022900469601154327,0.0188697911798954,0.5771234999992885
fold2_seed43_controller0_motion_only_eu-locality-112,mlp,43,motion_only,12833,0.019932060688735702,0.11142941564321518,0.06276009976863861,0.022900469601154327,0.01627899892628193,1.1701706250023562
fold2_seed43_controller0_motion_only_eu-locality-126,linear,43,motion_only,400,0.02147760655256503,0.11122015118598938,0.07865048944950104,0.022892026230692863,0.018404962494969368,0.5839120830059983
fold2_seed43_controller0_motion_only_eu-locality-126,mlp,43,motion_only,12833,0.02147760655256503,0.11122015118598938,0.057485103607177734,0.022892026230692863,0.015079428441822529,1.4021806659875438
fold2_seed43_controller1_full_eu-locality-007,linear,43,full,400,0.04337733408072808,0.2376883327960968,0.15728794038295746,0.05895943194627762,0.045723557472229004,0.5279688329901546
fold2_seed43_controller1_full_eu-locality-007,mlp,43,full,12833,0.04337733408072808,0.2376883327960968,0.12345322966575623,0.05895943194627762,0.03774376958608627,0.9328061249980237
fold2_seed43_controller1_full_eu-locality-110,linear,43,full,400,0.04938867456606205,0.1777251958847046,0.12783598899841309,0.04116365686058998,0.03238344192504883,0.5158585000026505
fold2_seed43_controller1_full_eu-locality-110,mlp,43,full,12833,0.04938867456606205,0.1777251958847046,0.10936857759952545,0.04116365686058998,0.028731733560562134,1.0417998749762774
fold2_seed43_controller1_full_eu-locality-119,linear,43,full,400,0.05349287720860365,0.20088288187980652,0.12360921502113342,0.048209868371486664,0.0359979048371315,0.5199230000143871
fold2_seed43_controller1_full_eu-locality-119,mlp,43,full,12833,0.05349287720860365,0.20088288187980652,0.08256622403860092,0.048209868371486664,0.026052184402942657,1.0070701660006307
fold2_seed43_controller1_full_eu-locality-124,linear,43,full,400,0.05588857419725934,0.256276398897171,0.17019356787204742,0.0655766949057579,0.04923215135931969,0.5205674580065534
fold2_seed43_controller1_full_eu-locality-124,mlp,43,full,12833,0.05588857419725934,0.256276398897171,0.1429215371608734,0.0655766949057579,0.04123590141534805,1.010717500001192
fold2_seed43_controller1_motion_only_eu-locality-007,linear,43,motion_only,400,0.005736709376972314,0.025890212506055832,0.027890538796782494,0.0038943414110690355,0.004100061021745205,0.5169608749856707
fold2_seed43_controller1_motion_only_eu-locality-007,mlp,43,motion_only,12833,0.005736709376972314,0.025890212506055832,0.02632838487625122,0.0038943414110690355,0.0043195681646466255,1.146023042005254
fold2_seed43_controller1_motion_only_eu-locality-110,linear,43,motion_only,400,0.005280765708555887,0.0052947998046875,0.006710485555231571,2.788648271234706e-05,9.62599806371145e-05,0.5099428750108927
fold2_seed43_controller1_motion_only_eu-locality-110,mlp,43,motion_only,12833,0.005280765708555887,0.0052947998046875,0.002033079043030739,2.788648271234706e-05,4.2363953980384395e-05,1.6358166669961065
fold2_seed43_controller1_motion_only_eu-locality-119,linear,43,motion_only,400,0.004437240733226523,0.004446983337402344,0.005609298124909401,1.968911601579748e-05,0.00015043940220493823,0.5203422920021694
fold2_seed43_controller1_motion_only_eu-locality-119,mlp,43,motion_only,12833,0.004437240733226523,0.004446983337402344,0.0021513309329748154,1.968911601579748e-05,0.00015265325782820582,1.4907763329974841
fold2_seed43_controller1_motion_only_eu-locality-124,linear,43,motion_only,400,0.006098574641205654,0.02601415291428566,0.02082589641213417,0.003895797533914447,0.0037493302952498198,0.5416000419936609
fold2_seed43_controller1_motion_only_eu-locality-124,mlp,43,motion_only,12833,0.006098574641205654,0.02601415291428566,0.011795807629823685,0.003895797533914447,0.0030221017077565193,1.0730197500088252
