trial,step,bce,gradient_norm
mask_only_bookstore_seed17,1,0.6923683285713196,0.13237492740154266
mask_only_bookstore_seed17,100,0.6697515249252319,0.12865975499153137
mask_only_bookstore_seed17,200,0.6590834856033325,0.14790163934230804
mask_only_bookstore_seed17,300,0.6906096339225769,0.2024776041507721
mask_only_bookstore_seed17,400,0.679187536239624,0.2632512152194977
mask_only_bookstore_seed17,500,0.6365342736244202,0.27993372082710266
mask_only_bookstore_seed17,600,0.678649365901947,0.3369040787220001
mask_only_bookstore_seed17,700,0.6540844440460205,0.30489468574523926
mask_only_bookstore_seed17,800,0.6399979591369629,0.38342660665512085
mask_only_bookstore_seed17,900,0.6012721657752991,0.36376169323921204
mask_only_bookstore_seed17,1000,0.6137365102767944,0.41280466318130493
mask_only_bookstore_seed17,1100,0.6501811742782593,0.5190028548240662
mask_only_bookstore_seed17,1200,0.6722451448440552,0.5189540386199951
mask_only_bookstore_seed17,1300,0.6519957184791565,0.4798904061317444
mask_only_bookstore_seed17,1400,0.6567520499229431,0.42257410287857056
mask_only_bookstore_seed17,1500,0.6367060542106628,0.5169200301170349
mask_only_bookstore_seed17,1600,0.5921034812927246,0.5824556350708008
mask_only_bookstore_seed17,1700,0.5353347063064575,0.5702211856842041
mask_only_bookstore_seed17,1800,0.5917426943778992,0.545407235622406
mask_only_bookstore_seed17,1900,0.5853959918022156,0.6702836751937866
mask_only_bookstore_seed17,2000,0.5889161825180054,0.6979094743728638
past_rgb_bookstore_seed17,1,0.6922910809516907,0.1322341114282608
past_rgb_bookstore_seed17,100,0.6698799133300781,0.12900684773921967
past_rgb_bookstore_seed17,200,0.6591218709945679,0.14951123297214508
past_rgb_bookstore_seed17,300,0.6895031929016113,0.20525133609771729
past_rgb_bookstore_seed17,400,0.6818158030509949,0.2657133638858795
past_rgb_bookstore_seed17,500,0.6344529390335083,0.2945328652858734
past_rgb_bookstore_seed17,600,0.6738834977149963,0.3539334535598755
past_rgb_bookstore_seed17,700,0.6427492499351501,0.34339505434036255
past_rgb_bookstore_seed17,800,0.6240541338920593,0.42434701323509216
past_rgb_bookstore_seed17,900,0.5674148201942444,0.4166174530982971
past_rgb_bookstore_seed17,1000,0.6070643663406372,0.48668035864830017
past_rgb_bookstore_seed17,1100,0.6231468915939331,0.6682522892951965
past_rgb_bookstore_seed17,1200,0.6907281875610352,0.6574464440345764
past_rgb_bookstore_seed17,1300,0.6179556846618652,0.5590862035751343
past_rgb_bookstore_seed17,1400,0.6484396457672119,0.611942708492279
past_rgb_bookstore_seed17,1500,0.6578239798545837,0.6216368079185486
past_rgb_bookstore_seed17,1600,0.5384936928749084,0.7292996644973755
past_rgb_bookstore_seed17,1700,0.5310761332511902,0.7443010210990906
past_rgb_bookstore_seed17,1800,0.5538307428359985,0.7768356204032898
past_rgb_bookstore_seed17,1900,0.5562469959259033,0.7008798718452454
past_rgb_bookstore_seed17,2000,0.5773766040802002,0.7585979104042053
mask_only_bookstore_seed29,1,0.6786479949951172,0.11731982231140137
mask_only_bookstore_seed29,100,0.6875614523887634,0.11923279613256454
mask_only_bookstore_seed29,200,0.6698077321052551,0.1149139553308487
mask_only_bookstore_seed29,300,0.6572959423065186,0.2100207507610321
mask_only_bookstore_seed29,400,0.6671127080917358,0.23643040657043457
mask_only_bookstore_seed29,500,0.66710364818573,0.2967256009578705
mask_only_bookstore_seed29,600,0.5982674360275269,0.33216169476509094
mask_only_bookstore_seed29,700,0.6765166521072388,0.3867853283882141
mask_only_bookstore_seed29,800,0.6360050439834595,0.31129327416419983
mask_only_bookstore_seed29,900,0.6094933152198792,0.3158867657184601
mask_only_bookstore_seed29,1000,0.6622580885887146,0.607511043548584
mask_only_bookstore_seed29,1100,0.6507511138916016,0.644589364528656
mask_only_bookstore_seed29,1200,0.6419318318367004,0.4662327766418457
mask_only_bookstore_seed29,1300,0.6395125389099121,0.568474292755127
mask_only_bookstore_seed29,1400,0.6560465097427368,0.6015070676803589
mask_only_bookstore_seed29,1500,0.6206759214401245,0.4637400507926941
mask_only_bookstore_seed29,1600,0.6627106666564941,0.5656192898750305
mask_only_bookstore_seed29,1700,0.5441652536392212,0.5730026960372925
mask_only_bookstore_seed29,1800,0.5409079790115356,0.6634374260902405
mask_only_bookstore_seed29,1900,0.5675970315933228,0.711661696434021
mask_only_bookstore_seed29,2000,0.6886876821517944,0.7555091977119446
past_rgb_bookstore_seed29,1,0.678642988204956,0.11736845225095749
past_rgb_bookstore_seed29,100,0.6874942779541016,0.11918184161186218
past_rgb_bookstore_seed29,200,0.6691621541976929,0.1154923290014267
past_rgb_bookstore_seed29,300,0.6550403833389282,0.21146123111248016
past_rgb_bookstore_seed29,400,0.6582107543945312,0.25338873267173767
past_rgb_bookstore_seed29,500,0.6191936135292053,0.3858499526977539
past_rgb_bookstore_seed29,600,0.5887179970741272,0.39990881085395813
past_rgb_bookstore_seed29,700,0.6440221071243286,0.42549392580986023
past_rgb_bookstore_seed29,800,0.614243745803833,0.5839740633964539
past_rgb_bookstore_seed29,900,0.6119929552078247,0.47039011120796204
past_rgb_bookstore_seed29,1000,0.6247788667678833,0.6418454647064209
past_rgb_bookstore_seed29,1100,0.6089200973510742,0.701892077922821
past_rgb_bookstore_seed29,1200,0.5985773801803589,0.6547423601150513
past_rgb_bookstore_seed29,1300,0.6290332078933716,0.7096778750419617
past_rgb_bookstore_seed29,1400,0.6317899227142334,0.742922306060791
past_rgb_bookstore_seed29,1500,0.5541732311248779,0.6249310970306396
past_rgb_bookstore_seed29,1600,0.6733258962631226,0.778274416923523
past_rgb_bookstore_seed29,1700,0.5848478674888611,0.7761335372924805
past_rgb_bookstore_seed29,1800,0.4949660301208496,1.0280197858810425
past_rgb_bookstore_seed29,1900,0.44108617305755615,0.8494246602058411
past_rgb_bookstore_seed29,2000,0.6605526208877563,1.1176198720932007
mask_only_bookstore_seed43,1,0.6875243186950684,0.093243308365345
mask_only_bookstore_seed43,100,0.6392662525177002,0.24054674804210663
mask_only_bookstore_seed43,200,0.6511399149894714,0.17674069106578827
mask_only_bookstore_seed43,300,0.6575868129730225,0.16574734449386597
mask_only_bookstore_seed43,400,0.6664950847625732,0.23757614195346832
mask_only_bookstore_seed43,500,0.6837260127067566,0.2685949504375458
mask_only_bookstore_seed43,600,0.655576765537262,0.399934858083725
mask_only_bookstore_seed43,700,0.6720994710922241,0.26234331727027893
mask_only_bookstore_seed43,800,0.6747206449508667,0.38373419642448425
mask_only_bookstore_seed43,900,0.6287052631378174,0.33729180693626404
mask_only_bookstore_seed43,1000,0.612746000289917,0.4253273606300354
mask_only_bookstore_seed43,1100,0.6470942497253418,0.5006482005119324
mask_only_bookstore_seed43,1200,0.6590448617935181,0.43071308732032776
mask_only_bookstore_seed43,1300,0.600623369216919,0.49517157673835754
mask_only_bookstore_seed43,1400,0.5916261076927185,0.4492631256580353
mask_only_bookstore_seed43,1500,0.6106154918670654,0.7179697751998901
mask_only_bookstore_seed43,1600,0.6422000527381897,0.41869890689849854
mask_only_bookstore_seed43,1700,0.6308314800262451,0.886609673500061
mask_only_bookstore_seed43,1800,0.6633554697036743,0.7155560851097107
mask_only_bookstore_seed43,1900,0.5557892322540283,0.5922234058380127
mask_only_bookstore_seed43,2000,0.5731686949729919,0.83298259973526
past_rgb_bookstore_seed43,1,0.6875465512275696,0.09317874908447266
past_rgb_bookstore_seed43,100,0.6396474838256836,0.24195733666419983
past_rgb_bookstore_seed43,200,0.6511582732200623,0.17661771178245544
past_rgb_bookstore_seed43,300,0.6578575968742371,0.16555313766002655
past_rgb_bookstore_seed43,400,0.6664416790008545,0.2379104048013687
past_rgb_bookstore_seed43,500,0.6825990676879883,0.2685248851776123
past_rgb_bookstore_seed43,600,0.6550403237342834,0.4005142152309418
past_rgb_bookstore_seed43,700,0.6743023991584778,0.27911829948425293
past_rgb_bookstore_seed43,800,0.6657537221908569,0.389254629611969
past_rgb_bookstore_seed43,900,0.6212772727012634,0.3882443606853485
past_rgb_bookstore_seed43,1000,0.6108573079109192,0.4283101260662079
past_rgb_bookstore_seed43,1100,0.6152609586715698,0.5547308921813965
past_rgb_bookstore_seed43,1200,0.6709048748016357,0.4604957103729248
past_rgb_bookstore_seed43,1300,0.559331476688385,0.5055351257324219
past_rgb_bookstore_seed43,1400,0.5872507095336914,0.6367543935775757
past_rgb_bookstore_seed43,1500,0.5996602773666382,0.972721517086029
past_rgb_bookstore_seed43,1600,0.5830821990966797,0.4479457139968872
past_rgb_bookstore_seed43,1700,0.6109819412231445,1.0963693857192993
past_rgb_bookstore_seed43,1800,0.6483142375946045,0.8267253637313843
past_rgb_bookstore_seed43,1900,0.5284428596496582,0.6805241107940674
past_rgb_bookstore_seed43,2000,0.5059361457824707,0.9098143577575684
mask_only_coupa_seed17,1,0.6949522495269775,0.09229033440351486
mask_only_coupa_seed17,100,0.6553959250450134,0.1753482222557068
mask_only_coupa_seed17,200,0.6490408778190613,0.19617874920368195
mask_only_coupa_seed17,300,0.6466845870018005,0.23579281568527222
mask_only_coupa_seed17,400,0.6395630836486816,0.2791745066642761
mask_only_coupa_seed17,500,0.6181501150131226,0.31198617815971375
mask_only_coupa_seed17,600,0.6580253839492798,0.2723267078399658
mask_only_coupa_seed17,700,0.7195549607276917,0.477978378534317
mask_only_coupa_seed17,800,0.6620227694511414,0.4045974016189575
mask_only_coupa_seed17,900,0.640681803226471,0.39255326986312866
mask_only_coupa_seed17,1000,0.6050698161125183,0.3169727027416229
mask_only_coupa_seed17,1100,0.6190113425254822,0.4029695987701416
mask_only_coupa_seed17,1200,0.6331037282943726,0.4379018545150757
mask_only_coupa_seed17,1300,0.6003087162971497,0.3687523305416107
mask_only_coupa_seed17,1400,0.6243881583213806,0.41517770290374756
mask_only_coupa_seed17,1500,0.6628177762031555,0.4089931845664978
mask_only_coupa_seed17,1600,0.6494790315628052,0.46910497546195984
mask_only_coupa_seed17,1700,0.6342372894287109,0.42427971959114075
mask_only_coupa_seed17,1800,0.6513509750366211,0.448169469833374
mask_only_coupa_seed17,1900,0.6336110830307007,0.5888271331787109
mask_only_coupa_seed17,2000,0.5732543468475342,0.5116491317749023
past_rgb_coupa_seed17,1,0.6949697732925415,0.09242402762174606
past_rgb_coupa_seed17,100,0.6567866802215576,0.17456939816474915
past_rgb_coupa_seed17,200,0.649074912071228,0.19763275980949402
past_rgb_coupa_seed17,300,0.6459017395973206,0.2387249916791916
past_rgb_coupa_seed17,400,0.6345555186271667,0.29385048151016235
past_rgb_coupa_seed17,500,0.6128653287887573,0.33505332469940186
past_rgb_coupa_seed17,600,0.643631100654602,0.2929706573486328
past_rgb_coupa_seed17,700,0.7100867629051208,0.6222897171974182
past_rgb_coupa_seed17,800,0.6626907587051392,0.47550368309020996
past_rgb_coupa_seed17,900,0.6222256422042847,0.43397265672683716
past_rgb_coupa_seed17,1000,0.606348991394043,0.337037593126297
past_rgb_coupa_seed17,1100,0.6201058030128479,0.4853057861328125
past_rgb_coupa_seed17,1200,0.6245992183685303,0.4572735130786896
past_rgb_coupa_seed17,1300,0.5738665461540222,0.39176326990127563
past_rgb_coupa_seed17,1400,0.5841289758682251,0.4492587745189667
past_rgb_coupa_seed17,1500,0.6600392460823059,0.4523871839046478
past_rgb_coupa_seed17,1600,0.6763512492179871,0.5262464880943298
past_rgb_coupa_seed17,1700,0.6244420409202576,0.47746336460113525
past_rgb_coupa_seed17,1800,0.6123254895210266,0.6252161264419556
past_rgb_coupa_seed17,1900,0.6244600415229797,0.6503297686576843
past_rgb_coupa_seed17,2000,0.5530881881713867,0.5990952253341675
mask_only_coupa_seed29,1,0.6850875020027161,0.10060249269008636
mask_only_coupa_seed29,100,0.6536664962768555,0.15150056779384613
mask_only_coupa_seed29,200,0.6463478207588196,0.16384875774383545
mask_only_coupa_seed29,300,0.6609109044075012,0.1387079656124115
mask_only_coupa_seed29,400,0.6850987672805786,0.20829829573631287
mask_only_coupa_seed29,500,0.6659150123596191,0.24101416766643524
mask_only_coupa_seed29,600,0.7152358293533325,0.41667044162750244
mask_only_coupa_seed29,700,0.6485857367515564,0.3745366334915161
mask_only_coupa_seed29,800,0.6169332265853882,0.4082704186439514
mask_only_coupa_seed29,900,0.6490956544876099,0.2641347348690033
mask_only_coupa_seed29,1000,0.6127496361732483,0.3844718337059021
mask_only_coupa_seed29,1100,0.5955051779747009,0.41187480092048645
mask_only_coupa_seed29,1200,0.5890538096427917,0.5406614542007446
mask_only_coupa_seed29,1300,0.6421554088592529,0.4427761733531952
mask_only_coupa_seed29,1400,0.5778777003288269,0.4609513282775879
mask_only_coupa_seed29,1500,0.6354320645332336,0.5467820167541504
mask_only_coupa_seed29,1600,0.5607715249061584,0.4431057870388031
mask_only_coupa_seed29,1700,0.5805184841156006,0.5004841685295105
mask_only_coupa_seed29,1800,0.6556922197341919,0.5340242385864258
mask_only_coupa_seed29,1900,0.5753239393234253,0.5999951362609863
mask_only_coupa_seed29,2000,0.5691856145858765,0.5080480575561523
past_rgb_coupa_seed29,1,0.685080349445343,0.10064040124416351
past_rgb_coupa_seed29,100,0.6539338827133179,0.1517360806465149
past_rgb_coupa_seed29,200,0.6458127498626709,0.16462905704975128
past_rgb_coupa_seed29,300,0.6616798043251038,0.1423860788345337
past_rgb_coupa_seed29,400,0.6800695657730103,0.2390819787979126
past_rgb_coupa_seed29,500,0.6585074663162231,0.29728826880455017
past_rgb_coupa_seed29,600,0.6962929964065552,0.41767850518226624
past_rgb_coupa_seed29,700,0.6322270631790161,0.4162343740463257
past_rgb_coupa_seed29,800,0.5810331702232361,0.4240204393863678
past_rgb_coupa_seed29,900,0.6296421885490417,0.2883365750312805
past_rgb_coupa_seed29,1000,0.6092311143875122,0.4133547842502594
past_rgb_coupa_seed29,1100,0.5775582790374756,0.478983998298645
past_rgb_coupa_seed29,1200,0.5893511176109314,0.5971068739891052
past_rgb_coupa_seed29,1300,0.6328134536743164,0.7716034054756165
past_rgb_coupa_seed29,1400,0.5372233390808105,0.5648825764656067
past_rgb_coupa_seed29,1500,0.588290274143219,0.7579638361930847
past_rgb_coupa_seed29,1600,0.5509616732597351,0.5143528580665588
past_rgb_coupa_seed29,1700,0.5593630075454712,0.6857574582099915
past_rgb_coupa_seed29,1800,0.66764235496521,0.7607406973838806
past_rgb_coupa_seed29,1900,0.5572330951690674,0.660407543182373
past_rgb_coupa_seed29,2000,0.5320162177085876,0.5604987144470215
mask_only_coupa_seed43,1,0.6964146494865417,0.10982941091060638
mask_only_coupa_seed43,100,0.6633573770523071,0.17403389513492584
mask_only_coupa_seed43,200,0.6834820508956909,0.17556136846542358
mask_only_coupa_seed43,300,0.6671498417854309,0.2127438634634018
mask_only_coupa_seed43,400,0.6796250343322754,0.18604426085948944
mask_only_coupa_seed43,500,0.6303273439407349,0.22446565330028534
mask_only_coupa_seed43,600,0.6723445653915405,0.2863089442253113
mask_only_coupa_seed43,700,0.6597954034805298,0.33151158690452576
mask_only_coupa_seed43,800,0.6395089626312256,0.34865841269493103
mask_only_coupa_seed43,900,0.6947292685508728,0.3829025328159332
mask_only_coupa_seed43,1000,0.6080042123794556,0.3576143980026245
mask_only_coupa_seed43,1100,0.6445538401603699,0.3416646122932434
mask_only_coupa_seed43,1200,0.6632995009422302,0.48444947600364685
mask_only_coupa_seed43,1300,0.5920363068580627,0.3277309834957123
mask_only_coupa_seed43,1400,0.6084694266319275,0.3969358205795288
mask_only_coupa_seed43,1500,0.6573264598846436,0.6471866369247437
mask_only_coupa_seed43,1600,0.616419792175293,0.3599493205547333
mask_only_coupa_seed43,1700,0.5564284920692444,0.4848487079143524
mask_only_coupa_seed43,1800,0.5997488498687744,0.4297838807106018
mask_only_coupa_seed43,1900,0.5665343999862671,0.5577141046524048
mask_only_coupa_seed43,2000,0.5709927082061768,0.5858950018882751
past_rgb_coupa_seed43,1,0.6964189410209656,0.10975635796785355
past_rgb_coupa_seed43,100,0.6637125015258789,0.1748235672712326
past_rgb_coupa_seed43,200,0.6841825246810913,0.1764763593673706
past_rgb_coupa_seed43,300,0.6672070622444153,0.21606646478176117
past_rgb_coupa_seed43,400,0.6762825846672058,0.19044014811515808
past_rgb_coupa_seed43,500,0.626276969909668,0.23140527307987213
past_rgb_coupa_seed43,600,0.6655759811401367,0.3073420524597168
past_rgb_coupa_seed43,700,0.6497955322265625,0.3935929536819458
past_rgb_coupa_seed43,800,0.633884072303772,0.4198726713657379
past_rgb_coupa_seed43,900,0.6806449294090271,0.4313586354255676
past_rgb_coupa_seed43,1000,0.6151196360588074,0.3874623477458954
past_rgb_coupa_seed43,1100,0.63841712474823,0.37806832790374756
past_rgb_coupa_seed43,1200,0.6551297307014465,0.5255979299545288
past_rgb_coupa_seed43,1300,0.5801732540130615,0.4266356825828552
past_rgb_coupa_seed43,1400,0.6351861953735352,0.468945175409317
past_rgb_coupa_seed43,1500,0.6452666521072388,0.6587163209915161
past_rgb_coupa_seed43,1600,0.6429003477096558,0.45958271622657776
past_rgb_coupa_seed43,1700,0.5306432843208313,0.4999340772628784
past_rgb_coupa_seed43,1800,0.5707353353500366,0.44388630986213684
past_rgb_coupa_seed43,1900,0.5086314678192139,0.6366357803344727
past_rgb_coupa_seed43,2000,0.5387097597122192,0.640977680683136
mask_only_deathCircle_seed17,1,0.6918944120407104,0.11641828715801239
mask_only_deathCircle_seed17,100,0.6849709749221802,0.18046095967292786
mask_only_deathCircle_seed17,200,0.6912351846694946,0.20544368028640747
mask_only_deathCircle_seed17,300,0.6801485419273376,0.15489329397678375
mask_only_deathCircle_seed17,400,0.716349720954895,0.22751520574092865
mask_only_deathCircle_seed17,500,0.6547597646713257,0.206992045044899
mask_only_deathCircle_seed17,600,0.6959949731826782,0.2579541802406311
mask_only_deathCircle_seed17,700,0.6627787351608276,0.28090155124664307
mask_only_deathCircle_seed17,800,0.658889651298523,0.3497377932071686
mask_only_deathCircle_seed17,900,0.6180520057678223,0.3474045693874359
mask_only_deathCircle_seed17,1000,0.6338551640510559,0.33229711651802063
mask_only_deathCircle_seed17,1100,0.6827654838562012,0.4624471366405487
mask_only_deathCircle_seed17,1200,0.6646522879600525,0.5454375147819519
mask_only_deathCircle_seed17,1300,0.6891200542449951,0.5256857872009277
mask_only_deathCircle_seed17,1400,0.6065415143966675,0.5437458157539368
mask_only_deathCircle_seed17,1500,0.6258374452590942,0.42326620221138
mask_only_deathCircle_seed17,1600,0.5691861510276794,0.597054123878479
mask_only_deathCircle_seed17,1700,0.6402121186256409,0.6470765471458435
mask_only_deathCircle_seed17,1800,0.6528761386871338,0.5605146884918213
mask_only_deathCircle_seed17,1900,0.5963757038116455,0.5869093537330627
mask_only_deathCircle_seed17,2000,0.6410571336746216,0.651516854763031
past_rgb_deathCircle_seed17,1,0.6918587684631348,0.11649613082408905
past_rgb_deathCircle_seed17,100,0.6854581832885742,0.18121236562728882
past_rgb_deathCircle_seed17,200,0.6901737451553345,0.2076236456632614
past_rgb_deathCircle_seed17,300,0.6812528371810913,0.15749061107635498
past_rgb_deathCircle_seed17,400,0.7285149097442627,0.26205527782440186
past_rgb_deathCircle_seed17,500,0.6645448207855225,0.2218639850616455
past_rgb_deathCircle_seed17,600,0.6868577003479004,0.2809724509716034
past_rgb_deathCircle_seed17,700,0.6569364666938782,0.3560973107814789
past_rgb_deathCircle_seed17,800,0.6524384021759033,0.3672645390033722
past_rgb_deathCircle_seed17,900,0.5875920057296753,0.44765588641166687
past_rgb_deathCircle_seed17,1000,0.6278653144836426,0.3745129108428955
past_rgb_deathCircle_seed17,1100,0.6688279509544373,0.620015025138855
past_rgb_deathCircle_seed17,1200,0.6732618808746338,0.5893741250038147
past_rgb_deathCircle_seed17,1300,0.6947065591812134,0.6411902904510498
past_rgb_deathCircle_seed17,1400,0.5991886854171753,0.5542787909507751
past_rgb_deathCircle_seed17,1500,0.6086822748184204,0.5331030488014221
past_rgb_deathCircle_seed17,1600,0.548165500164032,0.6231766939163208
past_rgb_deathCircle_seed17,1700,0.6301622986793518,0.7360258102416992
past_rgb_deathCircle_seed17,1800,0.6314172744750977,0.6423275470733643
past_rgb_deathCircle_seed17,1900,0.5556192398071289,0.6005122065544128
past_rgb_deathCircle_seed17,2000,0.5973846912384033,0.6825700998306274
mask_only_deathCircle_seed29,1,0.6859374046325684,0.12913022935390472
mask_only_deathCircle_seed29,100,0.7150617837905884,0.19851352274417877
mask_only_deathCircle_seed29,200,0.6833010315895081,0.1855691522359848
mask_only_deathCircle_seed29,300,0.6582376956939697,0.18315687775611877
mask_only_deathCircle_seed29,400,0.674264132976532,0.2001628875732422
mask_only_deathCircle_seed29,500,0.6639490127563477,0.2783809006214142
mask_only_deathCircle_seed29,600,0.658431887626648,0.31427356600761414
mask_only_deathCircle_seed29,700,0.6736332178115845,0.316466748714447
mask_only_deathCircle_seed29,800,0.7064439654350281,0.37738946080207825
mask_only_deathCircle_seed29,900,0.6357060670852661,0.3046460747718811
mask_only_deathCircle_seed29,1000,0.665461540222168,0.3752078115940094
mask_only_deathCircle_seed29,1100,0.6148004531860352,0.436509907245636
mask_only_deathCircle_seed29,1200,0.5877694487571716,0.5294538140296936
mask_only_deathCircle_seed29,1300,0.656869113445282,0.47186172008514404
mask_only_deathCircle_seed29,1400,0.6992105841636658,0.4846321642398834
mask_only_deathCircle_seed29,1500,0.6471871733665466,0.43244367837905884
mask_only_deathCircle_seed29,1600,0.672203540802002,0.4988242983818054
mask_only_deathCircle_seed29,1700,0.6131420731544495,0.5282893180847168
mask_only_deathCircle_seed29,1800,0.6218266487121582,0.4498755633831024
mask_only_deathCircle_seed29,1900,0.5780946016311646,0.5980879068374634
mask_only_deathCircle_seed29,2000,0.6304736733436584,0.702996015548706
past_rgb_deathCircle_seed29,1,0.6859275102615356,0.12915398180484772
past_rgb_deathCircle_seed29,100,0.7141613364219666,0.19829712808132172
past_rgb_deathCircle_seed29,200,0.6821355819702148,0.18629981577396393
past_rgb_deathCircle_seed29,300,0.6584800481796265,0.1871078759431839
past_rgb_deathCircle_seed29,400,0.6722295880317688,0.20192936062812805
past_rgb_deathCircle_seed29,500,0.6685264110565186,0.2873372733592987
past_rgb_deathCircle_seed29,600,0.6575151085853577,0.34015366435050964
past_rgb_deathCircle_seed29,700,0.6710901260375977,0.333187997341156
past_rgb_deathCircle_seed29,800,0.7012971043586731,0.5313430428504944
past_rgb_deathCircle_seed29,900,0.6297586560249329,0.3195543587207794
past_rgb_deathCircle_seed29,1000,0.629375696182251,0.41458848118782043
past_rgb_deathCircle_seed29,1100,0.6227916479110718,0.5810284614562988
past_rgb_deathCircle_seed29,1200,0.5632016658782959,0.525709331035614
past_rgb_deathCircle_seed29,1300,0.6100832223892212,0.5891402959823608
past_rgb_deathCircle_seed29,1400,0.6814525127410889,0.49035441875457764
past_rgb_deathCircle_seed29,1500,0.6451999545097351,0.5888839364051819
past_rgb_deathCircle_seed29,1600,0.6333545446395874,0.7315693497657776
past_rgb_deathCircle_seed29,1700,0.5838495492935181,0.5666682720184326
past_rgb_deathCircle_seed29,1800,0.6073551177978516,0.44676172733306885
past_rgb_deathCircle_seed29,1900,0.5563305616378784,0.7246953845024109
past_rgb_deathCircle_seed29,2000,0.6136011481285095,0.6944171190261841
mask_only_deathCircle_seed43,1,0.6977503299713135,0.1283198744058609
mask_only_deathCircle_seed43,100,0.677744448184967,0.16435039043426514
mask_only_deathCircle_seed43,200,0.6717820167541504,0.17389552295207977
mask_only_deathCircle_seed43,300,0.7042223215103149,0.20208092033863068
mask_only_deathCircle_seed43,400,0.6865688562393188,0.21178163588047028
mask_only_deathCircle_seed43,500,0.6488673686981201,0.2082919031381607
mask_only_deathCircle_seed43,600,0.6870160698890686,0.282761812210083
mask_only_deathCircle_seed43,700,0.6608445048332214,0.17786669731140137
mask_only_deathCircle_seed43,800,0.7081279158592224,0.3937299847602844
mask_only_deathCircle_seed43,900,0.6287359595298767,0.34751713275909424
mask_only_deathCircle_seed43,1000,0.6021304130554199,0.297620564699173
mask_only_deathCircle_seed43,1100,0.661881685256958,0.34728237986564636
mask_only_deathCircle_seed43,1200,0.6241040229797363,0.44548147916793823
mask_only_deathCircle_seed43,1300,0.6269752979278564,0.5056694746017456
mask_only_deathCircle_seed43,1400,0.6386841535568237,0.4637957811355591
mask_only_deathCircle_seed43,1500,0.6595625877380371,0.5206977128982544
mask_only_deathCircle_seed43,1600,0.610253632068634,0.48032087087631226
mask_only_deathCircle_seed43,1700,0.6579673290252686,0.6179736256599426
mask_only_deathCircle_seed43,1800,0.6199448108673096,0.6136481761932373
mask_only_deathCircle_seed43,1900,0.6480927467346191,0.6379469037055969
mask_only_deathCircle_seed43,2000,0.5456064939498901,0.6125947833061218
past_rgb_deathCircle_seed43,1,0.6977391839027405,0.12825684249401093
past_rgb_deathCircle_seed43,100,0.6780810356140137,0.16467398405075073
past_rgb_deathCircle_seed43,200,0.6720471978187561,0.1751893311738968
past_rgb_deathCircle_seed43,300,0.704463005065918,0.2076362520456314
past_rgb_deathCircle_seed43,400,0.6853479146957397,0.2165616899728775
past_rgb_deathCircle_seed43,500,0.6402539014816284,0.21686778962612152
past_rgb_deathCircle_seed43,600,0.6756914258003235,0.33997565507888794
past_rgb_deathCircle_seed43,700,0.6667784452438354,0.2011060267686844
past_rgb_deathCircle_seed43,800,0.7068356275558472,0.4176642894744873
past_rgb_deathCircle_seed43,900,0.6379969120025635,0.35306230187416077
past_rgb_deathCircle_seed43,1000,0.5896506309509277,0.32120493054389954
past_rgb_deathCircle_seed43,1100,0.64669269323349,0.5810705423355103
past_rgb_deathCircle_seed43,1200,0.5956457853317261,0.5814933776855469
past_rgb_deathCircle_seed43,1300,0.6229934096336365,0.6678789258003235
past_rgb_deathCircle_seed43,1400,0.6275495886802673,0.5431085228919983
past_rgb_deathCircle_seed43,1500,0.6408067941665649,0.620904266834259
past_rgb_deathCircle_seed43,1600,0.6141414642333984,0.5206143260002136
past_rgb_deathCircle_seed43,1700,0.6366515159606934,0.7177056074142456
past_rgb_deathCircle_seed43,1800,0.5849210023880005,0.8850817084312439
past_rgb_deathCircle_seed43,1900,0.5845565795898438,0.674798846244812
past_rgb_deathCircle_seed43,2000,0.5093979835510254,0.7484833598136902
mask_only_gates_seed17,1,0.6914770007133484,0.10355614125728607
mask_only_gates_seed17,100,0.6934183835983276,0.14926275610923767
mask_only_gates_seed17,200,0.6945663690567017,0.13414102792739868
mask_only_gates_seed17,300,0.6930680871009827,0.150954470038414
mask_only_gates_seed17,400,0.7029125690460205,0.21386845409870148
mask_only_gates_seed17,500,0.6847521066665649,0.20793135464191437
mask_only_gates_seed17,600,0.6827288866043091,0.21289119124412537
mask_only_gates_seed17,700,0.6518366932868958,0.21547791361808777
mask_only_gates_seed17,800,0.6782376170158386,0.319889634847641
mask_only_gates_seed17,900,0.6847399473190308,0.2865377366542816
mask_only_gates_seed17,1000,0.6403776407241821,0.3317539095878601
mask_only_gates_seed17,1100,0.6621943116188049,0.38207757472991943
mask_only_gates_seed17,1200,0.758480429649353,0.7093172669410706
mask_only_gates_seed17,1300,0.6348894238471985,0.34170642495155334
mask_only_gates_seed17,1400,0.7028721570968628,0.37980416417121887
mask_only_gates_seed17,1500,0.6251871585845947,0.5259232521057129
mask_only_gates_seed17,1600,0.6123510599136353,0.4781285226345062
mask_only_gates_seed17,1700,0.6094741821289062,0.5631377696990967
mask_only_gates_seed17,1800,0.5900532603263855,0.4475278854370117
mask_only_gates_seed17,1900,0.6033065319061279,0.44600728154182434
mask_only_gates_seed17,2000,0.6068410873413086,0.45006057620048523
past_rgb_gates_seed17,1,0.6915217041969299,0.10369474440813065
past_rgb_gates_seed17,100,0.6929128170013428,0.14894631505012512
past_rgb_gates_seed17,200,0.6944990158081055,0.13679100573062897
past_rgb_gates_seed17,300,0.6915498375892639,0.1705302596092224
past_rgb_gates_seed17,400,0.6888192892074585,0.32145532965660095
past_rgb_gates_seed17,500,0.6500592231750488,0.2586042284965515
past_rgb_gates_seed17,600,0.6796633005142212,0.3058251142501831
past_rgb_gates_seed17,700,0.6518284678459167,0.33232998847961426
past_rgb_gates_seed17,800,0.67592853307724,0.3439236581325531
past_rgb_gates_seed17,900,0.6656168699264526,0.2982417047023773
past_rgb_gates_seed17,1000,0.6452498435974121,0.3361218273639679
past_rgb_gates_seed17,1100,0.65336012840271,0.4588674008846283
past_rgb_gates_seed17,1200,0.7456291317939758,0.7659560441970825
past_rgb_gates_seed17,1300,0.6391737461090088,0.34856557846069336
past_rgb_gates_seed17,1400,0.7073944807052612,0.4042906165122986
past_rgb_gates_seed17,1500,0.6085457801818848,0.6408964991569519
past_rgb_gates_seed17,1600,0.5851906538009644,0.46573933959007263
past_rgb_gates_seed17,1700,0.6272866129875183,0.7184526920318604
past_rgb_gates_seed17,1800,0.5878974795341492,0.6843741536140442
past_rgb_gates_seed17,1900,0.6029870510101318,0.4461142122745514
past_rgb_gates_seed17,2000,0.6131808161735535,0.5186442732810974
mask_only_gates_seed29,1,0.6857534646987915,0.10332921147346497
mask_only_gates_seed29,100,0.6954156160354614,0.12415863573551178
mask_only_gates_seed29,200,0.6885131597518921,0.12395155429840088
mask_only_gates_seed29,300,0.6590765714645386,0.188282310962677
mask_only_gates_seed29,400,0.7133768796920776,0.22817356884479523
mask_only_gates_seed29,500,0.6941908597946167,0.19970285892486572
mask_only_gates_seed29,600,0.7175276875495911,0.3679543435573578
mask_only_gates_seed29,700,0.64300137758255,0.3372030258178711
mask_only_gates_seed29,800,0.7032800912857056,0.3428616523742676
mask_only_gates_seed29,900,0.6670424938201904,0.43558090925216675
mask_only_gates_seed29,1000,0.6506856083869934,0.4014366865158081
mask_only_gates_seed29,1100,0.6487001776695251,0.352570116519928
mask_only_gates_seed29,1200,0.6251408457756042,0.3682921826839447
mask_only_gates_seed29,1300,0.657660722732544,0.4207017421722412
mask_only_gates_seed29,1400,0.6050553321838379,0.5403363704681396
mask_only_gates_seed29,1500,0.5753690600395203,0.4524288773536682
mask_only_gates_seed29,1600,0.588225245475769,0.5449010133743286
mask_only_gates_seed29,1700,0.6707931756973267,0.5311012864112854
mask_only_gates_seed29,1800,0.5877218246459961,0.43777450919151306
mask_only_gates_seed29,1900,0.6813212633132935,0.6044864654541016
mask_only_gates_seed29,2000,0.6450693011283875,0.5982689261436462
past_rgb_gates_seed29,1,0.6857559680938721,0.10337306559085846
past_rgb_gates_seed29,100,0.6956081390380859,0.12837271392345428
past_rgb_gates_seed29,200,0.6830757856369019,0.12890571355819702
past_rgb_gates_seed29,300,0.6568999886512756,0.20582056045532227
past_rgb_gates_seed29,400,0.7227927446365356,0.2699573338031769
past_rgb_gates_seed29,500,0.683250904083252,0.2427523285150528
past_rgb_gates_seed29,600,0.715889573097229,0.4117107093334198
past_rgb_gates_seed29,700,0.6327667832374573,0.34245869517326355
past_rgb_gates_seed29,800,0.6901028752326965,0.3728771507740021
past_rgb_gates_seed29,900,0.6771706342697144,0.5034672021865845
past_rgb_gates_seed29,1000,0.6480187177658081,0.4095803201198578
past_rgb_gates_seed29,1100,0.6295204758644104,0.4016752243041992
past_rgb_gates_seed29,1200,0.6312692761421204,0.3932414650917053
past_rgb_gates_seed29,1300,0.6200218796730042,0.46891698241233826
past_rgb_gates_seed29,1400,0.5966364145278931,0.5227209329605103
past_rgb_gates_seed29,1500,0.5693183541297913,0.4704715609550476
past_rgb_gates_seed29,1600,0.5637140274047852,0.49907296895980835
past_rgb_gates_seed29,1700,0.6724991798400879,0.5701537728309631
past_rgb_gates_seed29,1800,0.5863155126571655,0.5085871815681458
past_rgb_gates_seed29,1900,0.6832981705665588,0.6594619750976562
past_rgb_gates_seed29,2000,0.615129292011261,0.6523069739341736
mask_only_gates_seed43,1,0.6984332799911499,0.13950911164283752
mask_only_gates_seed43,100,0.6789240837097168,0.09671188145875931
mask_only_gates_seed43,200,0.6505635976791382,0.2223353385925293
mask_only_gates_seed43,300,0.687703549861908,0.17723973095417023
mask_only_gates_seed43,400,0.6498620510101318,0.20767375826835632
mask_only_gates_seed43,500,0.6906338334083557,0.20024608075618744
mask_only_gates_seed43,600,0.686566948890686,0.3490745425224304
mask_only_gates_seed43,700,0.6630944013595581,0.2742694914340973
mask_only_gates_seed43,800,0.6429238319396973,0.3211172819137573
mask_only_gates_seed43,900,0.6960464715957642,0.4409307837486267
mask_only_gates_seed43,1000,0.6477669477462769,0.3019511103630066
mask_only_gates_seed43,1100,0.7411323189735413,0.37744179368019104
mask_only_gates_seed43,1200,0.6493033170700073,0.3251999318599701
mask_only_gates_seed43,1300,0.6290603280067444,0.42261672019958496
mask_only_gates_seed43,1400,0.6531261205673218,0.3873361349105835
mask_only_gates_seed43,1500,0.6473504900932312,0.4041847288608551
mask_only_gates_seed43,1600,0.6234754323959351,0.3776174485683441
mask_only_gates_seed43,1700,0.6599235534667969,0.5621626973152161
mask_only_gates_seed43,1800,0.5499427318572998,0.6655482053756714
mask_only_gates_seed43,1900,0.6273789405822754,0.472979873418808
mask_only_gates_seed43,2000,0.6547605991363525,0.4702245593070984
past_rgb_gates_seed43,1,0.6984317898750305,0.13945141434669495
past_rgb_gates_seed43,100,0.6790171265602112,0.09686394780874252
past_rgb_gates_seed43,200,0.6498319506645203,0.22407759726047516
past_rgb_gates_seed43,300,0.6898652911186218,0.18479041755199432
past_rgb_gates_seed43,400,0.6467202305793762,0.21502241492271423
past_rgb_gates_seed43,500,0.6979745626449585,0.22016210854053497
past_rgb_gates_seed43,600,0.6767334938049316,0.3953445255756378
past_rgb_gates_seed43,700,0.6398574709892273,0.308390736579895
past_rgb_gates_seed43,800,0.654872715473175,0.3570757508277893
past_rgb_gates_seed43,900,0.6952300071716309,0.45300766825675964
past_rgb_gates_seed43,1000,0.6096928715705872,0.32858800888061523
past_rgb_gates_seed43,1100,0.7026675343513489,0.4004765748977661
past_rgb_gates_seed43,1200,0.6324423551559448,0.36750251054763794
past_rgb_gates_seed43,1300,0.6500363945960999,0.44834214448928833
past_rgb_gates_seed43,1400,0.6543474197387695,0.427021324634552
past_rgb_gates_seed43,1500,0.648331880569458,0.47756826877593994
past_rgb_gates_seed43,1600,0.6402298808097839,0.42651310563087463
past_rgb_gates_seed43,1700,0.6546258330345154,0.5549494028091431
past_rgb_gates_seed43,1800,0.5599226951599121,0.7421982884407043
past_rgb_gates_seed43,1900,0.6170754432678223,0.47736266255378723
past_rgb_gates_seed43,2000,0.6537163257598877,0.4997052550315857
mask_only_hyang_seed17,1,0.6918860673904419,0.0784328505396843
mask_only_hyang_seed17,100,0.6740900278091431,0.17218761146068573
mask_only_hyang_seed17,200,0.6740540266036987,0.15957769751548767
mask_only_hyang_seed17,300,0.6200827956199646,0.22903640568256378
mask_only_hyang_seed17,400,0.638367235660553,0.23156718909740448
mask_only_hyang_seed17,500,0.6877905130386353,0.3584446609020233
mask_only_hyang_seed17,600,0.6197094917297363,0.24096323549747467
mask_only_hyang_seed17,700,0.6684073805809021,0.3245853781700134
mask_only_hyang_seed17,800,0.6594263911247253,0.28469225764274597
mask_only_hyang_seed17,900,0.6471935510635376,0.3622278571128845
mask_only_hyang_seed17,1000,0.6249011754989624,0.5247964859008789
mask_only_hyang_seed17,1100,0.6181558966636658,0.4171617329120636
mask_only_hyang_seed17,1200,0.617843747138977,0.5376529097557068
mask_only_hyang_seed17,1300,0.60059654712677,0.5125019550323486
mask_only_hyang_seed17,1400,0.6493234038352966,0.5966706871986389
mask_only_hyang_seed17,1500,0.6306374073028564,0.6186641454696655
mask_only_hyang_seed17,1600,0.5828976631164551,0.4695253074169159
mask_only_hyang_seed17,1700,0.5581164360046387,0.8041631579399109
mask_only_hyang_seed17,1800,0.5404698848724365,0.6552130579948425
mask_only_hyang_seed17,1900,0.595535933971405,0.7205190658569336
mask_only_hyang_seed17,2000,0.5337173342704773,0.7224194407463074
past_rgb_hyang_seed17,1,0.6918548345565796,0.07831587642431259
past_rgb_hyang_seed17,100,0.6744540929794312,0.17246046662330627
past_rgb_hyang_seed17,200,0.6741359829902649,0.1597020924091339
past_rgb_hyang_seed17,300,0.6201244592666626,0.2289966493844986
past_rgb_hyang_seed17,400,0.6387903690338135,0.23228153586387634
past_rgb_hyang_seed17,500,0.6865923404693604,0.35962584614753723
past_rgb_hyang_seed17,600,0.6183261275291443,0.24196408689022064
past_rgb_hyang_seed17,700,0.6670916676521301,0.322855144739151
past_rgb_hyang_seed17,800,0.6581827998161316,0.2868706285953522
past_rgb_hyang_seed17,900,0.645386815071106,0.3608195185661316
past_rgb_hyang_seed17,1000,0.6254026889801025,0.5291601419448853
past_rgb_hyang_seed17,1100,0.6186128854751587,0.4235891103744507
past_rgb_hyang_seed17,1200,0.6245580911636353,0.5648146271705627
past_rgb_hyang_seed17,1300,0.5914133787155151,0.5238858461380005
past_rgb_hyang_seed17,1400,0.6478574872016907,0.5956410765647888
past_rgb_hyang_seed17,1500,0.6352012157440186,0.6692218780517578
past_rgb_hyang_seed17,1600,0.5744310021400452,0.4695809483528137
past_rgb_hyang_seed17,1700,0.5380408763885498,0.8307099938392639
past_rgb_hyang_seed17,1800,0.5152810215950012,0.6820577383041382
past_rgb_hyang_seed17,1900,0.5719263553619385,0.7941678166389465
past_rgb_hyang_seed17,2000,0.5144101977348328,0.9224294424057007
mask_only_hyang_seed29,1,0.7081488370895386,0.13769054412841797
mask_only_hyang_seed29,100,0.7006233930587769,0.1382521092891693
mask_only_hyang_seed29,200,0.666193962097168,0.11998578906059265
mask_only_hyang_seed29,300,0.643592357635498,0.15964722633361816
mask_only_hyang_seed29,400,0.6698945164680481,0.17943938076496124
mask_only_hyang_seed29,500,0.6596099734306335,0.2783495783805847
mask_only_hyang_seed29,600,0.6583927869796753,0.33812326192855835
mask_only_hyang_seed29,700,0.6790832281112671,0.3885986804962158
mask_only_hyang_seed29,800,0.5899954438209534,0.3577876091003418
mask_only_hyang_seed29,900,0.6376163959503174,0.4084852635860443
mask_only_hyang_seed29,1000,0.6467318534851074,0.43675631284713745
mask_only_hyang_seed29,1100,0.6018123626708984,0.43446671962738037
mask_only_hyang_seed29,1200,0.5878261923789978,0.4800347089767456
mask_only_hyang_seed29,1300,0.6070671081542969,0.34758302569389343
mask_only_hyang_seed29,1400,0.5993854999542236,0.5137230157852173
mask_only_hyang_seed29,1500,0.5705909132957458,0.522998034954071
mask_only_hyang_seed29,1600,0.6358619928359985,0.568284273147583
mask_only_hyang_seed29,1700,0.5449565052986145,0.5026649236679077
mask_only_hyang_seed29,1800,0.5285767316818237,0.4897060692310333
mask_only_hyang_seed29,1900,0.6439001560211182,0.7153052091598511
mask_only_hyang_seed29,2000,0.5780192613601685,0.7880920767784119
past_rgb_hyang_seed29,1,0.7081551551818848,0.1377057135105133
past_rgb_hyang_seed29,100,0.7006117105484009,0.13830681145191193
past_rgb_hyang_seed29,200,0.6661897897720337,0.11996445059776306
past_rgb_hyang_seed29,300,0.6435655355453491,0.15952235460281372
past_rgb_hyang_seed29,400,0.6697840690612793,0.17920641601085663
past_rgb_hyang_seed29,500,0.6596720218658447,0.28104740381240845
past_rgb_hyang_seed29,600,0.657336413860321,0.35207411646842957
past_rgb_hyang_seed29,700,0.6808042526245117,0.39525941014289856
past_rgb_hyang_seed29,800,0.5762178897857666,0.37929677963256836
past_rgb_hyang_seed29,900,0.6328149437904358,0.4342856705188751
past_rgb_hyang_seed29,1000,0.6364823579788208,0.5000867247581482
past_rgb_hyang_seed29,1100,0.5941853523254395,0.7342860698699951
past_rgb_hyang_seed29,1200,0.5791013240814209,0.6367454528808594
past_rgb_hyang_seed29,1300,0.5584749579429626,0.47732487320899963
past_rgb_hyang_seed29,1400,0.5955966711044312,0.5592305064201355
past_rgb_hyang_seed29,1500,0.5622788667678833,0.6694783568382263
past_rgb_hyang_seed29,1600,0.6460787057876587,0.9383568167686462
past_rgb_hyang_seed29,1700,0.5567358732223511,1.1939061880111694
past_rgb_hyang_seed29,1800,0.5331289768218994,2.799304962158203
past_rgb_hyang_seed29,1900,0.5932995676994324,0.732623279094696
past_rgb_hyang_seed29,2000,0.564430296421051,2.48709774017334
mask_only_hyang_seed43,1,0.6995244026184082,0.1718139946460724
mask_only_hyang_seed43,100,0.7174229621887207,0.2959173321723938
mask_only_hyang_seed43,200,0.6571596264839172,0.17488810420036316
mask_only_hyang_seed43,300,0.6748220324516296,0.26296839118003845
mask_only_hyang_seed43,400,0.6703875064849854,0.27296045422554016
mask_only_hyang_seed43,500,0.6174803972244263,0.3383226990699768
mask_only_hyang_seed43,600,0.6698533892631531,0.29757481813430786
mask_only_hyang_seed43,700,0.6577184796333313,0.42800843715667725
mask_only_hyang_seed43,800,0.6323086023330688,0.31845715641975403
mask_only_hyang_seed43,900,0.6090402603149414,0.40223416686058044
mask_only_hyang_seed43,1000,0.6100981831550598,0.3356671631336212
mask_only_hyang_seed43,1100,0.6323171854019165,0.42103666067123413
mask_only_hyang_seed43,1200,0.609900712966919,0.48467761278152466
mask_only_hyang_seed43,1300,0.652967631816864,0.5875351428985596
mask_only_hyang_seed43,1400,0.5741138458251953,0.5202290415763855
mask_only_hyang_seed43,1500,0.6323168277740479,0.4639434516429901
mask_only_hyang_seed43,1600,0.6068158149719238,0.7130754590034485
mask_only_hyang_seed43,1700,0.6211304664611816,0.6026543378829956
mask_only_hyang_seed43,1800,0.5812313556671143,0.5032538771629333
mask_only_hyang_seed43,1900,0.557243287563324,0.7900667786598206
mask_only_hyang_seed43,2000,0.5708687901496887,0.5142849087715149
past_rgb_hyang_seed43,1,0.6995132565498352,0.17174693942070007
past_rgb_hyang_seed43,100,0.7189513444900513,0.3052981197834015
past_rgb_hyang_seed43,200,0.6570724844932556,0.17509323358535767
past_rgb_hyang_seed43,300,0.6746296882629395,0.26357004046440125
past_rgb_hyang_seed43,400,0.6703796982765198,0.27390390634536743
past_rgb_hyang_seed43,500,0.6168293952941895,0.3396264314651489
past_rgb_hyang_seed43,600,0.6690826416015625,0.3004607856273651
past_rgb_hyang_seed43,700,0.6576150059700012,0.42935270071029663
past_rgb_hyang_seed43,800,0.6329845786094666,0.35284432768821716
past_rgb_hyang_seed43,900,0.615283727645874,0.5357049107551575
past_rgb_hyang_seed43,1000,0.6047295331954956,0.3770207166671753
past_rgb_hyang_seed43,1100,0.6168580055236816,0.4419250786304474
past_rgb_hyang_seed43,1200,0.5886829495429993,0.9928884506225586
past_rgb_hyang_seed43,1300,0.645310640335083,0.6844795346260071
past_rgb_hyang_seed43,1400,0.5344767570495605,1.2502524852752686
past_rgb_hyang_seed43,1500,0.5887643694877625,0.5315154194831848
past_rgb_hyang_seed43,1600,0.6111225485801697,2.1352999210357666
past_rgb_hyang_seed43,1700,0.600480854511261,2.6332287788391113
past_rgb_hyang_seed43,1800,0.5697149038314819,0.5877068638801575
past_rgb_hyang_seed43,1900,0.5770801305770874,4.776012897491455
past_rgb_hyang_seed43,2000,0.5370416641235352,0.9278217554092407
