family,seed,step,loss,gradient_norm,learning_rate,supported_batch_rows,mean_past_normalized_ADE
transformer,17,1,1.1856008768081665,16.774391174316406,0.0003,64,59.50160217285156
transformer,17,50,0.9000363349914551,2.5781235694885254,0.00029988999006034904,63,22.410362243652344
transformer,17,100,0.9589829444885254,6.206094741821289,0.0002995511049040809,63,451.7455749511719
transformer,17,150,0.8329225778579712,1.6047823429107666,0.00029898382150483655,63,267.01312255859375
transformer,17,200,0.8230515718460083,0.4440658986568451,0.0002981890150099629,63,24.44963836669922
transformer,17,250,1.2585970163345337,2.671367645263672,0.00029716791156638426,63,247.82269287109375
transformer,17,300,1.1099644899368286,4.942734241485596,0.00029592208642902746,64,52.2728271484375
transformer,17,350,1.0011308193206787,5.292964458465576,0.0002944534615306779,63,96.4140396118164
transformer,17,400,0.7976807355880737,2.2718920707702637,0.0002927643025170163,63,6.743697643280029
transformer,17,450,0.9281126856803894,3.000696897506714,0.0002908572152514106,63,0.2539042830467224
transformer,17,500,1.1066246032714844,1.8684014081954956,0.00028873514179485345,64,403.0488586425781
transformer,17,550,1.0585235357284546,2.5853817462921143,0.00028640135586724896,63,57.69454574584961
transformer,17,600,1.1231112480163574,5.339524269104004,0.0002838594577970492,63,77.22731018066406
transformer,17,650,0.9508657455444336,2.241730213165283,0.00028111336896703226,62,108.72461700439453
transformer,17,700,1.0172233581542969,2.486146926879883,0.00027816732576479037,62,134.2408447265625
transformer,17,750,0.7683632373809814,1.6163349151611328,0.00027502587304726044,63,658.9898681640625
transformer,17,800,1.2775661945343018,2.882953643798828,0.00027169385712937896,63,34.31143569946289
transformer,17,850,1.007973313331604,1.8081625699996948,0.0002681764183076788,62,216.69708251953125
transformer,17,900,0.899982213973999,2.9199702739715576,0.00026447898293036027,63,171.17657470703125
transformer,17,950,0.9600695967674255,2.9250035285949707,0.000260607255026071,63,332.817138671875
transformer,17,1000,1.2059416770935059,1.8784325122833252,0.00025656720750430874,63,907.3499755859375
transformer,17,1050,1.1518197059631348,1.4848803281784058,0.00025236507294102155,64,247.96568298339844
transformer,17,1100,1.1575376987457275,2.2302534580230713,0.0002480073339636212,64,59.3197135925293
transformer,17,1150,0.8691715002059937,2.2980470657348633,0.00024350071325024268,63,55.383609771728516
transformer,17,1200,0.810662031173706,1.7134531736373901,0.00023885216315867728,63,37.03668212890625
transformer,17,1250,0.895746648311615,2.049715280532837,0.0002340688550009797,64,0.38163602352142334
transformer,17,1300,0.8857859373092651,2.463466167449951,0.00022915816798029423,62,28.24889373779297
transformer,17,1350,1.1404919624328613,1.87177312374115,0.00022412767780696793,64,128.7941436767578
transformer,17,1400,0.9944068789482117,1.6650110483169556,0.00021898514501151274,60,400.20635986328125
transformer,17,1450,0.9548835754394531,3.5562822818756104,0.0002137385029724445,62,270.7195129394531
transformer,17,1500,0.9542959928512573,2.0774333477020264,0.00020839584567747136,63,94.48274230957031
transformer,17,1550,0.9164350032806396,1.7978240251541138,0.00020296541523690906,61,39.008819580078125
transformer,17,1600,1.4818077087402344,4.625965118408203,0.00019745558916858856,64,603.1735229492188
transformer,17,1650,0.9504529237747192,0.9164016246795654,0.0001918748674738704,63,1.5810680389404297
transformer,17,1700,0.885977029800415,2.613110303878784,0.0001862318595247038,62,9.903480529785156
transformer,17,1750,1.217878818511963,3.395468235015869,0.00018053527078196,64,117.41065216064453
transformer,17,1800,0.9216383695602417,3.766533613204956,0.0001747938893655294,63,147.6090545654297
transformer,17,1850,1.1319210529327393,4.326545238494873,0.00016901657249690066,61,66.88510131835938
transformer,17,1900,1.0328752994537354,4.7589921951293945,0.00016321223283513668,64,64.25647735595703
transformer,17,1950,1.2455713748931885,2.5822620391845703,0.00015738982472732766,60,43.29098892211914
transformer,17,2000,1.0539453029632568,1.7985069751739502,0.0001515583303947313,63,43.68585205078125
transformer,17,2050,1.0271131992340088,4.276137351989746,0.00014572674607591255,64,19.823055267333984
transformer,17,2100,0.7818930149078369,2.439345598220825,0.00013990406814825762,60,0.22193562984466553
transformer,17,2150,0.9114872217178345,6.956928730010986,0.0001340992792492751,64,70.11518859863281
transformer,17,2200,0.7919920682907104,3.822654962539673,0.00012832133441909274,64,103.2207260131836
transformer,17,2250,1.0471527576446533,3.8788459300994873,0.00012257914728552898,62,5.038943767547607
transformer,17,2300,1.1316062211990356,3.13525128364563,0.00011688157631305119,64,148.16647338867188
transformer,17,2350,0.8236286640167236,3.910839319229126,0.00011123741113683434,63,151.90977478027344
transformer,17,2400,0.9592875242233276,2.333109140396118,0.00010565535900300224,64,2.9220335483551025
transformer,17,2450,0.93210768699646,1.5686827898025513,0.00010014403133597081,62,32.31045150756836
transformer,17,2500,0.6869262456893921,2.735158920288086,9.471193045361487e-05,62,98.0739974975586
transformer,17,2550,0.886797308921814,1.57212495803833,8.936743645075374e-05,63,102.98174285888672
transformer,17,2600,1.0039443969726562,4.906238555908203,8.411879427119006e-05,63,109.42224884033203
transformer,17,2650,0.8028860688209534,1.2244021892547607,7.897410098824593e-05,64,106.44908905029297
transformer,17,2700,0.8788135647773743,8.94451904296875,7.394129331341849e-05,63,312.3518981933594
transformer,17,2750,1.1471872329711914,1.7043466567993164,6.90281353524261e-05,63,70.44722747802734
transformer,17,2800,0.7563305497169495,3.5219013690948486,6.424220662753214e-05,63,45.15614700317383
transformer,17,2850,0.8806416392326355,6.13490629196167,5.95908903846265e-05,63,57.680206298828125
transformer,17,2900,0.9939331412315369,2.2474637031555176,5.508136220310183e-05,64,68.52760314941406
transformer,17,2950,0.7676632404327393,4.647223949432373,5.072057892609671e-05,61,136.4117431640625
transformer,17,3000,1.2638006210327148,5.365540981292725,4.651526792818301e-05,63,56.013954162597656
transformer,17,3050,0.9556025862693787,5.205804347991943,4.2471916737054047e-05,64,45.14435577392578
transformer,17,3100,1.084167718887329,4.440104007720947,3.8596763025224284e-05,63,74.52586364746094
transformer,17,3150,0.983872652053833,3.0911850929260254,3.489578498718005e-05,61,215.80291748046875
transformer,17,3200,0.6827397346496582,1.8864561319351196,3.13746921168271e-05,63,0.2931404113769531
transformer,17,3250,1.1512044668197632,3.8513317108154297,2.803891639946175e-05,63,7.063485622406006
transformer,17,3300,0.8436152935028076,7.701704025268555,2.4893603931854464e-05,63,91.19497680664062
transformer,17,3350,0.9826194643974304,2.6383144855499268,2.1943606983373167e-05,63,159.85934448242188
transformer,17,3400,1.3419544696807861,7.385373115539551,1.9193476510393732e-05,62,1.5396584272384644
transformer,17,3450,1.2908530235290527,2.763101577758789,1.6647455135545614e-05,64,230.490234375
transformer,17,3500,1.1753520965576172,5.696836948394775,1.4309470602623549e-05,63,0.4038796126842499
transformer,17,3550,1.0270726680755615,3.2675681114196777,1.2183129717262534e-05,62,211.03121948242188
transformer,17,3600,0.9188612103462219,6.025787353515625,1.0271712782723344e-05,64,48.409305572509766
transformer,17,3650,1.4041540622711182,3.890456199645996,8.578168539373221e-06,62,57.88604736328125
transformer,17,3700,1.1067560911178589,7.842214584350586,7.105109615667955e-06,64,5.746164321899414
transformer,17,3750,1.1340497732162476,3.0364131927490234,5.854808497653461e-06,64,386.5426330566406
transformer,17,3800,0.6346652507781982,3.215317726135254,4.829194023204497e-06,64,93.00916290283203
transformer,17,3850,0.9540079236030579,2.129147529602051,4.029848406409195e-06,63,90.97468566894531
transformer,17,3900,1.002760410308838,2.4776270389556885,3.458004796689305e-06,63,71.87767028808594
transformer,17,3950,0.8234763741493225,3.1734611988067627,3.1145453764223597e-06,61,190.77658081054688
transformer,17,4000,0.9282290935516357,1.1846060752868652,2.9999999999999997e-06,63,0.3315553367137909
transformer,29,1,0.9646958708763123,8.560333251953125,0.0003,63,14.793753623962402
transformer,29,50,1.012726068496704,1.6904407739639282,0.00029988999006034904,64,405.25872802734375
transformer,29,100,0.8916537761688232,3.745485544204712,0.0002995511049040809,62,492.7249450683594
transformer,29,150,1.225153923034668,0.5120149850845337,0.00029898382150483655,61,39.346343994140625
transformer,29,200,1.3168762922286987,1.5251044034957886,0.0002981890150099629,62,115.00090789794922
transformer,29,250,0.9118441343307495,0.9698015451431274,0.00029716791156638426,64,28.418840408325195
transformer,29,300,0.841403067111969,3.5860507488250732,0.00029592208642902746,63,49.73060989379883
transformer,29,350,0.8707013130187988,2.0709428787231445,0.0002944534615306779,63,34.01031494140625
transformer,29,400,1.1517181396484375,3.209897994995117,0.0002927643025170163,64,203.32530212402344
transformer,29,450,1.5763616561889648,1.7582465410232544,0.0002908572152514106,64,49.36685562133789
transformer,29,500,1.3471592664718628,3.514659881591797,0.00028873514179485345,63,152.7958526611328
transformer,29,550,0.9728308916091919,1.9680484533309937,0.00028640135586724896,63,0.3150087594985962
transformer,29,600,1.0695314407348633,5.467777729034424,0.0002838594577970492,63,30.339336395263672
transformer,29,650,0.9817584753036499,2.9875307083129883,0.00028111336896703226,62,81.19544982910156
transformer,29,700,1.0017764568328857,4.686715602874756,0.00027816732576479037,64,21.045562744140625
transformer,29,750,0.9537322521209717,3.6528401374816895,0.00027502587304726044,64,107.21166229248047
transformer,29,800,1.0995045900344849,2.042914628982544,0.00027169385712937896,63,195.11862182617188
transformer,29,850,0.9780798554420471,3.4401907920837402,0.0002681764183076788,62,17.507007598876953
transformer,29,900,0.798336386680603,2.1007513999938965,0.00026447898293036027,62,0.315737783908844
transformer,29,950,0.7885047197341919,2.5939488410949707,0.000260607255026071,62,61.179656982421875
transformer,29,1000,0.8964657187461853,2.8510963916778564,0.00025656720750430874,63,40.5953254699707
transformer,29,1050,0.7891051173210144,2.20002818107605,0.00025236507294102155,61,41.55207824707031
transformer,29,1100,1.1384716033935547,0.8773046135902405,0.0002480073339636212,61,59.31669998168945
transformer,29,1150,0.9034825563430786,2.234485387802124,0.00024350071325024268,63,125.98251342773438
transformer,29,1200,0.7931680679321289,3.2529141902923584,0.00023885216315867728,63,305.6558837890625
transformer,29,1250,1.0173815488815308,7.120560646057129,0.0002340688550009797,64,54.0836296081543
transformer,29,1300,0.945168137550354,6.176213264465332,0.00022915816798029423,60,67.78652954101562
transformer,29,1350,0.7744510769844055,2.30029559135437,0.00022412767780696793,62,52.65091323852539
transformer,29,1400,0.9806836843490601,3.8254265785217285,0.00021898514501151274,63,176.51255798339844
transformer,29,1450,0.8492816686630249,2.2771787643432617,0.0002137385029724445,61,12.345343589782715
transformer,29,1500,1.130425214767456,4.4193525314331055,0.00020839584567747136,64,0.32344675064086914
transformer,29,1550,0.8478496074676514,2.2035977840423584,0.00020296541523690906,62,48.6315803527832
transformer,29,1600,0.7826187014579773,3.113199234008789,0.00019745558916858856,64,19.838001251220703
transformer,29,1650,0.916754961013794,1.35829758644104,0.0001918748674738704,63,15.77523422241211
transformer,29,1700,1.0187265872955322,1.4762160778045654,0.0001862318595247038,62,0.20213346183300018
transformer,29,1750,1.0126906633377075,3.066861152648926,0.00018053527078196,62,39.19488525390625
transformer,29,1800,1.070058822631836,4.28066349029541,0.0001747938893655294,62,1.5208399295806885
transformer,29,1850,0.872093915939331,1.7865583896636963,0.00016901657249690066,64,62.31372833251953
transformer,29,1900,0.9594168663024902,2.130272388458252,0.00016321223283513668,62,62.07545471191406
transformer,29,1950,0.8125412464141846,4.807892799377441,0.00015738982472732766,64,121.85346984863281
transformer,29,2000,0.9403601288795471,4.187392711639404,0.0001515583303947313,62,135.69992065429688
transformer,29,2050,1.2591350078582764,3.851393699645996,0.00014572674607591255,61,1.6088504791259766
transformer,29,2100,0.8252862691879272,2.2078254222869873,0.00013990406814825762,63,294.38818359375
transformer,29,2150,1.2378324270248413,3.3038759231567383,0.0001340992792492751,61,26.13047218322754
transformer,29,2200,0.8155040740966797,7.331669807434082,0.00012832133441909274,62,35.38038635253906
transformer,29,2250,0.9207160472869873,2.5419392585754395,0.00012257914728552898,61,116.34028625488281
transformer,29,2300,0.9050301909446716,3.624643564224243,0.00011688157631305119,63,118.94644927978516
transformer,29,2350,0.9939124584197998,2.71913480758667,0.00011123741113683434,63,80.04531860351562
transformer,29,2400,0.8624125123023987,5.22822904586792,0.00010565535900300224,64,718.4521484375
transformer,29,2450,0.8894718289375305,3.9490175247192383,0.00010014403133597081,63,108.00201416015625
transformer,29,2500,0.9078282117843628,6.619624137878418,9.471193045361487e-05,62,150.10610961914062
transformer,29,2550,0.9164873361587524,4.2668843269348145,8.936743645075374e-05,63,79.66763305664062
transformer,29,2600,0.9297044277191162,2.360968589782715,8.411879427119006e-05,64,363.5009460449219
transformer,29,2650,0.7841435074806213,1.793137788772583,7.897410098824593e-05,64,35.45775604248047
transformer,29,2700,0.878362774848938,3.822993755340576,7.394129331341849e-05,61,52.32275390625
transformer,29,2750,0.8682024478912354,1.764819622039795,6.90281353524261e-05,64,131.36602783203125
transformer,29,2800,0.6976844072341919,9.449492454528809,6.424220662753214e-05,62,494.7499694824219
transformer,29,2850,0.9523016214370728,4.43927001953125,5.95908903846265e-05,63,5.544138431549072
transformer,29,2900,1.0241470336914062,6.3691182136535645,5.508136220310183e-05,64,1.5572088956832886
transformer,29,2950,0.9410300850868225,3.246257781982422,5.072057892609671e-05,64,49.35908889770508
transformer,29,3000,0.8107187151908875,3.336449146270752,4.651526792818301e-05,64,139.1000213623047
transformer,29,3050,0.9910321831703186,6.625274181365967,4.2471916737054047e-05,62,95.89511108398438
transformer,29,3100,0.936249315738678,3.1505954265594482,3.8596763025224284e-05,63,80.23050689697266
transformer,29,3150,0.8843974471092224,4.45481538772583,3.489578498718005e-05,64,11.971385955810547
transformer,29,3200,0.8218052387237549,3.9429373741149902,3.13746921168271e-05,63,175.975830078125
transformer,29,3250,0.9828554391860962,3.7988674640655518,2.803891639946175e-05,64,183.22305297851562
transformer,29,3300,0.8268546462059021,3.347982168197632,2.4893603931854464e-05,63,47.725955963134766
transformer,29,3350,1.1446433067321777,3.4271304607391357,2.1943606983373167e-05,64,0.34703394770622253
transformer,29,3400,0.8565367460250854,8.428360939025879,1.9193476510393732e-05,64,83.27217864990234
transformer,29,3450,0.7697160243988037,1.7979165315628052,1.6647455135545614e-05,62,24.857620239257812
transformer,29,3500,0.8635097146034241,3.649953842163086,1.4309470602623549e-05,63,52.748870849609375
transformer,29,3550,1.075773000717163,1.3474944829940796,1.2183129717262534e-05,64,105.0374755859375
transformer,29,3600,0.9730110168457031,2.9777588844299316,1.0271712782723344e-05,62,178.48406982421875
transformer,29,3650,0.9569070339202881,2.3901634216308594,8.578168539373221e-06,63,224.7111358642578
transformer,29,3700,1.2409303188323975,1.9857509136199951,7.105109615667955e-06,62,0.5712376236915588
transformer,29,3750,0.9512481093406677,4.415823459625244,5.854808497653461e-06,63,18.023696899414062
transformer,29,3800,0.8245309591293335,3.263983964920044,4.829194023204497e-06,64,63.537818908691406
transformer,29,3850,0.888524055480957,4.410064220428467,4.029848406409195e-06,62,72.3902587890625
transformer,29,3900,0.8889584541320801,4.976558685302734,3.458004796689305e-06,63,73.56962585449219
transformer,29,3950,1.143903374671936,4.197300434112549,3.1145453764223597e-06,64,60.082218170166016
transformer,29,4000,0.8799871802330017,3.5860097408294678,2.9999999999999997e-06,63,18.200321197509766
transformer,43,1,1.6285405158996582,9.048547744750977,0.0003,63,73.12527465820312
transformer,43,50,0.9263217449188232,2.4559760093688965,0.00029988999006034904,63,48.78267288208008
transformer,43,100,1.034987449645996,3.240939140319824,0.0002995511049040809,63,57.84960174560547
transformer,43,150,0.7188924551010132,1.2902271747589111,0.00029898382150483655,63,76.26081085205078
transformer,43,200,0.8655253648757935,2.4964218139648438,0.0002981890150099629,63,40.09532165527344
transformer,43,250,0.8683772087097168,2.3864071369171143,0.00029716791156638426,63,35.12938690185547
transformer,43,300,0.9370217323303223,1.2433618307113647,0.00029592208642902746,64,154.0139617919922
transformer,43,350,0.9557778835296631,2.431857109069824,0.0002944534615306779,63,26.637128829956055
transformer,43,400,0.7005283832550049,2.1982884407043457,0.0002927643025170163,63,303.0928955078125
transformer,43,450,1.0084023475646973,3.0417397022247314,0.0002908572152514106,64,58.516910552978516
transformer,43,500,0.8788459300994873,3.3396735191345215,0.00028873514179485345,63,30.585697174072266
transformer,43,550,0.9195972681045532,1.5661343336105347,0.00028640135586724896,62,595.3504028320312
transformer,43,600,0.9692206382751465,2.234344482421875,0.0002838594577970492,62,161.6912841796875
transformer,43,650,0.7596128582954407,2.924694299697876,0.00028111336896703226,64,155.1054229736328
transformer,43,700,0.8219152688980103,2.220902442932129,0.00027816732576479037,63,37.96021270751953
transformer,43,750,0.9175678491592407,2.2599334716796875,0.00027502587304726044,63,176.0105438232422
transformer,43,800,0.7665817737579346,3.8175084590911865,0.00027169385712937896,63,64.20388793945312
transformer,43,850,1.0377877950668335,1.35284423828125,0.0002681764183076788,64,174.26339721679688
transformer,43,900,0.7964813709259033,3.1344728469848633,0.00026447898293036027,63,15.96812915802002
transformer,43,950,1.0495002269744873,6.201369762420654,0.000260607255026071,64,218.4875030517578
transformer,43,1000,1.0164542198181152,2.868964433670044,0.00025656720750430874,63,28.85494613647461
transformer,43,1050,0.7756049036979675,4.440691947937012,0.00025236507294102155,64,578.5377197265625
transformer,43,1100,1.045362949371338,3.2585296630859375,0.0002480073339636212,62,749.8165283203125
transformer,43,1150,1.455540657043457,2.5421230792999268,0.00024350071325024268,63,86.79326629638672
transformer,43,1200,0.7894808650016785,2.531057834625244,0.00023885216315867728,64,38.28261947631836
transformer,43,1250,0.88446044921875,4.410129547119141,0.0002340688550009797,64,80.94378662109375
transformer,43,1300,0.880054235458374,2.0563957691192627,0.00022915816798029423,62,193.60305786132812
transformer,43,1350,0.8859744668006897,4.020059108734131,0.00022412767780696793,63,85.23590087890625
transformer,43,1400,1.0590574741363525,1.7872679233551025,0.00021898514501151274,64,855.858154296875
transformer,43,1450,0.8662291765213013,4.2149658203125,0.0002137385029724445,64,55.496673583984375
transformer,43,1500,1.1279895305633545,5.068653583526611,0.00020839584567747136,62,48.30254364013672
transformer,43,1550,0.912408709526062,2.297246217727661,0.00020296541523690906,63,40.11449432373047
transformer,43,1600,0.987123966217041,3.632755756378174,0.00019745558916858856,64,71.63078308105469
transformer,43,1650,1.366808295249939,2.8625106811523438,0.0001918748674738704,62,53.60995864868164
transformer,43,1700,1.1719272136688232,2.048130750656128,0.0001862318595247038,63,48.2647705078125
transformer,43,1750,0.6062371134757996,3.5989410877227783,0.00018053527078196,63,32.74839782714844
transformer,43,1800,0.8704061508178711,4.411445617675781,0.0001747938893655294,62,45.54999542236328
transformer,43,1850,0.8573639392852783,3.136345386505127,0.00016901657249690066,62,17.0946102142334
transformer,43,1900,0.8243900537490845,1.6020145416259766,0.00016321223283513668,64,34.391204833984375
transformer,43,1950,0.8760839700698853,2.1556289196014404,0.00015738982472732766,64,42.38515090942383
transformer,43,2000,0.8337546586990356,2.319690465927124,0.0001515583303947313,62,116.7000961303711
transformer,43,2050,1.1830793619155884,2.871469497680664,0.00014572674607591255,64,4.163358688354492
transformer,43,2100,0.9221497178077698,1.8915364742279053,0.00013990406814825762,62,73.42792510986328
transformer,43,2150,0.8527128100395203,1.4894269704818726,0.0001340992792492751,63,62.82744598388672
transformer,43,2200,0.7977758646011353,1.1112110614776611,0.00012832133441909274,64,10.410113334655762
transformer,43,2250,0.8127225637435913,3.2352492809295654,0.00012257914728552898,62,0.37051254510879517
transformer,43,2300,0.902941882610321,5.665025234222412,0.00011688157631305119,61,573.0269165039062
transformer,43,2350,0.8595582842826843,1.388620376586914,0.00011123741113683434,62,225.90501403808594
transformer,43,2400,1.3436520099639893,2.231273651123047,0.00010565535900300224,62,30.197509765625
transformer,43,2450,0.971901535987854,4.6342058181762695,0.00010014403133597081,64,38.73272705078125
transformer,43,2500,1.407470464706421,8.968535423278809,9.471193045361487e-05,62,0.4404760003089905
transformer,43,2550,0.9486751556396484,1.7391279935836792,8.936743645075374e-05,62,5.5302348136901855
transformer,43,2600,0.9882687926292419,2.387488603591919,8.411879427119006e-05,63,73.69681549072266
transformer,43,2650,0.8146567344665527,0.9291776418685913,7.897410098824593e-05,62,133.26368713378906
transformer,43,2700,0.8833069205284119,3.8832921981811523,7.394129331341849e-05,64,0.4971328377723694
transformer,43,2750,1.038927435874939,4.584406852722168,6.90281353524261e-05,64,40.164764404296875
transformer,43,2800,0.9707623720169067,3.8817782402038574,6.424220662753214e-05,63,30.644880294799805
transformer,43,2850,1.014369249343872,2.780498743057251,5.95908903846265e-05,63,47.25817108154297
transformer,43,2900,0.9781845211982727,2.9083902835845947,5.508136220310183e-05,64,114.29751586914062
transformer,43,2950,1.1386005878448486,7.563268661499023,5.072057892609671e-05,63,26.33633804321289
transformer,43,3000,0.8124549388885498,1.9677656888961792,4.651526792818301e-05,61,48.07503890991211
transformer,43,3050,0.9659243822097778,3.330542802810669,4.2471916737054047e-05,61,26.990554809570312
transformer,43,3100,1.0443525314331055,4.888174533843994,3.8596763025224284e-05,61,528.38037109375
transformer,43,3150,1.2396204471588135,4.116565704345703,3.489578498718005e-05,62,187.88482666015625
transformer,43,3200,0.9028964042663574,2.4700241088867188,3.13746921168271e-05,61,35.71931838989258
transformer,43,3250,1.0587012767791748,1.9840142726898193,2.803891639946175e-05,64,8.244383811950684
transformer,43,3300,1.010964274406433,2.7600810527801514,2.4893603931854464e-05,64,13.952744483947754
transformer,43,3350,0.8431699275970459,5.2725653648376465,2.1943606983373167e-05,64,0.23732462525367737
transformer,43,3400,0.8501587510108948,3.8343117237091064,1.9193476510393732e-05,64,124.11717987060547
transformer,43,3450,0.7264466881752014,3.3836734294891357,1.6647455135545614e-05,60,29.707714080810547
transformer,43,3500,0.9299338459968567,4.461427688598633,1.4309470602623549e-05,63,73.56434631347656
transformer,43,3550,0.7639966011047363,5.671099662780762,1.2183129717262534e-05,61,15.824913024902344
transformer,43,3600,0.9278698563575745,8.655945777893066,1.0271712782723344e-05,64,66.64297485351562
transformer,43,3650,0.800628662109375,5.618224620819092,8.578168539373221e-06,64,262.3819885253906
transformer,43,3700,0.8546197414398193,5.629616737365723,7.105109615667955e-06,64,101.14111328125
transformer,43,3750,1.0200755596160889,7.6254706382751465,5.854808497653461e-06,64,98.0639877319336
transformer,43,3800,0.8934561610221863,1.5026367902755737,4.829194023204497e-06,62,132.9315185546875
transformer,43,3850,0.9908707141876221,2.6615102291107178,4.029848406409195e-06,64,65.00379180908203
transformer,43,3900,0.9255532026290894,2.776169776916504,3.458004796689305e-06,63,16.088430404663086
transformer,43,3950,0.9661296010017395,4.680703639984131,3.1145453764223597e-06,63,64.37210845947266
transformer,43,4000,1.0378296375274658,3.0456674098968506,2.9999999999999997e-06,63,607.114013671875
eqmotion,17,1,18.98405647277832,4.064216613769531,0.0003,64,44691.17578125
eqmotion,17,50,4.965286731719971,22.401992797851562,0.00029988999006034904,63,1977.055908203125
eqmotion,17,100,1.7972214221954346,20.101518630981445,0.0002995511049040809,63,1260.623291015625
eqmotion,17,150,1.0016863346099854,17.8541259765625,0.00029898382150483655,63,1320.466064453125
eqmotion,17,200,0.9335342645645142,28.88051414489746,0.0002981890150099629,63,256.18597412109375
eqmotion,17,250,1.1846281290054321,22.632055282592773,0.00029716791156638426,63,1019.5379638671875
eqmotion,17,300,1.307973861694336,52.16859817504883,0.00029592208642902746,64,1186.9814453125
eqmotion,17,350,0.9410825967788696,19.570844650268555,0.0002944534615306779,63,230.3922119140625
eqmotion,17,400,0.9018822908401489,51.731849670410156,0.0002927643025170163,63,466.36004638671875
eqmotion,17,450,0.9898006916046143,39.7279167175293,0.0002908572152514106,63,175.87620544433594
eqmotion,17,500,1.036874532699585,19.087371826171875,0.00028873514179485345,64,645.280029296875
eqmotion,17,550,1.0276652574539185,21.828834533691406,0.00028640135586724896,63,283.14910888671875
eqmotion,17,600,1.0130245685577393,32.23704147338867,0.0002838594577970492,63,621.7091064453125
eqmotion,17,650,0.9669911861419678,41.406761169433594,0.00028111336896703226,62,272.439453125
eqmotion,17,700,1.1198557615280151,45.547122955322266,0.00027816732576479037,62,621.6815795898438
eqmotion,17,750,0.8939850926399231,39.1832160949707,0.00027502587304726044,63,1043.2659912109375
eqmotion,17,800,1.117400884628296,19.188135147094727,0.00027169385712937896,63,284.6991271972656
eqmotion,17,850,0.9675756692886353,19.763172149658203,0.0002681764183076788,62,987.0996704101562
eqmotion,17,900,0.7451851963996887,22.644258499145508,0.00026447898293036027,63,515.0443115234375
eqmotion,17,950,0.9887338876724243,24.83379364013672,0.000260607255026071,63,871.1068725585938
eqmotion,17,1000,1.2101430892944336,19.426021575927734,0.00025656720750430874,63,1466.228515625
eqmotion,17,1050,1.302222728729248,36.16999435424805,0.00025236507294102155,64,868.4219360351562
eqmotion,17,1100,1.0348470211029053,11.38857364654541,0.0002480073339636212,64,218.05374145507812
eqmotion,17,1150,0.7958831787109375,27.81528663635254,0.00024350071325024268,63,422.8708801269531
eqmotion,17,1200,0.8641127347946167,29.111541748046875,0.00023885216315867728,63,578.7813720703125
eqmotion,17,1250,0.9010329842567444,18.272436141967773,0.0002340688550009797,64,357.0673828125
eqmotion,17,1300,0.7970613241195679,44.43228530883789,0.00022915816798029423,62,281.23431396484375
eqmotion,17,1350,1.1518876552581787,58.32943344116211,0.00022412767780696793,64,835.5921630859375
eqmotion,17,1400,0.9057512283325195,23.89352798461914,0.00021898514501151274,60,558.1027221679688
eqmotion,17,1450,0.8994040489196777,15.501676559448242,0.0002137385029724445,62,396.3085021972656
eqmotion,17,1500,0.9119969606399536,12.321028709411621,0.00020839584567747136,63,272.0625
eqmotion,17,1550,0.8543518781661987,7.927254676818848,0.00020296541523690906,61,115.19552612304688
eqmotion,17,1600,1.541616439819336,17.85282325744629,0.00019745558916858856,64,640.2421875
eqmotion,17,1650,0.8706821203231812,10.319826126098633,0.0001918748674738704,63,58.73809051513672
eqmotion,17,1700,0.8169912099838257,26.894563674926758,0.0001862318595247038,62,264.74530029296875
eqmotion,17,1750,1.1263573169708252,18.371875762939453,0.00018053527078196,64,200.56898498535156
eqmotion,17,1800,0.8832480311393738,18.193082809448242,0.0001747938893655294,63,367.12054443359375
eqmotion,17,1850,1.071331262588501,32.405311584472656,0.00016901657249690066,61,306.8944091796875
eqmotion,17,1900,1.0060875415802002,34.09326171875,0.00016321223283513668,64,280.41693115234375
eqmotion,17,1950,1.17994225025177,28.95063018798828,0.00015738982472732766,60,187.96267700195312
eqmotion,17,2000,0.9994051456451416,16.549049377441406,0.0001515583303947313,63,148.06692504882812
eqmotion,17,2050,0.9216644167900085,16.849336624145508,0.00014572674607591255,64,135.6296844482422
eqmotion,17,2100,0.764748752117157,17.2927303314209,0.00013990406814825762,60,87.04683685302734
eqmotion,17,2150,0.8721235394477844,14.911028861999512,0.0001340992792492751,64,254.9746856689453
eqmotion,17,2200,0.7546272873878479,34.30668640136719,0.00012832133441909274,64,312.94940185546875
eqmotion,17,2250,0.9379545450210571,18.580219268798828,0.00012257914728552898,62,172.86480712890625
eqmotion,17,2300,1.0473299026489258,10.724234580993652,0.00011688157631305119,64,215.0726318359375
eqmotion,17,2350,0.7650779485702515,18.154678344726562,0.00011123741113683434,63,384.0953063964844
eqmotion,17,2400,0.883037805557251,37.267879486083984,0.00010565535900300224,64,145.20230102539062
eqmotion,17,2450,0.9545649290084839,12.001506805419922,0.00010014403133597081,62,103.86212158203125
eqmotion,17,2500,0.603548526763916,21.856029510498047,9.471193045361487e-05,62,406.6564025878906
eqmotion,17,2550,0.7971920967102051,21.850906372070312,8.936743645075374e-05,63,222.68499755859375
eqmotion,17,2600,0.949794352054596,17.717342376708984,8.411879427119006e-05,63,178.05575561523438
eqmotion,17,2650,0.7929869890213013,7.922764301300049,7.897410098824593e-05,64,222.20001220703125
eqmotion,17,2700,0.7794075608253479,20.467369079589844,7.394129331341849e-05,63,403.24267578125
eqmotion,17,2750,1.1415570974349976,15.384906768798828,6.90281353524261e-05,63,232.89833068847656
eqmotion,17,2800,0.7458574771881104,30.376684188842773,6.424220662753214e-05,63,373.9117431640625
eqmotion,17,2850,0.9222242832183838,19.38618278503418,5.95908903846265e-05,63,95.61506652832031
eqmotion,17,2900,0.9153668284416199,16.005413055419922,5.508136220310183e-05,64,122.07894897460938
eqmotion,17,2950,0.7478397488594055,14.290534973144531,5.072057892609671e-05,61,208.05653381347656
eqmotion,17,3000,1.2516069412231445,16.8977108001709,4.651526792818301e-05,63,302.98193359375
eqmotion,17,3050,0.9683896899223328,31.57919692993164,4.2471916737054047e-05,64,98.44813537597656
eqmotion,17,3100,1.149044156074524,14.12414264678955,3.8596763025224284e-05,63,151.55419921875
eqmotion,17,3150,0.929426908493042,12.450413703918457,3.489578498718005e-05,61,259.75372314453125
eqmotion,17,3200,0.6523965001106262,18.517480850219727,3.13746921168271e-05,63,38.69452667236328
eqmotion,17,3250,1.129478096961975,10.12177848815918,2.803891639946175e-05,63,72.79808044433594
eqmotion,17,3300,0.8688080310821533,13.166410446166992,2.4893603931854464e-05,63,161.84312438964844
eqmotion,17,3350,1.0394718647003174,14.222667694091797,2.1943606983373167e-05,63,267.0513916015625
eqmotion,17,3400,1.366597056388855,8.17573070526123,1.9193476510393732e-05,62,83.0693588256836
eqmotion,17,3450,1.2373192310333252,14.312196731567383,1.6647455135545614e-05,64,271.671142578125
eqmotion,17,3500,1.1843793392181396,5.975647926330566,1.4309470602623549e-05,63,21.550674438476562
eqmotion,17,3550,1.0195155143737793,13.41917896270752,1.2183129717262534e-05,62,230.9119110107422
eqmotion,17,3600,0.9353483319282532,19.048114776611328,1.0271712782723344e-05,64,138.0692901611328
eqmotion,17,3650,1.4296119213104248,21.77812385559082,8.578168539373221e-06,62,139.87449645996094
eqmotion,17,3700,1.0599782466888428,13.68128490447998,7.105109615667955e-06,64,45.30152893066406
eqmotion,17,3750,1.1562819480895996,4.612593650817871,5.854808497653461e-06,64,410.6357116699219
eqmotion,17,3800,0.6718741655349731,5.207711219787598,4.829194023204497e-06,64,167.110107421875
eqmotion,17,3850,0.9082132577896118,13.209084510803223,4.029848406409195e-06,63,132.36581420898438
eqmotion,17,3900,0.9732511043548584,5.964479923248291,3.458004796689305e-06,63,104.67948150634766
eqmotion,17,3950,0.8447510600090027,9.41037368774414,3.1145453764223597e-06,61,260.5784912109375
eqmotion,17,4000,0.9060304164886475,6.973522663116455,2.9999999999999997e-06,63,49.07611846923828
eqmotion,29,1,18.839553833007812,4.028078079223633,0.0003,63,49662.08203125
eqmotion,29,50,5.2511749267578125,56.63236999511719,0.00029988999006034904,64,7867.75634765625
eqmotion,29,100,1.6227730512619019,21.655912399291992,0.0002995511049040809,62,1471.69873046875
eqmotion,29,150,1.2811918258666992,25.055753707885742,0.00029898382150483655,61,740.3864135742188
eqmotion,29,200,1.1821540594100952,13.008234024047852,0.0002981890150099629,62,455.24407958984375
eqmotion,29,250,1.1982475519180298,42.55623245239258,0.00029716791156638426,64,485.67645263671875
eqmotion,29,300,1.0294499397277832,34.53487014770508,0.00029592208642902746,63,384.463623046875
eqmotion,29,350,0.9179115295410156,15.950302124023438,0.0002944534615306779,63,347.267333984375
eqmotion,29,400,1.1289253234863281,41.89678192138672,0.0002927643025170163,64,1041.322509765625
eqmotion,29,450,1.3488683700561523,19.35797119140625,0.0002908572152514106,64,414.0629577636719
eqmotion,29,500,1.2965309619903564,34.73086929321289,0.00028873514179485345,63,574.83056640625
eqmotion,29,550,1.1788944005966187,58.11073303222656,0.00028640135586724896,63,529.8773803710938
eqmotion,29,600,1.1479355096817017,25.91377067565918,0.0002838594577970492,63,229.4157257080078
eqmotion,29,650,0.9283524751663208,23.80071449279785,0.00028111336896703226,62,629.5940551757812
eqmotion,29,700,1.1671977043151855,37.6633415222168,0.00027816732576479037,64,680.892822265625
eqmotion,29,750,1.0140068531036377,30.95975685119629,0.00027502587304726044,64,449.47509765625
eqmotion,29,800,1.2141175270080566,45.52623748779297,0.00027169385712937896,63,569.3406982421875
eqmotion,29,850,0.9677603244781494,28.95673179626465,0.0002681764183076788,62,543.1057739257812
eqmotion,29,900,0.8065249919891357,27.309263229370117,0.00026447898293036027,62,87.47772979736328
eqmotion,29,950,0.8626163005828857,21.709392547607422,0.000260607255026071,62,323.1568908691406
eqmotion,29,1000,0.8302682638168335,27.41364860534668,0.00025656720750430874,63,414.7073974609375
eqmotion,29,1050,0.7587278485298157,29.534372329711914,0.00025236507294102155,61,355.2476501464844
eqmotion,29,1100,1.0379197597503662,15.11785888671875,0.0002480073339636212,61,87.59098815917969
eqmotion,29,1150,0.8904513716697693,34.31705856323242,0.00024350071325024268,63,308.98199462890625
eqmotion,29,1200,0.8174768090248108,26.171419143676758,0.00023885216315867728,63,508.2332763671875
eqmotion,29,1250,0.9293853044509888,36.29877471923828,0.0002340688550009797,64,529.7454833984375
eqmotion,29,1300,0.7854630947113037,21.254703521728516,0.00022915816798029423,60,322.5702209472656
eqmotion,29,1350,0.7110491394996643,12.215738296508789,0.00022412767780696793,62,130.88958740234375
eqmotion,29,1400,0.8695095181465149,23.427885055541992,0.00021898514501151274,63,266.86016845703125
eqmotion,29,1450,0.799210786819458,23.203550338745117,0.0002137385029724445,61,167.7274169921875
eqmotion,29,1500,1.0261600017547607,32.949066162109375,0.00020839584567747136,64,204.74269104003906
eqmotion,29,1550,0.7765802145004272,15.21762466430664,0.00020296541523690906,62,196.4788360595703
eqmotion,29,1600,0.6572001576423645,25.465585708618164,0.00019745558916858856,64,119.5772705078125
eqmotion,29,1650,0.8344100713729858,20.195072174072266,0.0001918748674738704,63,136.31948852539062
eqmotion,29,1700,1.0617029666900635,19.129413604736328,0.0001862318595247038,62,73.56063079833984
eqmotion,29,1750,1.0196127891540527,46.0435905456543,0.00018053527078196,62,241.09799194335938
eqmotion,29,1800,0.9599429368972778,12.056153297424316,0.0001747938893655294,62,84.65091705322266
eqmotion,29,1850,0.8639780879020691,22.768465042114258,0.00016901657249690066,64,291.55853271484375
eqmotion,29,1900,0.9689295887947083,18.682720184326172,0.00016321223283513668,62,110.44940185546875
eqmotion,29,1950,0.7872247695922852,28.18779945373535,0.00015738982472732766,64,427.91943359375
eqmotion,29,2000,0.860770046710968,17.712982177734375,0.0001515583303947313,62,252.0273895263672
eqmotion,29,2050,1.2674177885055542,15.84813404083252,0.00014572674607591255,61,58.24065399169922
eqmotion,29,2100,0.8062784671783447,35.547943115234375,0.00013990406814825762,63,663.275390625
eqmotion,29,2150,1.1994588375091553,14.741397857666016,0.0001340992792492751,61,148.4410400390625
eqmotion,29,2200,0.8224732875823975,29.472023010253906,0.00012832133441909274,62,177.68765258789062
eqmotion,29,2250,0.8184478282928467,19.31365966796875,0.00012257914728552898,61,154.3481903076172
eqmotion,29,2300,1.1127359867095947,25.102998733520508,0.00011688157631305119,63,412.36419677734375
eqmotion,29,2350,0.9925664663314819,21.428878784179688,0.00011123741113683434,63,160.545654296875
eqmotion,29,2400,0.6877037286758423,15.632898330688477,0.00010565535900300224,64,860.7927856445312
eqmotion,29,2450,0.8629053831100464,13.747621536254883,0.00010014403133597081,63,265.0192565917969
eqmotion,29,2500,0.9083755016326904,15.845783233642578,9.471193045361487e-05,62,313.5888977050781
eqmotion,29,2550,0.8672047853469849,12.627400398254395,8.936743645075374e-05,63,302.7657470703125
eqmotion,29,2600,0.9683279991149902,28.379003524780273,8.411879427119006e-05,64,385.1993103027344
eqmotion,29,2650,0.7525656223297119,10.14448356628418,7.897410098824593e-05,64,161.02777099609375
eqmotion,29,2700,0.8653874397277832,14.632478713989258,7.394129331341849e-05,61,259.1395263671875
eqmotion,29,2750,0.8183825612068176,20.434541702270508,6.90281353524261e-05,64,298.46380615234375
eqmotion,29,2800,0.715886116027832,40.894432067871094,6.424220662753214e-05,62,551.4854125976562
eqmotion,29,2850,0.9585336446762085,13.395503044128418,5.95908903846265e-05,63,35.357826232910156
eqmotion,29,2900,1.0022761821746826,17.497325897216797,5.508136220310183e-05,64,56.82542419433594
eqmotion,29,2950,1.0012155771255493,22.208269119262695,5.072057892609671e-05,64,139.94305419921875
eqmotion,29,3000,0.764001190662384,15.108245849609375,4.651526792818301e-05,64,225.0772247314453
eqmotion,29,3050,0.9253360033035278,14.628560066223145,4.2471916737054047e-05,62,182.18264770507812
eqmotion,29,3100,0.9202437996864319,15.223212242126465,3.8596763025224284e-05,63,116.39855194091797
eqmotion,29,3150,0.769667387008667,7.693480014801025,3.489578498718005e-05,64,43.643280029296875
eqmotion,29,3200,0.8603174686431885,8.189288139343262,3.13746921168271e-05,63,220.35531616210938
eqmotion,29,3250,0.9480777978897095,14.748112678527832,2.803891639946175e-05,64,247.45803833007812
eqmotion,29,3300,0.779085636138916,5.996276378631592,2.4893603931854464e-05,63,102.56951904296875
eqmotion,29,3350,1.1674647331237793,9.537007331848145,2.1943606983373167e-05,64,71.69127655029297
eqmotion,29,3400,0.8323250412940979,23.444849014282227,1.9193476510393732e-05,64,176.90599060058594
eqmotion,29,3450,0.8106368184089661,13.534653663635254,1.6647455135545614e-05,62,97.00897216796875
eqmotion,29,3500,0.8661758899688721,10.90805435180664,1.4309470602623549e-05,63,63.37761306762695
eqmotion,29,3550,1.0808231830596924,4.88628625869751,1.2183129717262534e-05,64,165.2804718017578
eqmotion,29,3600,0.9679232835769653,8.578719139099121,1.0271712782723344e-05,62,224.39309692382812
eqmotion,29,3650,0.9742535352706909,15.48322582244873,8.578168539373221e-06,63,235.02566528320312
eqmotion,29,3700,1.1873183250427246,11.047487258911133,7.105109615667955e-06,62,116.06537628173828
eqmotion,29,3750,0.984439492225647,6.558954238891602,5.854808497653461e-06,63,32.83623123168945
eqmotion,29,3800,0.8287564516067505,6.219780445098877,4.829194023204497e-06,64,91.80307006835938
eqmotion,29,3850,0.8406692743301392,8.485756874084473,4.029848406409195e-06,62,131.4719696044922
eqmotion,29,3900,0.8970317840576172,7.286067008972168,3.458004796689305e-06,63,121.41199493408203
eqmotion,29,3950,1.134291410446167,8.675289154052734,3.1145453764223597e-06,64,90.29025268554688
eqmotion,29,4000,0.8587108254432678,7.673427104949951,2.9999999999999997e-06,63,29.941020965576172
eqmotion,43,1,20.92263412475586,4.319058418273926,0.0003,63,27146.978515625
eqmotion,43,50,4.19061279296875,55.08759307861328,0.00029988999006034904,63,5038.99609375
eqmotion,43,100,1.8714375495910645,20.900814056396484,0.0002995511049040809,63,936.5921020507812
eqmotion,43,150,0.9246840476989746,22.51869773864746,0.00029898382150483655,63,855.8726806640625
eqmotion,43,200,1.0465114116668701,36.946571350097656,0.0002981890150099629,63,640.8941650390625
eqmotion,43,250,1.2046701908111572,35.063865661621094,0.00029716791156638426,63,636.4277954101562
eqmotion,43,300,0.9897581338882446,21.392932891845703,0.00029592208642902746,64,382.939208984375
eqmotion,43,350,1.16987144947052,23.524932861328125,0.0002944534615306779,63,429.9129638671875
eqmotion,43,400,0.8018448352813721,32.272605895996094,0.0002927643025170163,63,705.4816284179688
eqmotion,43,450,1.0282808542251587,21.555978775024414,0.0002908572152514106,64,666.3081665039062
eqmotion,43,500,0.8422989249229431,21.070796966552734,0.00028873514179485345,63,138.20143127441406
eqmotion,43,550,1.0015664100646973,27.210880279541016,0.00028640135586724896,62,1019.4765625
eqmotion,43,600,0.9059228897094727,19.459659576416016,0.0002838594577970492,62,381.78765869140625
eqmotion,43,650,0.7353919744491577,17.985668182373047,0.00028111336896703226,64,401.504150390625
eqmotion,43,700,0.835094153881073,12.240434646606445,0.00027816732576479037,63,322.6773986816406
eqmotion,43,750,0.9344327449798584,34.53584671020508,0.00027502587304726044,63,375.1015625
eqmotion,43,800,0.7922104597091675,37.76646041870117,0.00027169385712937896,63,374.4730224609375
eqmotion,43,850,0.9850091934204102,42.88914489746094,0.0002681764183076788,64,464.9786682128906
eqmotion,43,900,0.8282838463783264,17.918853759765625,0.00026447898293036027,63,133.49815368652344
eqmotion,43,950,1.032583475112915,17.154563903808594,0.000260607255026071,64,407.827880859375
eqmotion,43,1000,1.036675214767456,24.955543518066406,0.00025656720750430874,63,296.5978088378906
eqmotion,43,1050,0.8802459239959717,43.07932662963867,0.00025236507294102155,64,1610.2618408203125
eqmotion,43,1100,1.0701855421066284,26.01720428466797,0.0002480073339636212,62,1189.8580322265625
eqmotion,43,1150,1.3181390762329102,21.846742630004883,0.00024350071325024268,63,325.2781982421875
eqmotion,43,1200,0.7952114343643188,25.03571891784668,0.00023885216315867728,64,210.17869567871094
eqmotion,43,1250,0.8480641841888428,21.932857513427734,0.0002340688550009797,64,176.59156799316406
eqmotion,43,1300,0.9040734767913818,35.63666534423828,0.00022915816798029423,62,982.4468383789062
eqmotion,43,1350,0.9035952091217041,11.896780014038086,0.00022412767780696793,63,159.20965576171875
eqmotion,43,1400,0.9838994741439819,31.421175003051758,0.00021898514501151274,64,931.7891845703125
eqmotion,43,1450,0.8797078728675842,19.32394027709961,0.0002137385029724445,64,310.5423583984375
eqmotion,43,1500,1.1875617504119873,41.34196090698242,0.00020839584567747136,62,163.24615478515625
eqmotion,43,1550,0.9798616766929626,31.70602798461914,0.00020296541523690906,63,271.0342102050781
eqmotion,43,1600,0.9649556875228882,29.24770736694336,0.00019745558916858856,64,341.1047668457031
eqmotion,43,1650,1.2027174234390259,31.572315216064453,0.0001918748674738704,62,115.20512390136719
eqmotion,43,1700,1.036413311958313,30.90212059020996,0.0001862318595247038,63,372.9158630371094
eqmotion,43,1750,0.546958327293396,14.709142684936523,0.00018053527078196,63,163.98045349121094
eqmotion,43,1800,0.9137918949127197,52.37275695800781,0.0001747938893655294,62,158.779296875
eqmotion,43,1850,0.8310271501541138,16.363962173461914,0.00016901657249690066,62,210.33460998535156
eqmotion,43,1900,0.8070560097694397,24.02764129638672,0.00016321223283513668,64,223.65399169921875
eqmotion,43,1950,0.8122470378875732,16.828947067260742,0.00015738982472732766,64,198.16236877441406
eqmotion,43,2000,0.8055135011672974,37.453670501708984,0.0001515583303947313,62,232.34881591796875
eqmotion,43,2050,1.2020666599273682,24.64765167236328,0.00014572674607591255,64,181.10418701171875
eqmotion,43,2100,0.8405101895332336,15.837665557861328,0.00013990406814825762,62,262.095458984375
eqmotion,43,2150,0.8780817985534668,22.950647354125977,0.0001340992792492751,63,187.00921630859375
eqmotion,43,2200,0.8692135214805603,12.76219367980957,0.00012832133441909274,64,191.14199829101562
eqmotion,43,2250,0.7454390525817871,10.721235275268555,0.00012257914728552898,62,57.28958511352539
eqmotion,43,2300,0.7473030686378479,14.191276550292969,0.00011688157631305119,61,619.287353515625
eqmotion,43,2350,0.8179266452789307,9.358772277832031,0.00011123741113683434,62,312.4183349609375
eqmotion,43,2400,1.3174278736114502,14.9967041015625,0.00010565535900300224,62,114.84172058105469
eqmotion,43,2450,0.8984583020210266,18.986005783081055,0.00010014403133597081,64,124.37040710449219
eqmotion,43,2500,1.2907264232635498,25.797609329223633,9.471193045361487e-05,62,56.55403137207031
eqmotion,43,2550,0.8857262134552002,13.402323722839355,8.936743645075374e-05,62,84.2185287475586
eqmotion,43,2600,1.0037620067596436,25.57304573059082,8.411879427119006e-05,63,276.3241882324219
eqmotion,43,2650,0.7545962333679199,20.44228744506836,7.897410098824593e-05,62,249.28150939941406
eqmotion,43,2700,0.8435696363449097,27.67897605895996,7.394129331341849e-05,64,148.63584899902344
eqmotion,43,2750,0.9955509901046753,16.325267791748047,6.90281353524261e-05,64,63.7927360534668
eqmotion,43,2800,0.8973617553710938,10.6611967086792,6.424220662753214e-05,63,80.52796936035156
eqmotion,43,2850,1.0334782600402832,8.496419906616211,5.95908903846265e-05,63,78.2391357421875
eqmotion,43,2900,1.0005451440811157,8.119217872619629,5.508136220310183e-05,64,139.7525177001953
eqmotion,43,2950,1.0589094161987305,8.472951889038086,5.072057892609671e-05,63,58.143192291259766
eqmotion,43,3000,0.8655952215194702,7.333049774169922,4.651526792818301e-05,61,106.51785278320312
eqmotion,43,3050,0.9427090883255005,10.804011344909668,4.2471916737054047e-05,61,74.68998718261719
eqmotion,43,3100,1.028715968132019,6.523420333862305,3.8596763025224284e-05,61,571.73193359375
eqmotion,43,3150,1.1500825881958008,9.774510383605957,3.489578498718005e-05,62,239.5998077392578
eqmotion,43,3200,0.886792004108429,21.9869441986084,3.13746921168271e-05,61,134.087158203125
eqmotion,43,3250,0.9834825992584229,14.984102249145508,2.803891639946175e-05,64,112.84717559814453
eqmotion,43,3300,0.9735572934150696,6.856861591339111,2.4893603931854464e-05,64,65.8807144165039
eqmotion,43,3350,0.7735555171966553,10.985759735107422,2.1943606983373167e-05,64,62.762630462646484
eqmotion,43,3400,0.8632619380950928,10.279370307922363,1.9193476510393732e-05,64,165.8224334716797
eqmotion,43,3450,0.7417275905609131,7.657098770141602,1.6647455135545614e-05,60,64.36315155029297
eqmotion,43,3500,0.8555259704589844,8.815910339355469,1.4309470602623549e-05,63,134.92874145507812
eqmotion,43,3550,0.7764050960540771,4.984143257141113,1.2183129717262534e-05,61,38.16448974609375
eqmotion,43,3600,0.9601050019264221,10.220182418823242,1.0271712782723344e-05,64,98.00838470458984
eqmotion,43,3650,0.7852855324745178,13.095794677734375,8.578168539373221e-06,64,294.20928955078125
eqmotion,43,3700,0.7558503150939941,17.641141891479492,7.105109615667955e-06,64,145.8698272705078
eqmotion,43,3750,0.997674286365509,8.182669639587402,5.854808497653461e-06,64,138.42503356933594
eqmotion,43,3800,0.8583447933197021,5.453240871429443,4.829194023204497e-06,62,169.6955108642578
eqmotion,43,3850,0.9246811866760254,9.218722343444824,4.029848406409195e-06,64,105.18070983886719
eqmotion,43,3900,0.9425592422485352,14.63606071472168,3.458004796689305e-06,63,39.16743469238281
eqmotion,43,3950,0.9088097810745239,13.166974067687988,3.1145453764223597e-06,63,84.5242691040039
eqmotion,43,4000,0.9921370148658752,7.3085784912109375,2.9999999999999997e-06,63,625.6868286132812
