group,subset,component,mean_pp,ci_low_pp,ci_high_pp
neural_fold0_seed17_all,all,full_total,0.9852537054224401,0.7384723220385492,1.230708519162189
neural_fold0_seed17_all,all,support_difference,0.0,0.0,0.0
neural_fold0_seed17_all,all,total,0.9852537054224401,0.7384723220385492,1.230708519162189
neural_fold0_seed17_all,all,ranking_at_product_count,0.0425175065497817,-0.07171086144962671,0.1662891629773155
neural_fold0_seed17_all,all,coverage_with_hurdle_ranking,0.9427361988726584,0.7339567141503944,1.133436938869355
neural_fold0_seed17_all,all,coverage_with_product_ranking,0.894934468336346,0.5192480469941887,1.2375820525038002
neural_fold0_seed17_all,all,ranking_at_hurdle_count,0.09031923708609418,-0.21250581097044036,0.4136451542161701
neural_fold0_seed17_all,easy,full_total,2.2160442031141576,1.62257870900843,2.8095102363707873
neural_fold0_seed17_all,easy,support_difference,0.0,0.0,0.0
neural_fold0_seed17_all,easy,total,2.2160442031141576,1.62257870900843,2.8095102363707873
neural_fold0_seed17_all,easy,ranking_at_product_count,0.11285355249454967,-0.20779781310006565,0.4006077732220684
neural_fold0_seed17_all,easy,coverage_with_hurdle_ranking,2.103190650619608,1.5091115795907561,2.6123805196949363
neural_fold0_seed17_all,easy,coverage_with_product_ranking,1.4801910729814918,0.882409855318047,2.0468165828951124
neural_fold0_seed17_all,easy,ranking_at_hurdle_count,0.7358531301326661,0.32829349457297424,1.0891249542358636
neural_fold0_seed17_all,hard,full_total,0.7739598154522095,0.40854968076731607,1.1331775960474701
neural_fold0_seed17_all,hard,support_difference,0.0,0.0,0.0
neural_fold0_seed17_all,hard,total,0.7739598154522095,0.40854968076731607,1.1331775960474701
neural_fold0_seed17_all,hard,ranking_at_product_count,0.017895752895995643,-0.11148866152750772,0.16940443532600793
neural_fold0_seed17_all,hard,coverage_with_hurdle_ranking,0.756064062556214,0.4178352527837199,1.1057465793948666
neural_fold0_seed17_all,hard,coverage_with_product_ranking,0.9763464176746273,0.4833837387828368,1.5140069883243337
neural_fold0_seed17_all,hard,ranking_at_hurdle_count,-0.20238660222241786,-0.5082201209002842,0.10344052633395107
neural_fold0_seed17_easy,all,full_total,-2.5231615407663077,-3.9095728709732525,-0.6313964575634142
neural_fold0_seed17_easy,all,support_difference,0.0,0.0,0.0
neural_fold0_seed17_easy,all,total,-2.5231615407663077,-3.9095728709732525,-0.6313964575634142
neural_fold0_seed17_easy,all,ranking_at_product_count,-0.9038402574613245,-1.8039137326629568,-0.08287647658796092
neural_fold0_seed17_easy,all,coverage_with_hurdle_ranking,-1.6193212833049837,-2.459272694206768,-0.36898727991623714
neural_fold0_seed17_easy,all,coverage_with_product_ranking,-1.8819069910326518,-3.0634727866626386,-0.2594818364438038
neural_fold0_seed17_easy,all,ranking_at_hurdle_count,-0.6412545497336561,-0.8938392736296692,-0.3565462590345914
neural_fold0_seed17_easy,easy,full_total,-1.3607080106752185,-3.2924234323450516,1.0926934788663378
neural_fold0_seed17_easy,easy,support_difference,0.0,0.0,0.0
neural_fold0_seed17_easy,easy,total,-1.3607080106752185,-3.2924234323450516,1.0926934788663378
neural_fold0_seed17_easy,easy,ranking_at_product_count,0.8363116418142937,-0.033281432982062056,1.5540442693503418
neural_fold0_seed17_easy,easy,coverage_with_hurdle_ranking,-2.1970196524895123,-4.676469866179708,1.0597861215395794
neural_fold0_seed17_easy,easy,coverage_with_product_ranking,-2.3816556793294,-4.656163218643089,0.36646479245822355
neural_fold0_seed17_easy,easy,ranking_at_hurdle_count,1.0209476686541819,0.5611808771186295,1.479641766967225
neural_fold0_seed17_easy,hard,full_total,-3.4617718484575004,-4.453944428902128,-2.2309492621650957
neural_fold0_seed17_easy,hard,support_difference,0.0,0.0,0.0
neural_fold0_seed17_easy,hard,total,-3.4617718484575004,-4.453944428902128,-2.2309492621650957
neural_fold0_seed17_easy,hard,ranking_at_product_count,-1.6512924967835836,-2.549494031998532,-0.8551792594958795
neural_fold0_seed17_easy,hard,coverage_with_hurdle_ranking,-1.8104793516739166,-2.540474284416506,-1.1311570769340307
neural_fold0_seed17_easy,hard,coverage_with_product_ranking,-2.5864749038724395,-3.5293932723018187,-1.4464830749049837
neural_fold0_seed17_easy,hard,ranking_at_hurdle_count,-0.8752969445850609,-1.0210558227168636,-0.7482645938534681
damping097_fold0_seed17_all,all,full_total,0.9717717643681787,0.5849758239251742,1.3442344728327575
damping097_fold0_seed17_all,all,support_difference,0.0,0.0,0.0
damping097_fold0_seed17_all,all,total,0.9717717643681787,0.5849758239251742,1.3442344728327575
damping097_fold0_seed17_all,all,ranking_at_product_count,-0.440925947356948,-0.7750596743585749,-0.09561590652279935
damping097_fold0_seed17_all,all,coverage_with_hurdle_ranking,1.4126977117251267,0.9756553609589683,1.7241209086390847
damping097_fold0_seed17_all,all,coverage_with_product_ranking,1.2457125411708811,0.8309245589785932,1.5673447405793766
damping097_fold0_seed17_all,all,ranking_at_hurdle_count,-0.27394077680270223,-0.7442923960121642,0.20084527798650317
damping097_fold0_seed17_all,easy,full_total,0.28545197585097715,0.036022883530119836,0.5131867905801426
damping097_fold0_seed17_all,easy,support_difference,0.0,0.0,0.0
damping097_fold0_seed17_all,easy,total,0.28545197585097715,0.036022883530119836,0.5131867905801426
damping097_fold0_seed17_all,easy,ranking_at_product_count,0.3773049804729426,0.21084112500483515,0.587133272947448
damping097_fold0_seed17_all,easy,coverage_with_hurdle_ranking,-0.09185300462196547,-0.24506482372104543,0.040040577413686225
damping097_fold0_seed17_all,easy,coverage_with_product_ranking,0.022221071365973018,-0.1947890484713396,0.21431259709876174
damping097_fold0_seed17_all,easy,ranking_at_hurdle_count,0.2632309044850041,0.08544826631266834,0.517067369598748
damping097_fold0_seed17_all,hard,full_total,0.8851987674769278,0.46522795962571967,1.3080467422229285
damping097_fold0_seed17_all,hard,support_difference,0.0,0.0,0.0
damping097_fold0_seed17_all,hard,total,0.8851987674769278,0.46522795962571967,1.3080467422229285
damping097_fold0_seed17_all,hard,ranking_at_product_count,-0.6457816718500056,-1.07231649462248,-0.16982502371908031
damping097_fold0_seed17_all,hard,coverage_with_hurdle_ranking,1.5309804393269335,1.0171524126313334,1.8940893733627848
damping097_fold0_seed17_all,hard,coverage_with_product_ranking,1.4251587911723267,0.968998698096056,1.7345167359483136
damping097_fold0_seed17_all,hard,ranking_at_hurdle_count,-0.5399600236953987,-1.058240559275252,0.004911410773793142
damping097_fold0_seed17_easy,all,full_total,-0.7338235077596551,-1.0945705298847275,-0.32679430897055556
damping097_fold0_seed17_easy,all,support_difference,0.0,0.0,0.0
damping097_fold0_seed17_easy,all,total,-0.7338235077596551,-1.0945705298847275,-0.32679430897055556
damping097_fold0_seed17_easy,all,ranking_at_product_count,0.10298902511886468,-0.22265784232134644,0.45437551709068735
damping097_fold0_seed17_easy,all,coverage_with_hurdle_ranking,-0.8368125328785198,-1.0623418255231367,-0.5954627191074762
damping097_fold0_seed17_easy,all,coverage_with_product_ranking,-0.6483357010576984,-0.8387348741295344,-0.3987480798334288
damping097_fold0_seed17_easy,all,ranking_at_hurdle_count,-0.08548780670195677,-0.3006718032919016,0.14283740561984043
damping097_fold0_seed17_easy,easy,full_total,0.36303128148610875,0.040176197473986,0.8391298272171108
damping097_fold0_seed17_easy,easy,support_difference,0.0,0.0,0.0
damping097_fold0_seed17_easy,easy,total,0.36303128148610875,0.040176197473986,0.8391298272171108
damping097_fold0_seed17_easy,easy,ranking_at_product_count,-0.019717471106485876,-0.35594785419407765,0.2289716147415146
damping097_fold0_seed17_easy,easy,coverage_with_hurdle_ranking,0.3827487525925946,-0.01815204165093014,1.1234364885287988
damping097_fold0_seed17_easy,easy,coverage_with_product_ranking,0.21854129635881278,-0.14448421062630581,0.8079714584176599
damping097_fold0_seed17_easy,easy,ranking_at_hurdle_count,0.144489985127296,0.00597773192636723,0.25888755240551903
damping097_fold0_seed17_easy,hard,full_total,-0.8328933081662376,-1.2690444040501923,-0.3276504970273884
damping097_fold0_seed17_easy,hard,support_difference,0.0,0.0,0.0
damping097_fold0_seed17_easy,hard,total,-0.8328933081662376,-1.2690444040501923,-0.3276504970273884
damping097_fold0_seed17_easy,hard,ranking_at_product_count,0.12962244910644735,-0.18992019664751536,0.4944543562215961
damping097_fold0_seed17_easy,hard,coverage_with_hurdle_ranking,-0.9625157572726851,-1.1840201708387001,-0.737678460853566
damping097_fold0_seed17_easy,hard,coverage_with_product_ranking,-0.6481454583720182,-0.8723122873349545,-0.3664741609302696
damping097_fold0_seed17_easy,hard,ranking_at_hurdle_count,-0.18474784979421952,-0.4666575921168879,0.11768985708617913
neural_fold0_seed29_all,all,full_total,1.3836866916491677,1.004366736347732,1.7234731436750879
neural_fold0_seed29_all,all,support_difference,0.0,0.0,0.0
neural_fold0_seed29_all,all,total,1.3836866916491677,1.004366736347732,1.7234731436750879
neural_fold0_seed29_all,all,ranking_at_product_count,0.22207972432938508,0.11591393704440897,0.3411405179482895
neural_fold0_seed29_all,all,coverage_with_hurdle_ranking,1.1616069673197824,0.8334914227253916,1.4437525443314994
neural_fold0_seed29_all,all,coverage_with_product_ranking,0.9790195239383801,0.5099336772548071,1.4832117061963868
neural_fold0_seed29_all,all,ranking_at_hurdle_count,0.4046671677107876,-0.013525408073868489,0.8276779439480763
neural_fold0_seed29_all,easy,full_total,2.862813580104433,1.7873847380798826,3.81484623047813
neural_fold0_seed29_all,easy,support_difference,0.0,0.0,0.0
neural_fold0_seed29_all,easy,total,2.862813580104433,1.7873847380798826,3.81484623047813
neural_fold0_seed29_all,easy,ranking_at_product_count,-0.4706157373756682,-0.6432403924102411,-0.30490230026128257
neural_fold0_seed29_all,easy,coverage_with_hurdle_ranking,3.333429317480101,2.1886365216154995,4.377577499437442
neural_fold0_seed29_all,easy,coverage_with_product_ranking,2.739812276948027,1.8143944679645814,3.5313480798485153
neural_fold0_seed29_all,easy,ranking_at_hurdle_count,0.12300130315640581,-0.18410082666977992,0.39067485085716375
neural_fold0_seed29_all,hard,full_total,1.1427031231130562,0.6654481654575422,1.6417591859107514
neural_fold0_seed29_all,hard,support_difference,0.0,0.0,0.0
neural_fold0_seed29_all,hard,total,1.1427031231130562,0.6654481654575422,1.6417591859107514
neural_fold0_seed29_all,hard,ranking_at_product_count,0.26778876464194096,0.13110285377945402,0.4146003255579278
neural_fold0_seed29_all,hard,coverage_with_hurdle_ranking,0.8749143584711151,0.4773944027101979,1.2803798794813832
neural_fold0_seed29_all,hard,coverage_with_product_ranking,0.7667788086046016,0.17163462905369467,1.523741462105594
neural_fold0_seed29_all,hard,ranking_at_hurdle_count,0.37592431450845454,-0.21327266307821977,0.9658600302125159
neural_fold0_seed29_easy,all,full_total,-1.9885116418522102,-2.699977965318705,-1.2195267595479529
neural_fold0_seed29_easy,all,support_difference,0.0,0.0,0.0
neural_fold0_seed29_easy,all,total,-1.9885116418522102,-2.699977965318705,-1.2195267595479529
neural_fold0_seed29_easy,all,ranking_at_product_count,-0.6409725360020477,-1.0323298248981263,-0.34505133148865663
neural_fold0_seed29_easy,all,coverage_with_hurdle_ranking,-1.3475391058501622,-2.005063181246068,-0.697546168345283
neural_fold0_seed29_easy,all,coverage_with_product_ranking,-1.589077276800014,-2.217887237428377,-0.941670498472816
neural_fold0_seed29_easy,all,ranking_at_hurdle_count,-0.399434365052196,-0.5553273798359603,-0.22868794087593394
neural_fold0_seed29_easy,easy,full_total,-3.95042641381607,-5.470267301538987,-2.4649536096905718
neural_fold0_seed29_easy,easy,support_difference,0.0,0.0,0.0
neural_fold0_seed29_easy,easy,total,-3.95042641381607,-5.470267301538987,-2.4649536096905718
neural_fold0_seed29_easy,easy,ranking_at_product_count,0.7108373201276691,0.1159296943758233,1.1746589817249464
neural_fold0_seed29_easy,easy,coverage_with_hurdle_ranking,-4.6612637339437395,-6.491088268389728,-2.7387928538559296
neural_fold0_seed29_easy,easy,coverage_with_product_ranking,-5.017737484892492,-6.892317678264974,-3.1199488818486576
neural_fold0_seed29_easy,easy,ranking_at_hurdle_count,1.0673110710764218,0.46526360132703454,1.7856929419659517
neural_fold0_seed29_easy,hard,full_total,-1.8466398396280383,-2.6780939766551275,-1.0047370363835322
neural_fold0_seed29_easy,hard,support_difference,0.0,0.0,0.0
neural_fold0_seed29_easy,hard,total,-1.8466398396280383,-2.6780939766551275,-1.0047370363835322
neural_fold0_seed29_easy,hard,ranking_at_product_count,-1.0183132103551378,-1.452661546840553,-0.6352558894764497
neural_fold0_seed29_easy,hard,coverage_with_hurdle_ranking,-0.8283266292729005,-1.5972388789898804,-0.2487650946976754
neural_fold0_seed29_easy,hard,coverage_with_product_ranking,-1.4111207872604241,-2.206457422646651,-0.5634865769445069
neural_fold0_seed29_easy,hard,ranking_at_hurdle_count,-0.43551905236761407,-0.5843787557342571,-0.2703587035063117
damping097_fold0_seed29_all,all,full_total,1.4686794730857695,0.9611518179603205,1.9431764643855995
damping097_fold0_seed29_all,all,support_difference,0.0,0.0,0.0
damping097_fold0_seed29_all,all,total,1.4686794730857695,0.9611518179603205,1.9431764643855995
damping097_fold0_seed29_all,all,ranking_at_product_count,-0.04068999922045349,-0.25420719920492085,0.1745954133743564
damping097_fold0_seed29_all,all,coverage_with_hurdle_ranking,1.509369472306223,0.9782199356540529,1.953071999677143
damping097_fold0_seed29_all,all,coverage_with_product_ranking,1.6281205476557576,1.0294006159695968,2.131824931283218
damping097_fold0_seed29_all,all,ranking_at_hurdle_count,-0.15944107456998827,-0.47413101778534844,0.13245937869628763
damping097_fold0_seed29_all,easy,full_total,0.017504885534834036,-0.21827244046203162,0.2121060692396869
damping097_fold0_seed29_all,easy,support_difference,0.0,0.0,0.0
damping097_fold0_seed29_all,easy,total,0.017504885534834036,-0.21827244046203162,0.2121060692396869
damping097_fold0_seed29_all,easy,ranking_at_product_count,0.12210004915628181,-0.08809641864856008,0.274450574565692
damping097_fold0_seed29_all,easy,coverage_with_hurdle_ranking,-0.1045951636214478,-0.24616439598948772,0.018199200910151488
damping097_fold0_seed29_all,easy,coverage_with_product_ranking,-0.1503419173681503,-0.4087665490368175,0.0671530866946872
damping097_fold0_seed29_all,easy,ranking_at_hurdle_count,0.16784680290298432,-0.000981869875584605,0.34663474612689266
damping097_fold0_seed29_all,hard,full_total,1.5130927999010275,0.9889132816436518,2.0225949572310036
damping097_fold0_seed29_all,hard,support_difference,0.0,0.0,0.0
damping097_fold0_seed29_all,hard,total,1.5130927999010275,0.9889132816436518,2.0225949572310036
damping097_fold0_seed29_all,hard,ranking_at_product_count,-0.09779733071068417,-0.41909680459178444,0.2638582301899446
damping097_fold0_seed29_all,hard,coverage_with_hurdle_ranking,1.6108901306117116,0.946754213933348,2.1545810976211057
damping097_fold0_seed29_all,hard,coverage_with_product_ranking,1.8587894967865193,1.330532055232641,2.3013630123142335
damping097_fold0_seed29_all,hard,ranking_at_hurdle_count,-0.3456966968854921,-0.6422069945550652,-0.05166493853655704
damping097_fold0_seed29_easy,all,full_total,-0.48392517115376577,-0.8385828191088599,-0.13538455195756055
damping097_fold0_seed29_easy,all,support_difference,0.0,0.0,0.0
damping097_fold0_seed29_easy,all,total,-0.48392517115376577,-0.8385828191088599,-0.13538455195756055
damping097_fold0_seed29_easy,all,ranking_at_product_count,0.2676412944379666,0.009656731889072236,0.5377229745449771
damping097_fold0_seed29_easy,all,coverage_with_hurdle_ranking,-0.7515664655917322,-0.944747343558686,-0.506700967861591
damping097_fold0_seed29_easy,all,coverage_with_product_ranking,-0.5330606375183151,-0.728696409328629,-0.3319819944797193
damping097_fold0_seed29_easy,all,ranking_at_hurdle_count,0.04913546636454947,-0.131659182660175,0.2259795787495638
damping097_fold0_seed29_easy,easy,full_total,0.22080456986028696,0.03601831185745877,0.4347733283588679
damping097_fold0_seed29_easy,easy,support_difference,0.0,0.0,0.0
damping097_fold0_seed29_easy,easy,total,0.22080456986028696,0.03601831185745877,0.4347733283588679
damping097_fold0_seed29_easy,easy,ranking_at_product_count,-0.04428122915895133,-0.6406380886585665,0.3762015795792094
damping097_fold0_seed29_easy,easy,coverage_with_hurdle_ranking,0.26508579901923834,-0.007316883045681475,0.7468641241142718
damping097_fold0_seed29_easy,easy,coverage_with_product_ranking,0.11230556413532655,-0.08815293791633164,0.33202700857594647
damping097_fold0_seed29_easy,easy,ranking_at_hurdle_count,0.10849900572496043,-0.060692604867543506,0.22564444324806257
damping097_fold0_seed29_easy,hard,full_total,-0.4964515296709673,-0.9880878602570247,-0.01934163840792858
damping097_fold0_seed29_easy,hard,support_difference,0.0,0.0,0.0
damping097_fold0_seed29_easy,hard,total,-0.4964515296709673,-0.9880878602570247,-0.01934163840792858
damping097_fold0_seed29_easy,hard,ranking_at_product_count,0.3559468541029573,-0.017771529222379692,0.6987571893542492
damping097_fold0_seed29_easy,hard,coverage_with_hurdle_ranking,-0.8523983837739246,-1.0048083599008293,-0.7014949944046333
damping097_fold0_seed29_easy,hard,coverage_with_product_ranking,-0.5393167951640603,-0.7750948223813005,-0.316422154547268
damping097_fold0_seed29_easy,hard,ranking_at_hurdle_count,0.042865265493093004,-0.24188434343393328,0.3108831068762758
neural_fold0_seed43_all,all,full_total,1.586411283657641,1.168047415838894,2.0493733324653753
neural_fold0_seed43_all,all,support_difference,0.0,0.0,0.0
neural_fold0_seed43_all,all,total,1.586411283657641,1.168047415838894,2.0493733324653753
neural_fold0_seed43_all,all,ranking_at_product_count,-0.24898759833432904,-0.42048406395676863,-0.0791583469847472
neural_fold0_seed43_all,all,coverage_with_hurdle_ranking,1.8353988819919698,1.345239112236317,2.299577739662564
neural_fold0_seed43_all,all,coverage_with_product_ranking,2.204143755467834,1.2452524904015074,3.0465922152244564
neural_fold0_seed43_all,all,ranking_at_hurdle_count,-0.6177324718101929,-1.2141675093077782,0.054281931964385396
neural_fold0_seed43_all,easy,full_total,4.454147793936477,3.2766468474603982,5.727467542881436
neural_fold0_seed43_all,easy,support_difference,0.0,0.0,0.0
neural_fold0_seed43_all,easy,total,4.454147793936477,3.2766468474603982,5.727467542881436
neural_fold0_seed43_all,easy,ranking_at_product_count,0.2850225119550938,0.00039086042427774063,0.5874266269118211
neural_fold0_seed43_all,easy,coverage_with_hurdle_ranking,4.169125281981383,2.8587475473956423,5.444555081362187
neural_fold0_seed43_all,easy,coverage_with_product_ranking,2.8646979702071182,1.7895148388198625,4.0528141129127215
neural_fold0_seed43_all,easy,ranking_at_hurdle_count,1.5894498237293595,1.1927730003669197,2.0017128216356777
neural_fold0_seed43_all,hard,full_total,1.4009298842926552,0.8258804911777345,2.059835384847511
neural_fold0_seed43_all,hard,support_difference,0.0,0.0,0.0
neural_fold0_seed43_all,hard,total,1.4009298842926552,0.8258804911777345,2.059835384847511
neural_fold0_seed43_all,hard,ranking_at_product_count,-0.3428973525423077,-0.6071446430618873,-0.11984429644241545
neural_fold0_seed43_all,hard,coverage_with_hurdle_ranking,1.7438272368349628,1.10747508052174,2.4718542982050833
neural_fold0_seed43_all,hard,coverage_with_product_ranking,2.7183523613389977,1.7302259643488853,3.647466677479031
neural_fold0_seed43_all,hard,ranking_at_hurdle_count,-1.3174224770463425,-1.9389782267933906,-0.6642407305941409
neural_fold0_seed43_easy,all,full_total,-1.531753623708083,-2.273082273822756,-0.8233378020463497
neural_fold0_seed43_easy,all,support_difference,0.0,0.0,0.0
neural_fold0_seed43_easy,all,total,-1.531753623708083,-2.273082273822756,-0.8233378020463497
neural_fold0_seed43_easy,all,ranking_at_product_count,-0.3256142508451084,-0.8176512921175612,0.13526072357149083
neural_fold0_seed43_easy,all,coverage_with_hurdle_ranking,-1.2061393728629746,-1.671835304237593,-0.7739323520686922
neural_fold0_seed43_easy,all,coverage_with_product_ranking,-1.33933707344891,-1.930840216254633,-0.8171682739825887
neural_fold0_seed43_easy,all,ranking_at_hurdle_count,-0.19241655025917298,-0.3911552498755503,0.01952835769362954
neural_fold0_seed43_easy,easy,full_total,-4.00257061088268,-5.8857861600586325,-1.8905393147501477
neural_fold0_seed43_easy,easy,support_difference,0.0,0.0,0.0
neural_fold0_seed43_easy,easy,total,-4.00257061088268,-5.8857861600586325,-1.8905393147501477
neural_fold0_seed43_easy,easy,ranking_at_product_count,1.385761536315604,1.1396637961757463,1.6960912398883534
neural_fold0_seed43_easy,easy,coverage_with_hurdle_ranking,-5.388332147198284,-7.096543432889282,-3.5604513912174114
neural_fold0_seed43_easy,easy,coverage_with_product_ranking,-4.765132546205768,-6.861686566389908,-2.55943288263449
neural_fold0_seed43_easy,easy,ranking_at_hurdle_count,0.7625619353230881,0.29592423494052517,1.275627556210729
neural_fold0_seed43_easy,hard,full_total,-1.3158445483854222,-1.918131403359704,-0.7368828790387123
neural_fold0_seed43_easy,hard,support_difference,0.0,0.0,0.0
neural_fold0_seed43_easy,hard,total,-1.3158445483854222,-1.918131403359704,-0.7368828790387123
neural_fold0_seed43_easy,hard,ranking_at_product_count,-0.5964318871973833,-1.1416419495186676,-0.08814168746855014
neural_fold0_seed43_easy,hard,coverage_with_hurdle_ranking,-0.7194126611880391,-1.2632765299480204,-0.3152297453596468
neural_fold0_seed43_easy,hard,coverage_with_product_ranking,-1.1454252776124871,-1.666601525174241,-0.6469567692510516
neural_fold0_seed43_easy,hard,ranking_at_hurdle_count,-0.17041927077293495,-0.30879024537586663,-0.03230726854260316
damping097_fold0_seed43_all,all,full_total,1.0298593665885478,0.5728926614712466,1.4606172110691373
damping097_fold0_seed43_all,all,support_difference,0.0,0.0,0.0
damping097_fold0_seed43_all,all,total,1.0298593665885478,0.5728926614712466,1.4606172110691373
damping097_fold0_seed43_all,all,ranking_at_product_count,-0.5428085733198925,-0.9057056509891728,-0.1881729202820231
damping097_fold0_seed43_all,all,coverage_with_hurdle_ranking,1.5726679399084407,1.0421608046496498,1.9438272582746847
damping097_fold0_seed43_all,all,coverage_with_product_ranking,1.14566762975297,0.7001222374866832,1.4948391335741826
damping097_fold0_seed43_all,all,ranking_at_hurdle_count,-0.11580826316442211,-0.5460213412585513,0.26874362972299426
damping097_fold0_seed43_all,easy,full_total,-0.05978282296000832,-0.4746762531780142,0.2760139889054537
damping097_fold0_seed43_all,easy,support_difference,0.0,0.0,0.0
damping097_fold0_seed43_all,easy,total,-0.05978282296000832,-0.4746762531780142,0.2760139889054537
damping097_fold0_seed43_all,easy,ranking_at_product_count,0.20946074599705933,0.03218038341463732,0.409194060760675
damping097_fold0_seed43_all,easy,coverage_with_hurdle_ranking,-0.26924356895706764,-0.5544521167336621,-0.03931464235783952
damping097_fold0_seed43_all,easy,coverage_with_product_ranking,-0.35804496064271074,-1.0246131600088801,0.08061559231983564
damping097_fold0_seed43_all,easy,ranking_at_hurdle_count,0.29826213768270243,0.01212137214727735,0.6443865264833214
damping097_fold0_seed43_all,hard,full_total,0.8579381225274013,0.39335460300862807,1.3104787891296161
damping097_fold0_seed43_all,hard,support_difference,0.0,0.0,0.0
damping097_fold0_seed43_all,hard,total,0.8579381225274013,0.39335460300862807,1.3104787891296161
damping097_fold0_seed43_all,hard,ranking_at_product_count,-0.8898874569118481,-1.248325563656336,-0.5027427943778369
damping097_fold0_seed43_all,hard,coverage_with_hurdle_ranking,1.7478255794392497,1.147747599136091,2.1809350938008056
damping097_fold0_seed43_all,hard,coverage_with_product_ranking,1.346338067126403,0.9568082374047207,1.6613208727237179
damping097_fold0_seed43_all,hard,ranking_at_hurdle_count,-0.4883999445990014,-0.8391773813077666,-0.14947650891106737
damping097_fold0_seed43_easy,all,full_total,-0.1048409251127955,-0.24033424210179083,0.039297807893135805
damping097_fold0_seed43_easy,all,support_difference,0.0,0.0,0.0
damping097_fold0_seed43_easy,all,total,-0.1048409251127955,-0.24033424210179083,0.039297807893135805
damping097_fold0_seed43_easy,all,ranking_at_product_count,0.29827438473403534,0.16487392134213652,0.4187960313759626
damping097_fold0_seed43_easy,all,coverage_with_hurdle_ranking,-0.40311530984683097,-0.49437435223236387,-0.3164120154201997
damping097_fold0_seed43_easy,all,coverage_with_product_ranking,-0.23475215589529838,-0.3570394440705869,-0.08591080912040626
damping097_fold0_seed43_easy,all,ranking_at_hurdle_count,0.12991123078250283,0.015070014163128477,0.25137608081535046
damping097_fold0_seed43_easy,easy,full_total,0.22893938468350922,0.034738699265826456,0.4386117843733323
damping097_fold0_seed43_easy,easy,support_difference,0.0,0.0,0.0
damping097_fold0_seed43_easy,easy,total,0.22893938468350922,0.034738699265826456,0.4386117843733323
damping097_fold0_seed43_easy,easy,ranking_at_product_count,0.09342751918226141,-0.16651550268395576,0.3470298409333022
damping097_fold0_seed43_easy,easy,coverage_with_hurdle_ranking,0.13551186550124786,0.009048192883436798,0.35045858146580217
damping097_fold0_seed43_easy,easy,coverage_with_product_ranking,0.17812821130741432,-0.006392540495391096,0.3693857146151137
damping097_fold0_seed43_easy,easy,ranking_at_hurdle_count,0.05081117337609488,0.004512328096531524,0.09212710618599759
damping097_fold0_seed43_easy,hard,full_total,0.01332549728075872,-0.22996741346589553,0.30074271192892044
damping097_fold0_seed43_easy,hard,support_difference,0.0,0.0,0.0
damping097_fold0_seed43_easy,hard,total,0.01332549728075872,-0.22996741346589553,0.30074271192892044
damping097_fold0_seed43_easy,hard,ranking_at_product_count,0.4426829649059044,0.15697992810049502,0.7701311129871444
damping097_fold0_seed43_easy,hard,coverage_with_hurdle_ranking,-0.42935746762514576,-0.5378228992670542,-0.34009078480367205
damping097_fold0_seed43_easy,hard,coverage_with_product_ranking,-0.19320435569760072,-0.29654114415307875,-0.07239590977990565
damping097_fold0_seed43_easy,hard,ranking_at_hurdle_count,0.2065298529783594,-0.0019318836544451935,0.42067926660242
neural_fold1_seed17_all,all,full_total,0.46491787482803604,0.0915059517377952,0.8155533117937079
neural_fold1_seed17_all,all,support_difference,0.0,0.0,0.0
neural_fold1_seed17_all,all,total,0.46491787482803604,0.0915059517377952,0.8155533117937079
neural_fold1_seed17_all,all,ranking_at_product_count,-0.35570091468712406,-0.6281058949116152,-0.11152761887061272
neural_fold1_seed17_all,all,coverage_with_hurdle_ranking,0.8206187895151602,0.5570344444100839,1.0948039023160923
neural_fold1_seed17_all,all,coverage_with_product_ranking,0.7847745764449479,0.32613497294565874,1.136539310546878
neural_fold1_seed17_all,all,ranking_at_hurdle_count,-0.3198567016169118,-0.7171065113684008,0.13159101263173004
neural_fold1_seed17_all,easy,full_total,2.361897240261608,1.7088940658163734,3.1096488012803696
neural_fold1_seed17_all,easy,support_difference,0.0,0.0,0.0
neural_fold1_seed17_all,easy,total,2.361897240261608,1.7088940658163734,3.1096488012803696
neural_fold1_seed17_all,easy,ranking_at_product_count,0.7793278978933064,0.5930360435778801,0.9547764788426039
neural_fold1_seed17_all,easy,coverage_with_hurdle_ranking,1.5825693423683016,1.0311379587835459,2.2524613110866154
neural_fold1_seed17_all,easy,coverage_with_product_ranking,1.5118503912737498,1.0054984496989279,2.1103161257786938
neural_fold1_seed17_all,easy,ranking_at_hurdle_count,0.8500468489878583,0.48869731817758094,1.3593257452794596
neural_fold1_seed17_all,hard,full_total,-0.07089804957264782,-0.36978515231708226,0.16013745298201312
neural_fold1_seed17_all,hard,support_difference,0.0,0.0,0.0
neural_fold1_seed17_all,hard,total,-0.07089804957264782,-0.36978515231708226,0.16013745298201312
neural_fold1_seed17_all,hard,ranking_at_product_count,-0.5606375173536765,-0.9377258713352865,-0.21208668482086035
neural_fold1_seed17_all,hard,coverage_with_hurdle_ranking,0.4897394677810288,0.26118233496242504,0.7462831558857146
neural_fold1_seed17_all,hard,coverage_with_product_ranking,0.6757095801147239,0.20855016572269697,1.0876683932404692
neural_fold1_seed17_all,hard,ranking_at_hurdle_count,-0.7466076296873718,-1.2160346825101107,-0.20223827993535481
neural_fold1_seed17_easy,all,full_total,-2.2570412283011856,-3.2385401863307357,-1.2270837320021708
neural_fold1_seed17_easy,all,support_difference,0.0,0.0,0.0
neural_fold1_seed17_easy,all,total,-2.2570412283011856,-3.2385401863307357,-1.2270837320021708
neural_fold1_seed17_easy,all,ranking_at_product_count,-1.3235734953239937,-2.9033812240908636,-0.365472517031377
neural_fold1_seed17_easy,all,coverage_with_hurdle_ranking,-0.9334677329771919,-2.5451675628215824,1.5390444294607544
neural_fold1_seed17_easy,all,coverage_with_product_ranking,-1.9056389462286394,-2.828031012171243,-0.9908793043761956
neural_fold1_seed17_easy,all,ranking_at_hurdle_count,-0.35140228207254615,-0.520307636588277,-0.2097735764094032
neural_fold1_seed17_easy,easy,full_total,-3.731216207303568,-5.03403251419168,-2.2470138711526553
neural_fold1_seed17_easy,easy,support_difference,0.0,0.0,0.0
neural_fold1_seed17_easy,easy,total,-3.731216207303568,-5.03403251419168,-2.2470138711526553
neural_fold1_seed17_easy,easy,ranking_at_product_count,-0.7391451867988019,-3.3644339339065246,0.9601003716579304
neural_fold1_seed17_easy,easy,coverage_with_hurdle_ranking,-2.992071020504766,-5.486846653314742,0.14765857218366474
neural_fold1_seed17_easy,easy,coverage_with_product_ranking,-4.822708607308748,-6.199708402389556,-3.3914430339486366
neural_fold1_seed17_easy,easy,ranking_at_hurdle_count,1.0914924000051796,0.38656673081952403,1.7352960893761487
neural_fold1_seed17_easy,hard,full_total,-1.7223942250168123,-2.5408515429843797,-0.9380350179781859
neural_fold1_seed17_easy,hard,support_difference,0.0,0.0,0.0
neural_fold1_seed17_easy,hard,total,-1.7223942250168123,-2.5408515429843797,-0.9380350179781859
neural_fold1_seed17_easy,hard,ranking_at_product_count,-2.3468486331828915,-4.326969987100015,-1.0679013324597646
neural_fold1_seed17_easy,hard,coverage_with_hurdle_ranking,0.6244544081660788,-0.9246440905514363,3.1549370017656657
neural_fold1_seed17_easy,hard,coverage_with_product_ranking,-1.538740490284019,-2.332215461131043,-0.7976470753466959
neural_fold1_seed17_easy,hard,ranking_at_hurdle_count,-0.18365373473279328,-0.2709689184958885,-0.0936713742722274
damping097_fold1_seed17_all,all,full_total,0.40430115392999616,0.1367741636311131,0.6258363317636368
damping097_fold1_seed17_all,all,support_difference,0.0,0.0,0.0
damping097_fold1_seed17_all,all,total,0.40430115392999616,0.1367741636311131,0.6258363317636368
damping097_fold1_seed17_all,all,ranking_at_product_count,-0.3484191431501128,-0.487673387116963,-0.16161752146556688
damping097_fold1_seed17_all,all,coverage_with_hurdle_ranking,0.752720297080109,0.4185102328369692,1.050591581278385
damping097_fold1_seed17_all,all,coverage_with_product_ranking,0.7753248199052156,0.4017938248936976,1.1167130226103936
damping097_fold1_seed17_all,all,ranking_at_hurdle_count,-0.3710236659752195,-0.5934021327325169,-0.11854279541170971
damping097_fold1_seed17_all,easy,full_total,0.10894094695837306,-0.18904749152428185,0.4560138547131159
damping097_fold1_seed17_all,easy,support_difference,0.0,0.0,0.0
damping097_fold1_seed17_all,easy,total,0.10894094695837306,-0.18904749152428185,0.4560138547131159
damping097_fold1_seed17_all,easy,ranking_at_product_count,0.3186687850481438,0.059454356164948576,0.610497758516802
damping097_fold1_seed17_all,easy,coverage_with_hurdle_ranking,-0.20972783808977072,-0.4503542775963004,-0.008673360529349824
damping097_fold1_seed17_all,easy,coverage_with_product_ranking,-0.05894121944068263,-0.22040005386219874,0.04600016974929272
damping097_fold1_seed17_all,easy,ranking_at_hurdle_count,0.16788216639905568,-0.17197195829828055,0.5150879482368848
damping097_fold1_seed17_all,hard,full_total,0.15478726487704136,-0.14506585660722765,0.38992348795276055
damping097_fold1_seed17_all,hard,support_difference,0.0,0.0,0.0
damping097_fold1_seed17_all,hard,total,0.15478726487704136,-0.14506585660722765,0.38992348795276055
damping097_fold1_seed17_all,hard,ranking_at_product_count,-0.722862802900586,-0.8590567119336445,-0.5488077236077533
damping097_fold1_seed17_all,hard,coverage_with_hurdle_ranking,0.8776500677776272,0.5176569762345438,1.186436696260291
damping097_fold1_seed17_all,hard,coverage_with_product_ranking,0.9581540827195875,0.5064397749741172,1.345943320499262
damping097_fold1_seed17_all,hard,ranking_at_hurdle_count,-0.8033668178425459,-1.060564218836416,-0.5177609728423185
damping097_fold1_seed17_easy,all,full_total,-0.4168532594509113,-0.7336411795444933,-0.12877217016799855
damping097_fold1_seed17_easy,all,support_difference,0.004400640453353052,0.0005890767206340396,0.010823058238377717
damping097_fold1_seed17_easy,all,total,-0.4212538999042643,-0.7358543000898976,-0.1384388701811781
damping097_fold1_seed17_easy,all,ranking_at_product_count,0.13928729262589706,-0.034027258927669495,0.35420007676532783
damping097_fold1_seed17_easy,all,coverage_with_hurdle_ranking,-0.5605411925301614,-0.8226340848614058,-0.2947395392197056
damping097_fold1_seed17_easy,all,coverage_with_product_ranking,-0.45784037294374724,-0.7357071017455105,-0.2079725287092834
damping097_fold1_seed17_easy,all,ranking_at_hurdle_count,0.03658647303948284,-0.02711208929221395,0.11511581306291864
damping097_fold1_seed17_easy,easy,full_total,0.24129222287473356,0.03221524724387042,0.4959220396629467
damping097_fold1_seed17_easy,easy,support_difference,0.0,0.0,0.0
damping097_fold1_seed17_easy,easy,total,0.24129222287473356,0.03221524724387042,0.4959220396629467
damping097_fold1_seed17_easy,easy,ranking_at_product_count,0.07145116498754567,-0.09687706869801117,0.2430436061630812
damping097_fold1_seed17_easy,easy,coverage_with_hurdle_ranking,0.1698410578871879,0.06576724896706955,0.30643346888362455
damping097_fold1_seed17_easy,easy,coverage_with_product_ranking,0.1115126587323482,-0.14890574747380897,0.4310393694943146
damping097_fold1_seed17_easy,easy,ranking_at_hurdle_count,0.12977956414238537,-0.06233636116522642,0.4285665170034239
damping097_fold1_seed17_easy,hard,full_total,-0.20782858832095924,-0.4110597140699387,-0.01257448174476155
damping097_fold1_seed17_easy,hard,support_difference,0.0006321860219319023,3.303051386335798e-05,0.0015598743942273289
damping097_fold1_seed17_easy,hard,total,-0.20846077434289112,-0.4111496946354719,-0.012845104388603215
damping097_fold1_seed17_easy,hard,ranking_at_product_count,0.20640622497689026,0.05122248037673025,0.3940263752365542
damping097_fold1_seed17_easy,hard,coverage_with_hurdle_ranking,-0.41486699931978144,-0.5611152378106705,-0.25561246144963484
damping097_fold1_seed17_easy,hard,coverage_with_product_ranking,-0.3163345032405739,-0.4902647524938545,-0.1615969157033672
damping097_fold1_seed17_easy,hard,ranking_at_hurdle_count,0.10787372889768271,0.03706292912955648,0.19718633349265693
neural_fold1_seed29_all,all,full_total,0.3018584147740526,-0.006606649189508015,0.6524560817247648
neural_fold1_seed29_all,all,support_difference,0.0,0.0,0.0
neural_fold1_seed29_all,all,total,0.3018584147740526,-0.006606649189508015,0.6524560817247648
neural_fold1_seed29_all,all,ranking_at_product_count,-0.34351575676034274,-0.5681832417355626,-0.09907395562790128
neural_fold1_seed29_all,all,coverage_with_hurdle_ranking,0.6453741715343955,0.4762466621487864,0.813774198418157
neural_fold1_seed29_all,all,coverage_with_product_ranking,0.6121997063236977,0.22569801925261554,1.031810255373302
neural_fold1_seed29_all,all,ranking_at_hurdle_count,-0.3103412915496452,-0.8224043937961432,0.2719649686868454
neural_fold1_seed29_all,easy,full_total,1.9567553070274073,1.339269644914696,2.603367180258263
neural_fold1_seed29_all,easy,support_difference,0.0,0.0,0.0
neural_fold1_seed29_all,easy,total,1.9567553070274073,1.339269644914696,2.603367180258263
neural_fold1_seed29_all,easy,ranking_at_product_count,0.9052471092691878,0.600822555708183,1.1694711132111137
neural_fold1_seed29_all,easy,coverage_with_hurdle_ranking,1.0515081977582195,0.6102433358547233,1.546068088533031
neural_fold1_seed29_all,easy,coverage_with_product_ranking,1.0258480434052908,0.5658214707895702,1.5358076241314809
neural_fold1_seed29_all,easy,ranking_at_hurdle_count,0.9309072636221165,0.39541564117920197,1.5716854940924603
neural_fold1_seed29_all,hard,full_total,-0.2466803865926605,-0.49593391975563444,-0.035405589029297156
neural_fold1_seed29_all,hard,support_difference,0.0,0.0,0.0
neural_fold1_seed29_all,hard,total,-0.2466803865926605,-0.49593391975563444,-0.035405589029297156
neural_fold1_seed29_all,hard,ranking_at_product_count,-0.601256174779099,-0.879784858090206,-0.32084754047494496
neural_fold1_seed29_all,hard,coverage_with_hurdle_ranking,0.3545757881864384,0.15596089484050962,0.5690407383341225
neural_fold1_seed29_all,hard,coverage_with_product_ranking,0.6421987261948678,0.3141227285847399,1.001765984622558
neural_fold1_seed29_all,hard,ranking_at_hurdle_count,-0.8888791127875283,-1.39174848957057,-0.44280664968471245
neural_fold1_seed29_easy,all,full_total,-1.2636622333552383,-1.9069397032140316,-0.7231836290137224
neural_fold1_seed29_easy,all,support_difference,0.0,0.0,0.0
neural_fold1_seed29_easy,all,total,-1.2636622333552383,-1.9069397032140316,-0.7231836290137224
neural_fold1_seed29_easy,all,ranking_at_product_count,-0.960112012356439,-2.1826987053139266,-0.047542472961888134
neural_fold1_seed29_easy,all,coverage_with_hurdle_ranking,-0.30355022099879947,-0.9450100846287213,0.3587669654279106
neural_fold1_seed29_easy,all,coverage_with_product_ranking,-0.8335163952832568,-1.1200930520006795,-0.5526677282609787
neural_fold1_seed29_easy,all,ranking_at_hurdle_count,-0.4301458380719816,-1.1132135596202157,-0.02237941657991061
neural_fold1_seed29_easy,easy,full_total,-4.5953046100100785,-5.318468263209909,-3.821970992534764
neural_fold1_seed29_easy,easy,support_difference,0.0,0.0,0.0
neural_fold1_seed29_easy,easy,total,-4.5953046100100785,-5.318468263209909,-3.821970992534764
neural_fold1_seed29_easy,easy,ranking_at_product_count,-1.1966331544216682,-3.215357434438374,-0.032170202187408466
neural_fold1_seed29_easy,easy,coverage_with_hurdle_ranking,-3.398671455588411,-5.1472142411465605,-0.9258853455434387
neural_fold1_seed29_easy,easy,coverage_with_product_ranking,-4.7640960150375395,-6.015514499553264,-3.47436660889352
neural_fold1_seed29_easy,easy,ranking_at_hurdle_count,0.16879140502746018,-0.6102465431843523,0.8311560695393021
neural_fold1_seed29_easy,hard,full_total,-1.142688785392887,-3.129051278693951,-0.06048469608948093
neural_fold1_seed29_easy,hard,support_difference,0.0,0.0,0.0
neural_fold1_seed29_easy,hard,total,-1.142688785392887,-3.129051278693951,-0.06048469608948093
neural_fold1_seed29_easy,hard,ranking_at_product_count,-1.2679397418889176,-3.4076618938960483,0.18691711953847512
neural_fold1_seed29_easy,hard,coverage_with_hurdle_ranking,0.12525095649603085,-0.3691033450522373,0.6065470110857145
neural_fold1_seed29_easy,hard,coverage_with_product_ranking,-0.08558113015325897,-0.11882400131504321,-0.049213876359957213
neural_fold1_seed29_easy,hard,ranking_at_hurdle_count,-1.0571076552396281,-3.071497957109599,0.0450455101661584
damping097_fold1_seed29_all,all,full_total,0.8445965203630507,0.4276495577883623,1.1928125625210009
damping097_fold1_seed29_all,all,support_difference,0.0,0.0,0.0
damping097_fold1_seed29_all,all,total,0.8445965203630507,0.4276495577883623,1.1928125625210009
damping097_fold1_seed29_all,all,ranking_at_product_count,-0.23438355465340327,-0.4101127831912827,-0.06894626402180502
damping097_fold1_seed29_all,all,coverage_with_hurdle_ranking,1.0789800750164538,0.5330361612609021,1.5287061973719618
damping097_fold1_seed29_all,all,coverage_with_product_ranking,1.091903141546849,0.7982482943992751,1.391338828360711
damping097_fold1_seed29_all,all,ranking_at_hurdle_count,-0.24730662118379834,-0.4217854794701623,-0.08484923222270425
damping097_fold1_seed29_all,easy,full_total,-0.2247604089985499,-0.7143335008909465,0.18045414839110424
damping097_fold1_seed29_all,easy,support_difference,0.0,0.0,0.0
damping097_fold1_seed29_all,easy,total,-0.2247604089985499,-0.7143335008909465,0.18045414839110424
damping097_fold1_seed29_all,easy,ranking_at_product_count,0.24793426178589686,0.11960337954065052,0.37742582670340136
damping097_fold1_seed29_all,easy,coverage_with_hurdle_ranking,-0.4726946707844469,-1.04056242131739,-0.01814171307496149
damping097_fold1_seed29_all,easy,coverage_with_product_ranking,-0.22011626169032297,-0.5257271513971223,0.07327040441095894
damping097_fold1_seed29_all,easy,ranking_at_hurdle_count,-0.004644147308226973,-0.3098383553756931,0.2806410585569824
damping097_fold1_seed29_all,hard,full_total,0.7407677971849629,0.39739782216290037,1.040456287379476
damping097_fold1_seed29_all,hard,support_difference,0.0,0.0,0.0
damping097_fold1_seed29_all,hard,total,0.7407677971849629,0.39739782216290037,1.040456287379476
damping097_fold1_seed29_all,hard,ranking_at_product_count,-0.8346063802969224,-1.4159045698009098,-0.4098747264402229
damping097_fold1_seed29_all,hard,coverage_with_hurdle_ranking,1.5753741774818852,1.1097552215467599,1.9905363673661411
damping097_fold1_seed29_all,hard,coverage_with_product_ranking,1.4868506852299057,1.1805420972881076,1.7818020722149315
damping097_fold1_seed29_all,hard,ranking_at_hurdle_count,-0.7460828880449426,-1.2153237472830303,-0.37861612987298887
damping097_fold1_seed29_easy,all,full_total,-0.2989830354525377,-0.5823357760912359,-0.050160648455729644
damping097_fold1_seed29_easy,all,support_difference,0.0007958204323300338,-1.1285478850524971e-05,0.0023946996306458707
damping097_fold1_seed29_easy,all,total,-0.29977885588486775,-0.582330894167051,-0.051741522689295195
damping097_fold1_seed29_easy,all,ranking_at_product_count,0.3164360963980133,0.1434936020166321,0.5063118503781535
damping097_fold1_seed29_easy,all,coverage_with_hurdle_ranking,-0.616214952282881,-0.8374230193118963,-0.40016292750289834
damping097_fold1_seed29_easy,all,coverage_with_product_ranking,-0.4283174502767421,-0.6605341828529745,-0.24486140588702504
damping097_fold1_seed29_easy,all,ranking_at_hurdle_count,0.12853859439187437,0.05137385569085938,0.22428420442075367
damping097_fold1_seed29_easy,easy,full_total,0.11907078150593518,-0.005879099258355854,0.2939911523308079
damping097_fold1_seed29_easy,easy,support_difference,0.0,0.0,0.0
damping097_fold1_seed29_easy,easy,total,0.11907078150593518,-0.005879099258355854,0.2939911523308079
damping097_fold1_seed29_easy,easy,ranking_at_product_count,0.015265008800233446,-0.1175945559730189,0.15109610121264597
damping097_fold1_seed29_easy,easy,coverage_with_hurdle_ranking,0.10380577270570174,-0.014889072213874857,0.22282078462864238
damping097_fold1_seed29_easy,easy,coverage_with_product_ranking,0.1417011113361478,-0.0020767447876381983,0.3183590977124552
damping097_fold1_seed29_easy,easy,ranking_at_hurdle_count,-0.022630329830212608,-0.0811849656977779,0.05303177172582093
damping097_fold1_seed29_easy,hard,full_total,-0.09128928281382583,-0.25254780521613024,0.06671856266596946
damping097_fold1_seed29_easy,hard,support_difference,-8.615255192245819e-06,-2.5845765576737456e-05,0.0
damping097_fold1_seed29_easy,hard,total,-0.09128066755863358,-0.25254780521613024,0.06674397766878658
damping097_fold1_seed29_easy,hard,ranking_at_product_count,0.39655821589631324,0.23630252281904965,0.557639414248422
damping097_fold1_seed29_easy,hard,coverage_with_hurdle_ranking,-0.48783888345494686,-0.6483081082218184,-0.3130164549628418
damping097_fold1_seed29_easy,hard,coverage_with_product_ranking,-0.24813095612083802,-0.3893076764094438,-0.11599527437730597
damping097_fold1_seed29_easy,hard,ranking_at_hurdle_count,0.15685028856220448,0.08098988087479736,0.24999530634220735
neural_fold1_seed43_all,all,full_total,1.1060540152783926,0.4182896079985915,1.9345645868788628
neural_fold1_seed43_all,all,support_difference,0.0,0.0,0.0
neural_fold1_seed43_all,all,total,1.1060540152783926,0.4182896079985915,1.9345645868788628
neural_fold1_seed43_all,all,ranking_at_product_count,0.17121989119748804,-0.6434343236812854,1.2143437647668303
neural_fold1_seed43_all,all,coverage_with_hurdle_ranking,0.9348341240809048,0.458916347462401,1.3771582205373336
neural_fold1_seed43_all,all,coverage_with_product_ranking,1.0810324060058982,0.5234455426671885,1.656773942460392
neural_fold1_seed43_all,all,ranking_at_hurdle_count,0.02502160927249447,-0.7855980144281256,0.9932345477816201
neural_fold1_seed43_all,easy,full_total,2.5748435103733196,1.3767449987397375,3.9516605584607154
neural_fold1_seed43_all,easy,support_difference,0.0,0.0,0.0
neural_fold1_seed43_all,easy,total,2.5748435103733196,1.3767449987397375,3.9516605584607154
neural_fold1_seed43_all,easy,ranking_at_product_count,1.3538518188286428,0.4318157091510113,2.6690848605007638
neural_fold1_seed43_all,easy,coverage_with_hurdle_ranking,1.2209916915446763,0.5158261827032186,2.0451463214743004
neural_fold1_seed43_all,easy,coverage_with_product_ranking,1.5729580501908829,0.4897309519999389,2.9860911078781824
neural_fold1_seed43_all,easy,ranking_at_hurdle_count,1.0018854601824367,0.3246623252492014,1.9732182135772747
neural_fold1_seed43_all,hard,full_total,0.0814798920967049,-0.38723759480570885,0.6421272520802777
neural_fold1_seed43_all,hard,support_difference,0.0,0.0,0.0
neural_fold1_seed43_all,hard,total,0.0814798920967049,-0.38723759480570885,0.6421272520802777
neural_fold1_seed43_all,hard,ranking_at_product_count,-0.5637303168125729,-1.2053817974118948,0.18713857776424128
neural_fold1_seed43_all,hard,coverage_with_hurdle_ranking,0.6452102089092778,0.307765160718978,0.9900766752485946
neural_fold1_seed43_all,hard,coverage_with_product_ranking,0.9885873352978961,0.6235957892562146,1.4587450022634036
neural_fold1_seed43_all,hard,ranking_at_hurdle_count,-0.9071074432011914,-1.6979241013279929,-0.046339851461184904
neural_fold1_seed43_easy,all,full_total,-1.0494461090402811,-1.4421235507923575,-0.6677667245033243
neural_fold1_seed43_easy,all,support_difference,0.0,0.0,0.0
neural_fold1_seed43_easy,all,total,-1.0494461090402811,-1.4421235507923575,-0.6677667245033243
neural_fold1_seed43_easy,all,ranking_at_product_count,-0.4746454090157295,-0.9215852345379025,-0.12541428885643402
neural_fold1_seed43_easy,all,coverage_with_hurdle_ranking,-0.5748007000245516,-1.0759306751872804,0.10031545115990609
neural_fold1_seed43_easy,all,coverage_with_product_ranking,-1.0328954519858187,-1.3712859965627822,-0.6994565982937775
neural_fold1_seed43_easy,all,ranking_at_hurdle_count,-0.016550657054462414,-0.0850215257711736,0.07389827321089001
neural_fold1_seed43_easy,easy,full_total,-4.59655719720331,-5.944260866900775,-3.1962386224974004
neural_fold1_seed43_easy,easy,support_difference,0.0,0.0,0.0
neural_fold1_seed43_easy,easy,total,-4.59655719720331,-5.944260866900775,-3.1962386224974004
neural_fold1_seed43_easy,easy,ranking_at_product_count,-0.11742691533654019,-0.6492284670509754,0.3124333734187348
neural_fold1_seed43_easy,easy,coverage_with_hurdle_ranking,-4.4791302818667695,-6.10387501284377,-2.6743410318113874
neural_fold1_seed43_easy,easy,coverage_with_product_ranking,-5.1349722762952945,-6.943946545116711,-3.3210718970369544
neural_fold1_seed43_easy,easy,ranking_at_hurdle_count,0.5384150790919839,-0.013414828863339168,1.100076167299318
neural_fold1_seed43_easy,hard,full_total,-0.1316125136459592,-0.1863548536514094,-0.07396453294945025
neural_fold1_seed43_easy,hard,support_difference,0.0,0.0,0.0
neural_fold1_seed43_easy,hard,total,-0.1316125136459592,-0.1863548536514094,-0.07396453294945025
neural_fold1_seed43_easy,hard,ranking_at_product_count,-0.04909110979822817,-0.4175872430039852,0.33362693190542575
neural_fold1_seed43_easy,hard,coverage_with_hurdle_ranking,-0.08252140384773098,-0.4245402933250989,0.2444301381170066
neural_fold1_seed43_easy,hard,coverage_with_product_ranking,-0.11840733857143812,-0.17685748865250397,-0.06200652603751267
neural_fold1_seed43_easy,hard,ranking_at_hurdle_count,-0.013205175074521049,-0.0582198554014939,0.02861864377640633
damping097_fold1_seed43_all,all,full_total,0.4325695918186617,0.04077372999595814,0.7098954756558113
damping097_fold1_seed43_all,all,support_difference,0.0,0.0,0.0
damping097_fold1_seed43_all,all,total,0.4325695918186617,0.04077372999595814,0.7098954756558113
damping097_fold1_seed43_all,all,ranking_at_product_count,-0.35346658793685143,-0.5664847445517207,-0.10581183300299907
damping097_fold1_seed43_all,all,coverage_with_hurdle_ranking,0.7860361797555132,0.32714052369934465,1.1618288489196658
damping097_fold1_seed43_all,all,coverage_with_product_ranking,0.8783835256223258,0.6557188638363037,1.1104951681840154
damping097_fold1_seed43_all,all,ranking_at_hurdle_count,-0.4458139338036642,-0.7543489755115907,-0.15040775289200842
damping097_fold1_seed43_all,easy,full_total,0.02621002798628258,-0.2995895301717118,0.3067006321445108
damping097_fold1_seed43_all,easy,support_difference,0.0,0.0,0.0
damping097_fold1_seed43_all,easy,total,0.02621002798628258,-0.2995895301717118,0.3067006321445108
damping097_fold1_seed43_all,easy,ranking_at_product_count,0.4819662785339745,0.25518973310184173,0.7320697341375315
damping097_fold1_seed43_all,easy,coverage_with_hurdle_ranking,-0.45575625054769187,-0.9442826583710372,-0.08174741982775291
damping097_fold1_seed43_all,easy,coverage_with_product_ranking,-0.14468116038876977,-0.37914544879221773,0.05154146395359325
damping097_fold1_seed43_all,easy,ranking_at_hurdle_count,0.17089118837505232,-0.177586212739347,0.486896985866262
damping097_fold1_seed43_all,hard,full_total,0.1272681959367791,-0.465942223657851,0.49628669982979795
damping097_fold1_seed43_all,hard,support_difference,0.0,0.0,0.0
damping097_fold1_seed43_all,hard,total,0.1272681959367791,-0.465942223657851,0.49628669982979795
damping097_fold1_seed43_all,hard,ranking_at_product_count,-0.8468810563759521,-1.2395995773898785,-0.4443549361166434
damping097_fold1_seed43_all,hard,coverage_with_hurdle_ranking,0.9741492523127312,0.5022080040872915,1.3507384173704033
damping097_fold1_seed43_all,hard,coverage_with_product_ranking,1.3091735277936007,0.9422948805234869,1.6876245079037724
damping097_fold1_seed43_all,hard,ranking_at_hurdle_count,-1.1819053318568213,-2.128772784745865,-0.5339102120622017
damping097_fold1_seed43_easy,all,full_total,-0.8810665949182273,-1.1226684191739327,-0.692194185574183
damping097_fold1_seed43_easy,all,support_difference,0.0,0.0,0.0
damping097_fold1_seed43_easy,all,total,-0.8810665949182273,-1.1226684191739327,-0.692194185574183
damping097_fold1_seed43_easy,all,ranking_at_product_count,0.061051555138838406,-0.28231980079326036,0.3830298022651862
damping097_fold1_seed43_easy,all,coverage_with_hurdle_ranking,-0.9421181500570657,-1.3159807680120352,-0.5305798730918185
damping097_fold1_seed43_easy,all,coverage_with_product_ranking,-0.8738222087860844,-1.1106715005307497,-0.6777306406571387
damping097_fold1_seed43_easy,all,ranking_at_hurdle_count,-0.007244386132142927,-0.08621184805647684,0.08670926093163266
damping097_fold1_seed43_easy,easy,full_total,0.4373362357693461,0.07218752873809113,0.8626350204262007
damping097_fold1_seed43_easy,easy,support_difference,0.0,0.0,0.0
damping097_fold1_seed43_easy,easy,total,0.4373362357693461,0.07218752873809113,0.8626350204262007
damping097_fold1_seed43_easy,easy,ranking_at_product_count,0.013810448487223181,-0.24659845148341575,0.24872228791959825
damping097_fold1_seed43_easy,easy,coverage_with_hurdle_ranking,0.423525787282123,0.03473756350792553,0.8912913544167634
damping097_fold1_seed43_easy,easy,coverage_with_product_ranking,0.47656958914235614,0.09236432270281497,0.9190151515870154
damping097_fold1_seed43_easy,easy,ranking_at_hurdle_count,-0.03923335337300998,-0.094914122479988,0.0028433229682484577
damping097_fold1_seed43_easy,hard,full_total,-0.622909575788094,-0.8277264095909961,-0.4318657759841347
damping097_fold1_seed43_easy,hard,support_difference,0.0,0.0,0.0
damping097_fold1_seed43_easy,hard,total,-0.622909575788094,-0.8277264095909961,-0.4318657759841347
damping097_fold1_seed43_easy,hard,ranking_at_product_count,0.2550866926798867,-0.04788365632427619,0.5462543802169835
damping097_fold1_seed43_easy,hard,coverage_with_hurdle_ranking,-0.8779962684679807,-1.1070677259611958,-0.6338256060746573
damping097_fold1_seed43_easy,hard,coverage_with_product_ranking,-0.6531268892931119,-0.8714995383205644,-0.4458556996649515
damping097_fold1_seed43_easy,hard,ranking_at_hurdle_count,0.030217313505017794,-0.03585867022812558,0.11470481098714744
neural_fold2_seed17_all,all,full_total,0.30417440193287043,0.1892780205029534,0.42906352810515774
neural_fold2_seed17_all,all,support_difference,0.0,0.0,0.0
neural_fold2_seed17_all,all,total,0.30417440193287043,0.1892780205029534,0.42906352810515774
neural_fold2_seed17_all,all,ranking_at_product_count,0.126113689792538,0.05414623713784212,0.2005166651344647
neural_fold2_seed17_all,all,coverage_with_hurdle_ranking,0.17806071214033242,0.10132834140989849,0.25126064025678085
neural_fold2_seed17_all,all,coverage_with_product_ranking,0.2973406711742901,0.14960998806750136,0.5025472126462768
neural_fold2_seed17_all,all,ranking_at_hurdle_count,0.006833730758580309,-0.1067022417093038,0.09363772443462233
neural_fold2_seed17_all,easy,full_total,0.8133670603869105,0.3336646803252471,1.3206874250568486
neural_fold2_seed17_all,easy,support_difference,0.0,0.0,0.0
neural_fold2_seed17_all,easy,total,0.8133670603869105,0.3336646803252471,1.3206874250568486
neural_fold2_seed17_all,easy,ranking_at_product_count,-0.04401029461110596,-0.21582740014616833,0.13084550240131837
neural_fold2_seed17_all,easy,coverage_with_hurdle_ranking,0.8573773549980165,0.4285613731101278,1.3071075795771998
neural_fold2_seed17_all,easy,coverage_with_product_ranking,0.5462343076191616,-0.0027265592386636894,1.1087470844103187
neural_fold2_seed17_all,easy,ranking_at_hurdle_count,0.26713275276774906,-0.02366790264635022,0.5528241898214646
neural_fold2_seed17_all,hard,full_total,0.26773130595274786,0.1416762798410633,0.4230321565336865
neural_fold2_seed17_all,hard,support_difference,0.0,0.0,0.0
neural_fold2_seed17_all,hard,total,0.26773130595274786,0.1416762798410633,0.4230321565336865
neural_fold2_seed17_all,hard,ranking_at_product_count,0.14294717363475262,0.058999211087008126,0.22833959788896477
neural_fold2_seed17_all,hard,coverage_with_hurdle_ranking,0.1247841323179952,0.028456922445623718,0.22407688162956138
neural_fold2_seed17_all,hard,coverage_with_product_ranking,0.322181263653073,0.13084686883187874,0.5691090475272863
neural_fold2_seed17_all,hard,ranking_at_hurdle_count,-0.054449957700325194,-0.29285521705844386,0.09741974936926646
neural_fold2_seed17_easy,all,full_total,-1.3767630224785596,-2.046740487856611,-0.5809891773637648
neural_fold2_seed17_easy,all,support_difference,0.0,0.0,0.0
neural_fold2_seed17_easy,all,total,-1.3767630224785596,-2.046740487856611,-0.5809891773637648
neural_fold2_seed17_easy,all,ranking_at_product_count,0.6216347848439884,0.0035171765402861837,1.157811885231658
neural_fold2_seed17_easy,all,coverage_with_hurdle_ranking,-1.9983978073225477,-2.7116377363580324,-1.3059993083362238
neural_fold2_seed17_easy,all,coverage_with_product_ranking,-1.81882093346155,-2.486817259991448,-1.078782584753402
neural_fold2_seed17_easy,all,ranking_at_hurdle_count,0.4420579109829905,0.2104205882769385,0.680475915227217
neural_fold2_seed17_easy,easy,full_total,4.476348905804427,0.46619125755246393,8.91809090404292
neural_fold2_seed17_easy,easy,support_difference,0.0,0.0,0.0
neural_fold2_seed17_easy,easy,total,4.476348905804427,0.46619125755246393,8.91809090404292
neural_fold2_seed17_easy,easy,ranking_at_product_count,4.553325122808751,2.4607611244411265,6.435582969583742
neural_fold2_seed17_easy,easy,coverage_with_hurdle_ranking,-0.07697621700432333,-4.772528286044103,4.638975793048014
neural_fold2_seed17_easy,easy,coverage_with_product_ranking,4.237473362731302,0.18919657878122695,8.671549569459941
neural_fold2_seed17_easy,easy,ranking_at_hurdle_count,0.23887554307312592,0.04238988417342042,0.39959755537167163
neural_fold2_seed17_easy,hard,full_total,-1.0521653912583473,-1.7015442605179623,-0.29240542688159954
neural_fold2_seed17_easy,hard,support_difference,0.0,0.0,0.0
neural_fold2_seed17_easy,hard,total,-1.0521653912583473,-1.7015442605179623,-0.29240542688159954
neural_fold2_seed17_easy,hard,ranking_at_product_count,0.9760551806458593,0.36563607871894005,1.4998943158063283
neural_fold2_seed17_easy,hard,coverage_with_hurdle_ranking,-2.028220571904207,-2.7817901312130155,-1.240912150617436
neural_fold2_seed17_easy,hard,coverage_with_product_ranking,-1.5870994395303737,-2.281445717322938,-0.8053899965038764
neural_fold2_seed17_easy,hard,ranking_at_hurdle_count,0.5349340482720264,0.2375084695488523,0.8270295360257671
damping097_fold2_seed17_all,all,full_total,-0.21154529436479277,-0.7405458163026157,0.3052383688109968
damping097_fold2_seed17_all,all,support_difference,0.0,0.0,0.0
damping097_fold2_seed17_all,all,total,-0.21154529436479277,-0.7405458163026157,0.3052383688109968
damping097_fold2_seed17_all,all,ranking_at_product_count,-1.402770385431379,-1.7156134323124823,-1.091542838019329
damping097_fold2_seed17_all,all,coverage_with_hurdle_ranking,1.1912250910665865,0.9184403412164348,1.4435161611830178
damping097_fold2_seed17_all,all,coverage_with_product_ranking,1.048424473242035,0.8570521252151324,1.2536007853118
damping097_fold2_seed17_all,all,ranking_at_hurdle_count,-1.2599697676068278,-1.6849873453440274,-0.887126357489985
damping097_fold2_seed17_all,easy,full_total,0.22395212736203185,-0.16217220708520663,0.6752935508890825
damping097_fold2_seed17_all,easy,support_difference,0.0,0.0,0.0
damping097_fold2_seed17_all,easy,total,0.22395212736203185,-0.16217220708520663,0.6752935508890825
damping097_fold2_seed17_all,easy,ranking_at_product_count,0.39838653561734605,0.14530910437737862,0.7467336608756269
damping097_fold2_seed17_all,easy,coverage_with_hurdle_ranking,-0.17443440825531412,-0.5394552185436742,0.08214984317580258
damping097_fold2_seed17_all,easy,coverage_with_product_ranking,0.1027163915061091,-0.10863716869663086,0.2777911123211123
damping097_fold2_seed17_all,easy,ranking_at_hurdle_count,0.12123573585592275,-0.1260650605516842,0.4927265269037012
damping097_fold2_seed17_all,hard,full_total,-0.6618446752655144,-1.3414296650971207,-0.07552779647317741
damping097_fold2_seed17_all,hard,support_difference,0.0,0.0,0.0
damping097_fold2_seed17_all,hard,total,-0.6618446752655144,-1.3414296650971207,-0.07552779647317741
damping097_fold2_seed17_all,hard,ranking_at_product_count,-1.8254948880383763,-2.3757382217881737,-1.3932520266491686
damping097_fold2_seed17_all,hard,coverage_with_hurdle_ranking,1.163650212772862,0.9170094497402504,1.3902228412737652
damping097_fold2_seed17_all,hard,coverage_with_product_ranking,1.0022751526302818,0.8378547812966133,1.1643104420421984
damping097_fold2_seed17_all,hard,ranking_at_hurdle_count,-1.664119827895796,-2.345526178685475,-1.1373306330281476
damping097_fold2_seed17_easy,all,full_total,-3.5500154198515474,-4.088860158215447,-2.8710375799410794
damping097_fold2_seed17_easy,all,support_difference,0.0,0.0,0.0
damping097_fold2_seed17_easy,all,total,-3.5500154198515474,-4.088860158215447,-2.8710375799410794
damping097_fold2_seed17_easy,all,ranking_at_product_count,-0.30228445783820446,-0.5715888612039537,0.0765887951082036
damping097_fold2_seed17_easy,all,coverage_with_hurdle_ranking,-3.2477309620133425,-3.861140764700005,-2.4852530219856823
damping097_fold2_seed17_easy,all,coverage_with_product_ranking,-2.844906888554778,-3.2935133512251897,-2.3098202045866802
damping097_fold2_seed17_easy,all,ranking_at_hurdle_count,-0.7051085312967684,-0.9551474567384943,-0.4437400270309694
damping097_fold2_seed17_easy,easy,full_total,0.8202432387463678,0.21010431391727358,1.5960710832254579
damping097_fold2_seed17_easy,easy,support_difference,0.0,0.0,0.0
damping097_fold2_seed17_easy,easy,total,0.8202432387463678,0.21010431391727358,1.5960710832254579
damping097_fold2_seed17_easy,easy,ranking_at_product_count,0.03276189604547898,-0.10952148793847667,0.1841712853103548
damping097_fold2_seed17_easy,easy,coverage_with_hurdle_ranking,0.7874813427008889,0.17667396217518838,1.6042000196394999
damping097_fold2_seed17_easy,easy,coverage_with_product_ranking,-0.9652074815010532,-1.6303701900225942,-0.17507434563616525
damping097_fold2_seed17_easy,easy,ranking_at_hurdle_count,1.785450720247421,1.364219173617726,2.251073450090493
damping097_fold2_seed17_easy,hard,full_total,-3.875338356592807,-4.4755038755533265,-3.166276226879128
damping097_fold2_seed17_easy,hard,support_difference,0.0,0.0,0.0
damping097_fold2_seed17_easy,hard,total,-3.875338356592807,-4.4755038755533265,-3.166276226879128
damping097_fold2_seed17_easy,hard,ranking_at_product_count,-0.49868668912670067,-0.8236509259816842,-0.013279996107007693
damping097_fold2_seed17_easy,hard,coverage_with_hurdle_ranking,-3.3766516674661062,-4.120003937848265,-2.4970126886917403
damping097_fold2_seed17_easy,hard,coverage_with_product_ranking,-2.9946744475536438,-3.4834073706583464,-2.435295541676263
damping097_fold2_seed17_easy,hard,ranking_at_hurdle_count,-0.8806639090391626,-1.150585441797156,-0.5997746309457109
neural_fold2_seed29_all,all,full_total,-0.10497916222693526,-0.2972317069206499,0.05767449460819417
neural_fold2_seed29_all,all,support_difference,0.0,0.0,0.0
neural_fold2_seed29_all,all,total,-0.10497916222693526,-0.2972317069206499,0.05767449460819417
neural_fold2_seed29_all,all,ranking_at_product_count,-0.20664517047962805,-0.40430725896143616,-0.04358553506465898
neural_fold2_seed29_all,all,coverage_with_hurdle_ranking,0.1016660082526927,0.04532512699691158,0.15415399053955592
neural_fold2_seed29_all,all,coverage_with_product_ranking,0.15174324121744218,0.10410704875043626,0.20572250389744456
neural_fold2_seed29_all,all,ranking_at_hurdle_count,-0.25672240344437747,-0.4693034684431044,-0.07206873881851159
neural_fold2_seed29_all,easy,full_total,0.5774894428730093,0.038944746706551965,1.1522084064411895
neural_fold2_seed29_all,easy,support_difference,0.0,0.0,0.0
neural_fold2_seed29_all,easy,total,0.5774894428730093,0.038944746706551965,1.1522084064411895
neural_fold2_seed29_all,easy,ranking_at_product_count,0.14470208049323813,-0.24734916782465766,0.5189088193870304
neural_fold2_seed29_all,easy,coverage_with_hurdle_ranking,0.4327873623797712,0.023929416082352065,0.9501778721240262
neural_fold2_seed29_all,easy,coverage_with_product_ranking,0.18033182421992505,-0.26552384667620027,0.710604738739231
neural_fold2_seed29_all,easy,ranking_at_hurdle_count,0.39715761865308424,-0.17393868738175172,0.8897013639764668
neural_fold2_seed29_all,hard,full_total,-0.17291764909398555,-0.3293965153056813,-0.03959781468006632
neural_fold2_seed29_all,hard,support_difference,0.0,0.0,0.0
neural_fold2_seed29_all,hard,total,-0.17291764909398555,-0.3293965153056813,-0.03959781468006632
neural_fold2_seed29_all,hard,ranking_at_product_count,-0.264663828916226,-0.4512912284164279,-0.1159427493269382
neural_fold2_seed29_all,hard,coverage_with_hurdle_ranking,0.09174617982224047,0.016953381645960424,0.163608284709469
neural_fold2_seed29_all,hard,coverage_with_product_ranking,0.14496996857216593,0.07335247810721465,0.21985693053580516
neural_fold2_seed29_all,hard,ranking_at_hurdle_count,-0.3178876176661515,-0.5311960238283397,-0.1244868383966163
neural_fold2_seed29_easy,all,full_total,-1.5190240959283399,-2.3411485901836637,-0.5330844519385914
neural_fold2_seed29_easy,all,support_difference,0.0,0.0,0.0
neural_fold2_seed29_easy,all,total,-1.5190240959283399,-2.3411485901836637,-0.5330844519385914
neural_fold2_seed29_easy,all,ranking_at_product_count,0.6897031483678254,0.1126418622123347,1.2615499783410162
neural_fold2_seed29_easy,all,coverage_with_hurdle_ranking,-2.208727244296165,-2.8402844289931375,-1.5336836802518148
neural_fold2_seed29_easy,all,coverage_with_product_ranking,-2.255430582303047,-3.0253040994432476,-1.4144932048387229
neural_fold2_seed29_easy,all,ranking_at_hurdle_count,0.7364064863747072,0.3827701523758858,1.106205179799485
neural_fold2_seed29_easy,easy,full_total,4.787575228418026,0.8803273314264326,8.857691498620019
neural_fold2_seed29_easy,easy,support_difference,0.0,0.0,0.0
neural_fold2_seed29_easy,easy,total,4.787575228418026,0.8803273314264326,8.857691498620019
neural_fold2_seed29_easy,easy,ranking_at_product_count,4.170807188721779,2.0767595198282804,6.234240177163489
neural_fold2_seed29_easy,easy,coverage_with_hurdle_ranking,0.6167680396962483,-3.970793205970499,5.346440017865245
neural_fold2_seed29_easy,easy,coverage_with_product_ranking,3.9246969923743316,0.04712754271018236,7.897109193504419
neural_fold2_seed29_easy,easy,ranking_at_hurdle_count,0.8628782360436946,0.574871786020687,1.1159441989320178
neural_fold2_seed29_easy,hard,full_total,-1.3268711954636148,-2.1284343685420737,-0.36156862417338004
neural_fold2_seed29_easy,hard,support_difference,0.0,0.0,0.0
neural_fold2_seed29_easy,hard,total,-1.3268711954636148,-2.1284343685420737,-0.36156862417338004
neural_fold2_seed29_easy,hard,ranking_at_product_count,0.8672029977729774,0.3331778733523007,1.4401581764734348
neural_fold2_seed29_easy,hard,coverage_with_hurdle_ranking,-2.194074193236592,-2.895247615540681,-1.462823802834481
neural_fold2_seed29_easy,hard,coverage_with_product_ranking,-2.1621624010536937,-3.017731118062785,-1.2179067870797753
neural_fold2_seed29_easy,hard,ranking_at_hurdle_count,0.8352912055900794,0.4309617342514781,1.216466673641866
damping097_fold2_seed29_all,all,full_total,-0.25374489423525426,-0.9239551786137589,0.2927014350132861
damping097_fold2_seed29_all,all,support_difference,0.0,0.0,0.0
damping097_fold2_seed29_all,all,total,-0.25374489423525426,-0.9239551786137589,0.2927014350132861
damping097_fold2_seed29_all,all,ranking_at_product_count,-1.2138463765213658,-1.5894417361549749,-0.879891850883728
damping097_fold2_seed29_all,all,coverage_with_hurdle_ranking,0.9601014822861116,0.6211692356975994,1.2364353436644135
damping097_fold2_seed29_all,all,coverage_with_product_ranking,0.816202764662659,0.5180079669416212,1.0938088823243481
damping097_fold2_seed29_all,all,ranking_at_hurdle_count,-1.069947658897913,-1.5193601644502,-0.7128554881869746
damping097_fold2_seed29_all,easy,full_total,0.11203186019767356,-0.21236442663081023,0.5391204287135424
damping097_fold2_seed29_all,easy,support_difference,0.0,0.0,0.0
damping097_fold2_seed29_all,easy,total,0.11203186019767356,-0.21236442663081023,0.5391204287135424
damping097_fold2_seed29_all,easy,ranking_at_product_count,0.27474639480431584,0.03962653966289992,0.6242960260648899
damping097_fold2_seed29_all,easy,coverage_with_hurdle_ranking,-0.1627145346066422,-0.438222296482635,0.006159354492883651
damping097_fold2_seed29_all,easy,coverage_with_product_ranking,0.026424445106786952,-0.1309228162476108,0.13703039599223832
damping097_fold2_seed29_all,easy,ranking_at_hurdle_count,0.08560741509088665,-0.13405522228678257,0.4532114801250597
damping097_fold2_seed29_all,hard,full_total,-0.7042083939897114,-1.5887753334093944,-0.04656697216118908
damping097_fold2_seed29_all,hard,support_difference,0.0,0.0,0.0
damping097_fold2_seed29_all,hard,total,-0.7042083939897114,-1.5887753334093944,-0.04656697216118908
damping097_fold2_seed29_all,hard,ranking_at_product_count,-1.5968869477778158,-2.219314640132481,-1.1281116844717445
damping097_fold2_seed29_all,hard,coverage_with_hurdle_ranking,0.8926785537881046,0.5646298324412058,1.1661672139137946
damping097_fold2_seed29_all,hard,coverage_with_product_ranking,0.7545509735851057,0.48915359892160215,0.9939071807210598
damping097_fold2_seed29_all,hard,ranking_at_hurdle_count,-1.458759367574817,-2.151512786216759,-0.9546305219330412
damping097_fold2_seed29_easy,all,full_total,-3.8583839091978693,-4.451015838371262,-3.1862953299340004
damping097_fold2_seed29_easy,all,support_difference,0.0,0.0,0.0
damping097_fold2_seed29_easy,all,total,-3.8583839091978693,-4.451015838371262,-3.1862953299340004
damping097_fold2_seed29_easy,all,ranking_at_product_count,-0.4995514719845087,-0.7051563209671516,-0.236177448424945
damping097_fold2_seed29_easy,all,coverage_with_hurdle_ranking,-3.3588324372133602,-4.000594027266292,-2.5710511036711954
damping097_fold2_seed29_easy,all,coverage_with_product_ranking,-3.0917376504543093,-3.6697752661624445,-2.392817282194919
damping097_fold2_seed29_easy,all,ranking_at_hurdle_count,-0.76664625874356,-0.9476387367599989,-0.5738737912961851
damping097_fold2_seed29_easy,easy,full_total,0.7394404465848401,0.17440830392025314,1.4497120251145337
damping097_fold2_seed29_easy,easy,support_difference,0.0,0.0,0.0
damping097_fold2_seed29_easy,easy,total,0.7394404465848401,0.17440830392025314,1.4497120251145337
damping097_fold2_seed29_easy,easy,ranking_at_product_count,-0.020037232685483193,-0.17360421542979437,0.13593887532261054
damping097_fold2_seed29_easy,easy,coverage_with_hurdle_ranking,0.7594776792703233,0.14809109874429077,1.5532988699906585
damping097_fold2_seed29_easy,easy,coverage_with_product_ranking,-0.7791542983593684,-1.4714759475818004,0.026468377177720957
damping097_fold2_seed29_easy,easy,ranking_at_hurdle_count,1.5185947449442088,1.1875614951597668,1.8600078451519901
damping097_fold2_seed29_easy,hard,full_total,-4.220165651346123,-4.860113333591443,-3.5537027545010975
damping097_fold2_seed29_easy,hard,support_difference,0.0,0.0,0.0
damping097_fold2_seed29_easy,hard,total,-4.220165651346123,-4.860113333591443,-3.5537027545010975
damping097_fold2_seed29_easy,hard,ranking_at_product_count,-0.7613262139498034,-1.058539320907064,-0.40238812129812773
damping097_fold2_seed29_easy,hard,coverage_with_hurdle_ranking,-3.4588394373963194,-4.20402164685612,-2.632840262006765
damping097_fold2_seed29_easy,hard,coverage_with_product_ranking,-3.2780272932675194,-3.9220539144259425,-2.540364755714626
damping097_fold2_seed29_easy,hard,ranking_at_hurdle_count,-0.9421383580786034,-1.150086724864987,-0.6886986735229601
neural_fold2_seed43_all,all,full_total,0.32302933324393474,0.1656900315659264,0.49184418119250656
neural_fold2_seed43_all,all,support_difference,0.0,0.0,0.0
neural_fold2_seed43_all,all,total,0.32302933324393474,0.1656900315659264,0.49184418119250656
neural_fold2_seed43_all,all,ranking_at_product_count,0.17642820743674806,0.07666730393523825,0.2748800373566247
neural_fold2_seed43_all,all,coverage_with_hurdle_ranking,0.1466011258071867,0.07232303297788782,0.25456603395768324
neural_fold2_seed43_all,all,coverage_with_product_ranking,0.1393023655007962,0.08693651033844488,0.20145148741016855
neural_fold2_seed43_all,all,ranking_at_hurdle_count,0.18372696774313857,0.0792431558260711,0.2944879031398424
neural_fold2_seed43_all,easy,full_total,0.37065572535602476,-0.01799368496831555,0.8020667728998356
neural_fold2_seed43_all,easy,support_difference,0.0,0.0,0.0
neural_fold2_seed43_all,easy,total,0.37065572535602476,-0.01799368496831555,0.8020667728998356
neural_fold2_seed43_all,easy,ranking_at_product_count,-0.04079226292364341,-0.2037915994353955,0.11119946853904017
neural_fold2_seed43_all,easy,coverage_with_hurdle_ranking,0.41144798827966816,0.017794355215756952,0.7974511648720229
neural_fold2_seed43_all,easy,coverage_with_product_ranking,0.3581948857167359,0.06804405465698062,0.6058370974659599
neural_fold2_seed43_all,easy,ranking_at_hurdle_count,0.01246083963928886,-0.25085370682078867,0.31152792649674904
neural_fold2_seed43_all,hard,full_total,0.3636182324353935,0.17462787543856628,0.556412871660043
neural_fold2_seed43_all,hard,support_difference,0.0,0.0,0.0
neural_fold2_seed43_all,hard,total,0.3636182324353935,0.17462787543856628,0.556412871660043
neural_fold2_seed43_all,hard,ranking_at_product_count,0.17884943921407692,0.048059792829498155,0.31672777245743927
neural_fold2_seed43_all,hard,coverage_with_hurdle_ranking,0.18476879322131654,0.06481416359884776,0.35239138834215644
neural_fold2_seed43_all,hard,coverage_with_product_ranking,0.1377862747390771,0.07741504920945072,0.19816655710395095
neural_fold2_seed43_all,hard,ranking_at_hurdle_count,0.2258319576963164,0.09313194823484124,0.3621522124174984
neural_fold2_seed43_easy,all,full_total,-1.2456035036581508,-1.7793043247079061,-0.6242594790603992
neural_fold2_seed43_easy,all,support_difference,0.0,0.0,0.0
neural_fold2_seed43_easy,all,total,-1.2456035036581508,-1.7793043247079061,-0.6242594790603992
neural_fold2_seed43_easy,all,ranking_at_product_count,0.26959956051822154,-0.187855072175341,0.6974339452672349
neural_fold2_seed43_easy,all,coverage_with_hurdle_ranking,-1.5152030641763723,-2.0002668314255385,-1.0203802671827173
neural_fold2_seed43_easy,all,coverage_with_product_ranking,-1.708290948755859,-2.2997688732434933,-1.0004996662976855
neural_fold2_seed43_easy,all,ranking_at_hurdle_count,0.4626874450977081,0.2445433700261984,0.6810070051340721
neural_fold2_seed43_easy,easy,full_total,4.31378775770224,0.6295695247922597,8.182941362934844
neural_fold2_seed43_easy,easy,support_difference,0.0,0.0,0.0
neural_fold2_seed43_easy,easy,total,4.31378775770224,0.6295695247922597,8.182941362934844
neural_fold2_seed43_easy,easy,ranking_at_product_count,4.8687942226033,2.970867247909399,6.559672999665791
neural_fold2_seed43_easy,easy,coverage_with_hurdle_ranking,-0.5550064649010599,-4.074236674085091,2.9863760266407926
neural_fold2_seed43_easy,easy,coverage_with_product_ranking,4.1375195432158645,0.5470739835003922,7.901605002831949
neural_fold2_seed43_easy,easy,ranking_at_hurdle_count,0.1762682144863754,-0.09430504616051463,0.4313019723503059
neural_fold2_seed43_easy,hard,full_total,-0.9428943801125265,-1.3917758517131766,-0.3839962451993825
neural_fold2_seed43_easy,hard,support_difference,0.0,0.0,0.0
neural_fold2_seed43_easy,hard,total,-0.9428943801125265,-1.3917758517131766,-0.3839962451993825
neural_fold2_seed43_easy,hard,ranking_at_product_count,0.5244824630891393,0.06553158012879937,0.9750359461677734
neural_fold2_seed43_easy,hard,coverage_with_hurdle_ranking,-1.4673768432016658,-2.0019943145872108,-0.9217921728983827
neural_fold2_seed43_easy,hard,coverage_with_product_ranking,-1.5333041886083238,-2.1521295230129596,-0.8114628937480216
neural_fold2_seed43_easy,hard,ranking_at_hurdle_count,0.5904098084957974,0.3081919293309038,0.8622825396326801
damping097_fold2_seed43_all,all,full_total,-0.03428237147398644,-0.4731990351605301,0.39507477733068835
damping097_fold2_seed43_all,all,support_difference,0.0,0.0,0.0
damping097_fold2_seed43_all,all,total,-0.03428237147398644,-0.4731990351605301,0.39507477733068835
damping097_fold2_seed43_all,all,ranking_at_product_count,-1.2038900491639666,-1.4477581816124634,-0.9573740657795952
damping097_fold2_seed43_all,all,coverage_with_hurdle_ranking,1.1696076776899802,0.8812434407337688,1.4163551669350622
damping097_fold2_seed43_all,all,coverage_with_product_ranking,1.0944349265177233,0.885338830865952,1.278317397569429
damping097_fold2_seed43_all,all,ranking_at_hurdle_count,-1.1287172979917097,-1.4961962591380076,-0.8139386763637545
damping097_fold2_seed43_all,easy,full_total,0.1503387405175257,-0.0883956441099798,0.39430376566789027
damping097_fold2_seed43_all,easy,support_difference,0.0,0.0,0.0
damping097_fold2_seed43_all,easy,total,0.1503387405175257,-0.0883956441099798,0.39430376566789027
damping097_fold2_seed43_all,easy,ranking_at_product_count,0.2439601628517693,0.13254336906845188,0.3820868319797739
damping097_fold2_seed43_all,easy,coverage_with_hurdle_ranking,-0.09362142233424356,-0.3845514349481123,0.10670249535718468
damping097_fold2_seed43_all,easy,coverage_with_product_ranking,-0.11132998470776666,-0.471793687084773,0.19095298838617425
damping097_fold2_seed43_all,easy,ranking_at_hurdle_count,0.2616687252252923,0.06615947908826612,0.5904824480072076
damping097_fold2_seed43_all,hard,full_total,-0.46805746088945954,-1.0188064040480613,0.033318822498605044
damping097_fold2_seed43_all,hard,support_difference,0.0,0.0,0.0
damping097_fold2_seed43_all,hard,total,-0.46805746088945954,-1.0188064040480613,0.033318822498605044
damping097_fold2_seed43_all,hard,ranking_at_product_count,-1.5648818515629768,-1.9675931374950566,-1.2107086943645826
damping097_fold2_seed43_all,hard,coverage_with_hurdle_ranking,1.0968243906735173,0.8257927626120143,1.350301619456196
damping097_fold2_seed43_all,hard,coverage_with_product_ranking,1.0741779238563696,0.8928930966622483,1.2135450473045404
damping097_fold2_seed43_all,hard,ranking_at_hurdle_count,-1.5422353847458292,-2.0949068880799993,-1.0789309866904706
damping097_fold2_seed43_easy,all,full_total,-3.213873258292763,-3.877408406311283,-2.4691897813351558
damping097_fold2_seed43_easy,all,support_difference,0.0,0.0,0.0
damping097_fold2_seed43_easy,all,total,-3.213873258292763,-3.877408406311283,-2.4691897813351558
damping097_fold2_seed43_easy,all,ranking_at_product_count,-0.47490630295811004,-0.8315128477661959,0.001574935411017433
damping097_fold2_seed43_easy,all,coverage_with_hurdle_ranking,-2.7389669553346527,-3.542754248490993,-1.8648705244959711
damping097_fold2_seed43_easy,all,coverage_with_product_ranking,-2.354050433724519,-2.8853548058378355,-1.7729502823416274
damping097_fold2_seed43_easy,all,ranking_at_hurdle_count,-0.8598228245682439,-1.1379514023818056,-0.6029876492713462
damping097_fold2_seed43_easy,easy,full_total,0.642182867976478,0.17150801959901646,1.2199685861898362
damping097_fold2_seed43_easy,easy,support_difference,0.0,0.0,0.0
damping097_fold2_seed43_easy,easy,total,0.642182867976478,0.17150801959901646,1.2199685861898362
damping097_fold2_seed43_easy,easy,ranking_at_product_count,0.027567547311584263,-0.14481637363731686,0.20603140958643668
damping097_fold2_seed43_easy,easy,coverage_with_hurdle_ranking,0.6146153206648937,0.11156551113931293,1.269913935530609
damping097_fold2_seed43_easy,easy,coverage_with_product_ranking,-1.1373945793269105,-1.7980069446388722,-0.44149027285206
damping097_fold2_seed43_easy,easy,ranking_at_hurdle_count,1.7795774473033883,1.3103961881485868,2.2133410385341823
damping097_fold2_seed43_easy,hard,full_total,-3.567527351725457,-4.239263118221486,-2.850441710362384
damping097_fold2_seed43_easy,hard,support_difference,0.0,0.0,0.0
damping097_fold2_seed43_easy,hard,total,-3.567527351725457,-4.239263118221486,-2.850441710362384
damping097_fold2_seed43_easy,hard,ranking_at_product_count,-0.8483862146882212,-1.3088315450877654,-0.2161968398969529
damping097_fold2_seed43_easy,hard,coverage_with_hurdle_ranking,-2.7191411370372354,-3.65870260449287,-1.7260939253343381
damping097_fold2_seed43_easy,hard,coverage_with_product_ranking,-2.5255534335061176,-3.0804193256720573,-1.9243061312197538
damping097_fold2_seed43_easy,hard,ranking_at_hurdle_count,-1.041973918219339,-1.3570678674426384,-0.7620866848591533
