model,dataset,subset,horizon,ADE,FDE,baseline_ADE,baseline_FDE,improvement,ci_low,ci_high,episodes,alpha_mean,failure_prob,intervention_rate,false_intervention_rate,residual_mag
goal_only_residual,eth_ucy,all,1,0.084168,0.084168,0.084168,0.084168,0.0,0.0,0.0,6,0.158914,0.159414,0.25,0.083333,0.519559
goal_only_residual,eth_ucy,all,10,0.327965,0.569134,0.395439,0.713643,0.202495,-0.096035,0.192544,6,0.158914,0.159414,0.25,0.083333,0.519559
goal_only_residual,eth_ucy,easy,1,0.0,0.0,0.0,0.0,0.0,,,1,0.040886,0.041386,0.0,0.0,0.180661
goal_only_residual,eth_ucy,easy,10,0.01564,0.028436,0.0,0.0,-0.284361,,,1,0.040886,0.041386,0.0,0.0,0.180661
goal_only_residual,eth_ucy,medium,1,0.012018,0.012018,0.012018,0.012018,0.0,0.0,0.0,3,0.165071,0.165571,0.166667,0.166667,0.275787
goal_only_residual,eth_ucy,medium,10,0.146694,0.248834,0.144023,0.263202,0.054587,-0.081969,0.104227,3,0.165071,0.165571,0.166667,0.166667,0.275787
goal_only_residual,eth_ucy,hard,1,0.234475,0.234475,0.234475,0.234475,0.0,0.0,0.0,2,0.208692,0.209192,0.5,0.0,1.054667
goal_only_residual,eth_ucy,hard,10,0.756033,1.319933,0.970284,1.746128,0.24408,0.095267,0.363617,2,0.208692,0.209192,0.5,0.0,1.054667
goal_only_residual,eth_ucy,baseline_failure,1,0.234475,0.234475,0.234475,0.234475,0.0,0.0,0.0,2,0.208692,0.209192,0.5,0.0,1.054667
goal_only_residual,eth_ucy,baseline_failure,10,0.756033,1.319933,0.970284,1.746128,0.24408,0.095267,0.363617,2,0.208692,0.209192,0.5,0.0,1.054667
goal_only_residual,eth_ucy,pedestrian_drone,1,0.084168,0.084168,0.084168,0.084168,0.0,0.0,0.0,6,0.158914,0.159414,0.25,0.083333,0.519559
goal_only_residual,eth_ucy,pedestrian_drone,10,0.327965,0.569134,0.395439,0.713643,0.202495,-0.096035,0.192544,6,0.158914,0.159414,0.25,0.083333,0.519559
goal_only_residual,eth_ucy,scene_grounded,1,0.084168,0.084168,0.084168,0.084168,0.0,0.0,0.0,6,0.158914,0.159414,0.25,0.083333,0.519559
goal_only_residual,eth_ucy,scene_grounded,10,0.327965,0.569134,0.395439,0.713643,0.202495,-0.096035,0.192544,6,0.158914,0.159414,0.25,0.083333,0.519559
goal_only_residual,tgsim,all,1,0.001326,0.001326,0.001326,0.001326,0.0,0.0,0.0,4,0.0082,0.532378,0.0,0.0,0.877324
goal_only_residual,tgsim,all,10,0.043,0.112039,0.042997,0.112008,-0.000276,-0.000956,0.000564,4,0.0082,0.532378,0.0,0.0,0.877324
goal_only_residual,tgsim,all,25,0.262458,0.763173,0.257363,0.75285,-0.013712,-0.104016,0.002677,4,0.0082,0.532378,0.0,0.0,0.877324
goal_only_residual,tgsim,all,50,0.99547,2.651419,0.982001,2.62938,-0.008382,-0.308906,0.239822,4,0.0082,0.532378,0.0,0.0,0.877324
goal_only_residual,tgsim,all,100,2.659638,6.062032,2.659638,6.062032,0.0,0.0,0.0,4,0.0082,0.532378,0.0,0.0,0.877324
goal_only_residual,tgsim,medium,1,0.000224,0.000224,0.000224,0.000224,0.0,0.0,0.0,2,0.0082,0.496301,0.0,0.0,0.78915
goal_only_residual,tgsim,medium,10,0.004008,0.011017,0.003985,0.010922,-0.000956,-0.001223,-0.000688,2,0.0082,0.496301,0.0,0.0,0.78915
goal_only_residual,tgsim,medium,25,0.017733,0.030264,0.012411,0.019863,-0.104016,-0.122479,-0.085553,2,0.0082,0.496301,0.0,0.0,0.78915
goal_only_residual,tgsim,medium,50,0.045337,0.104624,0.027277,0.069851,-0.347728,-0.393117,-0.224695,2,0.0082,0.496301,0.0,0.0,0.78915
goal_only_residual,tgsim,medium,100,0.064928,0.129012,0.064928,0.129012,0.0,0.0,0.0,2,0.0082,0.496301,0.0,0.0,0.78915
goal_only_residual,tgsim,hard,1,0.002428,0.002428,0.002428,0.002428,0.0,0.0,0.0,2,0.0082,0.568456,0.0,0.0,0.965498
goal_only_residual,tgsim,hard,10,0.081991,0.213061,0.08201,0.213094,0.000158,-7.3e-05,0.000981,2,0.0082,0.568456,0.0,0.0,0.965498
goal_only_residual,tgsim,hard,25,0.507183,1.496083,0.502315,1.485838,-0.006895,-0.007359,0.012712,2,0.0082,0.568456,0.0,0.0,0.965498
goal_only_residual,tgsim,hard,50,1.945604,5.198215,1.936726,5.18891,-0.001793,-0.005643,0.394661,2,0.0082,0.568456,0.0,0.0,0.965498
goal_only_residual,tgsim,hard,100,5.254347,11.995052,5.254347,11.995052,0.0,0.0,0.0,2,0.0082,0.568456,0.0,0.0,0.965498
goal_only_residual,tgsim,baseline_failure,1,0.004669,0.004669,0.004669,0.004669,0.0,,,1,0.0082,0.6004,0.0,0.0,1.158325
goal_only_residual,tgsim,baseline_failure,10,0.159964,0.418229,0.159947,0.418199,-7.3e-05,,,1,0.0082,0.6004,0.0,0.0,1.158325
goal_only_residual,tgsim,baseline_failure,25,1.009346,2.978741,0.998028,2.956981,-0.007359,,,1,0.0082,0.6004,0.0,0.0,1.158325
goal_only_residual,tgsim,baseline_failure,50,3.87671,10.350456,3.847094,10.292379,-0.005643,,,1,0.0082,0.6004,0.0,0.0,1.158325
goal_only_residual,tgsim,baseline_failure,100,10.089779,20.967461,10.089779,20.967461,0.0,,,1,0.0082,0.6004,0.0,0.0,1.158325
goal_only_residual,tgsim,traffic,1,0.001326,0.001326,0.001326,0.001326,0.0,0.0,0.0,4,0.0082,0.532378,0.0,0.0,0.877324
goal_only_residual,tgsim,traffic,10,0.043,0.112039,0.042997,0.112008,-0.000276,-0.000956,0.000564,4,0.0082,0.532378,0.0,0.0,0.877324
goal_only_residual,tgsim,traffic,25,0.262458,0.763173,0.257363,0.75285,-0.013712,-0.104016,0.002677,4,0.0082,0.532378,0.0,0.0,0.877324
goal_only_residual,tgsim,traffic,50,0.99547,2.651419,0.982001,2.62938,-0.008382,-0.308906,0.239822,4,0.0082,0.532378,0.0,0.0,0.877324
goal_only_residual,tgsim,traffic,100,2.659638,6.062032,2.659638,6.062032,0.0,0.0,0.0,4,0.0082,0.532378,0.0,0.0,0.877324
goal_only_residual,tgsim,verified_t50,1,0.001326,0.001326,0.001326,0.001326,0.0,0.0,0.0,4,0.0082,0.532378,0.0,0.0,0.877324
goal_only_residual,tgsim,verified_t50,10,0.043,0.112039,0.042997,0.112008,-0.000276,-0.000956,0.000564,4,0.0082,0.532378,0.0,0.0,0.877324
goal_only_residual,tgsim,verified_t50,25,0.262458,0.763173,0.257363,0.75285,-0.013712,-0.104016,0.002677,4,0.0082,0.532378,0.0,0.0,0.877324
goal_only_residual,tgsim,verified_t50,50,0.99547,2.651419,0.982001,2.62938,-0.008382,-0.308906,0.239822,4,0.0082,0.532378,0.0,0.0,0.877324
goal_only_residual,tgsim,verified_t50,100,2.659638,6.062032,2.659638,6.062032,0.0,0.0,0.0,4,0.0082,0.532378,0.0,0.0,0.877324
goal_only_residual,tgsim,verified_t100,1,0.001326,0.001326,0.001326,0.001326,0.0,0.0,0.0,4,0.0082,0.532378,0.0,0.0,0.877324
goal_only_residual,tgsim,verified_t100,10,0.043,0.112039,0.042997,0.112008,-0.000276,-0.000956,0.000564,4,0.0082,0.532378,0.0,0.0,0.877324
goal_only_residual,tgsim,verified_t100,25,0.262458,0.763173,0.257363,0.75285,-0.013712,-0.104016,0.002677,4,0.0082,0.532378,0.0,0.0,0.877324
goal_only_residual,tgsim,verified_t100,50,0.99547,2.651419,0.982001,2.62938,-0.008382,-0.308906,0.239822,4,0.0082,0.532378,0.0,0.0,0.877324
goal_only_residual,tgsim,verified_t100,100,2.659638,6.062032,2.659638,6.062032,0.0,0.0,0.0,4,0.0082,0.532378,0.0,0.0,0.877324
goal_only_residual,tgsim,scene_grounded,1,0.001326,0.001326,0.001326,0.001326,0.0,0.0,0.0,4,0.0082,0.532378,0.0,0.0,0.877324
goal_only_residual,tgsim,scene_grounded,10,0.043,0.112039,0.042997,0.112008,-0.000276,-0.000956,0.000564,4,0.0082,0.532378,0.0,0.0,0.877324
goal_only_residual,tgsim,scene_grounded,25,0.262458,0.763173,0.257363,0.75285,-0.013712,-0.104016,0.002677,4,0.0082,0.532378,0.0,0.0,0.877324
goal_only_residual,tgsim,scene_grounded,50,0.99547,2.651419,0.982001,2.62938,-0.008382,-0.308906,0.239822,4,0.0082,0.532378,0.0,0.0,0.877324
goal_only_residual,tgsim,scene_grounded,100,2.659638,6.062032,2.659638,6.062032,0.0,0.0,0.0,4,0.0082,0.532378,0.0,0.0,0.877324
goal_only_residual,tgsim_i90,all,1,0.006646,0.006646,0.006646,0.006646,0.0,0.0,0.0,6,0.321674,0.515726,0.6,0.1,2.661421
goal_only_residual,tgsim_i90,all,10,0.107243,0.264995,0.11102,0.273352,0.030572,-0.012809,0.051676,6,0.321674,0.515726,0.6,0.1,2.661421
goal_only_residual,tgsim_i90,all,25,0.494939,1.35707,0.593701,1.598133,0.15084,-0.373912,0.348292,6,0.321674,0.515726,0.6,0.1,2.661421
goal_only_residual,tgsim_i90,all,50,1.821918,4.469146,1.863436,4.548539,0.017455,-0.540421,0.434246,6,0.321674,0.515726,0.6,0.1,2.661421
goal_only_residual,tgsim_i90,all,100,4.899219,12.204016,4.693825,10.327657,-0.181683,-0.440036,0.073325,6,0.321674,0.515726,0.6,0.1,2.661421
goal_only_residual,tgsim_i90,hard,1,0.005737,0.005737,0.005737,0.005737,0.0,,,1,0.344064,0.553862,0.6,0.0,3.013394
goal_only_residual,tgsim_i90,hard,10,0.080002,0.203483,0.089575,0.222759,0.086534,,,1,0.344064,0.553862,0.6,0.0,3.013394
goal_only_residual,tgsim_i90,hard,25,0.213088,0.710694,0.507399,1.470148,0.516583,,,1,0.344064,0.553862,0.6,0.0,3.013394
goal_only_residual,tgsim_i90,hard,50,0.753096,2.055042,1.74692,4.008431,0.48732,,,1,0.344064,0.553862,0.6,0.0,3.013394
goal_only_residual,tgsim_i90,hard,100,1.784578,4.29189,3.376514,6.388728,0.328209,,,1,0.344064,0.553862,0.6,0.0,3.013394
goal_only_residual,tgsim_i90,extreme,1,0.006827,0.006827,0.006827,0.006827,0.0,0.0,0.0,5,0.317196,0.508099,0.6,0.12,2.591026
goal_only_residual,tgsim_i90,extreme,10,0.112691,0.277298,0.115309,0.283471,0.021777,-0.022043,0.034548,5,0.317196,0.508099,0.6,0.12,2.591026
goal_only_residual,tgsim_i90,extreme,25,0.551309,1.486345,0.610961,1.62373,0.084611,-0.472715,0.27582,5,0.317196,0.508099,0.6,0.12,2.591026
goal_only_residual,tgsim_i90,extreme,50,2.035683,4.951967,1.886739,4.656561,-0.063439,-0.6507,0.394258,5,0.317196,0.508099,0.6,0.12,2.591026
goal_only_residual,tgsim_i90,extreme,100,5.522147,13.786442,4.957287,11.115443,-0.240296,-0.553834,-0.09005,5,0.317196,0.508099,0.6,0.12,2.591026
goal_only_residual,tgsim_i90,baseline_failure,1,0.005499,0.005499,0.005499,0.005499,0.0,0.0,0.0,5,0.316118,0.505545,0.6,0.0,2.634234
goal_only_residual,tgsim_i90,baseline_failure,10,0.087561,0.215419,0.090014,0.222019,0.029727,-0.021151,0.054347,5,0.316118,0.505545,0.6,0.0,2.634234
goal_only_residual,tgsim_i90,baseline_failure,25,0.477433,1.325204,0.522242,1.470105,0.098565,-0.46049,0.366108,5,0.316118,0.505545,0.6,0.0,2.634234
goal_only_residual,tgsim_i90,baseline_failure,50,2.011302,5.031913,1.803892,4.643147,-0.083729,-0.656777,0.355009,5,0.316118,0.505545,0.6,0.0,2.634234
goal_only_residual,tgsim_i90,baseline_failure,100,5.53553,13.5678,5.039774,11.775393,-0.152216,-0.255641,0.160968,5,0.316118,0.505545,0.6,0.0,2.634234
goal_only_residual,tgsim_i90,traffic,1,0.006646,0.006646,0.006646,0.006646,0.0,0.0,0.0,6,0.321674,0.515726,0.6,0.1,2.661421
goal_only_residual,tgsim_i90,traffic,10,0.107243,0.264995,0.11102,0.273352,0.030572,-0.012809,0.051676,6,0.321674,0.515726,0.6,0.1,2.661421
goal_only_residual,tgsim_i90,traffic,25,0.494939,1.35707,0.593701,1.598133,0.15084,-0.373912,0.348292,6,0.321674,0.515726,0.6,0.1,2.661421
goal_only_residual,tgsim_i90,traffic,50,1.821918,4.469146,1.863436,4.548539,0.017455,-0.540421,0.434246,6,0.321674,0.515726,0.6,0.1,2.661421
goal_only_residual,tgsim_i90,traffic,100,4.899219,12.204016,4.693825,10.327657,-0.181683,-0.440036,0.073325,6,0.321674,0.515726,0.6,0.1,2.661421
goal_only_residual,tgsim_i90,verified_t50,1,0.006646,0.006646,0.006646,0.006646,0.0,0.0,0.0,6,0.321674,0.515726,0.6,0.1,2.661421
goal_only_residual,tgsim_i90,verified_t50,10,0.107243,0.264995,0.11102,0.273352,0.030572,-0.012809,0.051676,6,0.321674,0.515726,0.6,0.1,2.661421
goal_only_residual,tgsim_i90,verified_t50,25,0.494939,1.35707,0.593701,1.598133,0.15084,-0.373912,0.348292,6,0.321674,0.515726,0.6,0.1,2.661421
goal_only_residual,tgsim_i90,verified_t50,50,1.821918,4.469146,1.863436,4.548539,0.017455,-0.540421,0.434246,6,0.321674,0.515726,0.6,0.1,2.661421
goal_only_residual,tgsim_i90,verified_t50,100,4.899219,12.204016,4.693825,10.327657,-0.181683,-0.440036,0.073325,6,0.321674,0.515726,0.6,0.1,2.661421
goal_only_residual,tgsim_i90,verified_t100,1,0.006646,0.006646,0.006646,0.006646,0.0,0.0,0.0,6,0.321674,0.515726,0.6,0.1,2.661421
goal_only_residual,tgsim_i90,verified_t100,10,0.107243,0.264995,0.11102,0.273352,0.030572,-0.012809,0.051676,6,0.321674,0.515726,0.6,0.1,2.661421
goal_only_residual,tgsim_i90,verified_t100,25,0.494939,1.35707,0.593701,1.598133,0.15084,-0.373912,0.348292,6,0.321674,0.515726,0.6,0.1,2.661421
goal_only_residual,tgsim_i90,verified_t100,50,1.821918,4.469146,1.863436,4.548539,0.017455,-0.540421,0.434246,6,0.321674,0.515726,0.6,0.1,2.661421
goal_only_residual,tgsim_i90,verified_t100,100,4.899219,12.204016,4.693825,10.327657,-0.181683,-0.440036,0.073325,6,0.321674,0.515726,0.6,0.1,2.661421
goal_only_residual,tgsim_i90,scene_grounded,1,0.006646,0.006646,0.006646,0.006646,0.0,0.0,0.0,6,0.321674,0.515726,0.6,0.1,2.661421
goal_only_residual,tgsim_i90,scene_grounded,10,0.107243,0.264995,0.11102,0.273352,0.030572,-0.012809,0.051676,6,0.321674,0.515726,0.6,0.1,2.661421
goal_only_residual,tgsim_i90,scene_grounded,25,0.494939,1.35707,0.593701,1.598133,0.15084,-0.373912,0.348292,6,0.321674,0.515726,0.6,0.1,2.661421
goal_only_residual,tgsim_i90,scene_grounded,50,1.821918,4.469146,1.863436,4.548539,0.017455,-0.540421,0.434246,6,0.321674,0.515726,0.6,0.1,2.661421
goal_only_residual,tgsim_i90,scene_grounded,100,4.899219,12.204016,4.693825,10.327657,-0.181683,-0.440036,0.073325,6,0.321674,0.515726,0.6,0.1,2.661421
goal_only_residual,trajnet,all,1,0.059189,0.059189,0.059189,0.059189,0.0,0.0,0.0,7,0.0,0.420386,0.0,0.0,1.599709
goal_only_residual,trajnet,all,10,0.82033,1.434586,0.82033,1.434586,0.0,0.0,0.0,7,0.0,0.420386,0.0,0.0,1.599709
goal_only_residual,trajnet,easy,1,0.019507,0.019507,0.019507,0.019507,0.0,0.0,0.0,2,0.0,0.500492,0.0,0.0,2.033464
goal_only_residual,trajnet,easy,10,0.121791,0.18701,0.121791,0.18701,0.0,0.0,0.0,2,0.0,0.500492,0.0,0.0,2.033464
goal_only_residual,trajnet,medium,1,0.0,0.0,0.0,0.0,0.0,,,1,0.0,0.008344,0.0,0.0,0.236366
goal_only_residual,trajnet,medium,10,0.013868,0.069338,0.013868,0.069338,0.0,,,1,0.0,0.008344,0.0,0.0,0.236366
goal_only_residual,trajnet,hard,1,0.093828,0.093828,0.093828,0.093828,0.0,0.0,0.0,4,0.0,0.483343,0.0,0.0,1.723667
goal_only_residual,trajnet,hard,10,1.371215,2.399685,1.371215,2.399685,0.0,0.0,0.0,4,0.0,0.483343,0.0,0.0,1.723667
goal_only_residual,trajnet,baseline_failure,1,0.093828,0.093828,0.093828,0.093828,0.0,0.0,0.0,4,0.0,0.483343,0.0,0.0,1.723667
goal_only_residual,trajnet,baseline_failure,10,1.371215,2.399685,1.371215,2.399685,0.0,0.0,0.0,4,0.0,0.483343,0.0,0.0,1.723667
goal_only_residual,trajnet,pedestrian_drone,1,0.059189,0.059189,0.059189,0.059189,0.0,0.0,0.0,7,0.0,0.420386,0.0,0.0,1.599709
goal_only_residual,trajnet,pedestrian_drone,10,0.82033,1.434586,0.82033,1.434586,0.0,0.0,0.0,7,0.0,0.420386,0.0,0.0,1.599709
goal_only_residual,trajnet,scene_grounded,1,0.059189,0.059189,0.059189,0.059189,0.0,0.0,0.0,7,0.0,0.420386,0.0,0.0,1.599709
goal_only_residual,trajnet,scene_grounded,10,0.82033,1.434586,0.82033,1.434586,0.0,0.0,0.0,7,0.0,0.420386,0.0,0.0,1.599709
scene_only_residual,eth_ucy,all,1,0.084168,0.084168,0.084168,0.084168,0.0,0.0,0.0,6,0.124989,0.121601,0.166667,0.083333,0.557434
scene_only_residual,eth_ucy,all,10,0.330902,0.582876,0.395439,0.713643,0.183239,-0.027313,0.240257,6,0.124989,0.121601,0.166667,0.083333,0.557434
scene_only_residual,eth_ucy,easy,1,0.0,0.0,0.0,0.0,0.0,,,1,0.025,0.025934,0.0,0.0,0.034894
scene_only_residual,eth_ucy,easy,10,0.001869,0.003398,0.0,0.0,-0.033983,,,1,0.025,0.025934,0.0,0.0,0.034894
scene_only_residual,eth_ucy,medium,1,0.012018,0.012018,0.012018,0.012018,0.0,0.0,0.0,3,0.163617,0.155708,0.166667,0.166667,0.067074
scene_only_residual,eth_ucy,medium,10,0.120914,0.229168,0.144023,0.263202,0.129307,-0.008054,0.239719,3,0.163617,0.155708,0.166667,0.166667,0.067074
scene_only_residual,eth_ucy,hard,1,0.234475,0.234475,0.234475,0.234475,0.0,0.0,0.0,2,0.117042,0.118274,0.25,0.0,1.554243
scene_only_residual,eth_ucy,hard,10,0.810402,1.403177,0.970284,1.746128,0.196407,-0.08036,0.418726,2,0.117042,0.118274,0.25,0.0,1.554243
scene_only_residual,eth_ucy,baseline_failure,1,0.234475,0.234475,0.234475,0.234475,0.0,0.0,0.0,2,0.117042,0.118274,0.25,0.0,1.554243
scene_only_residual,eth_ucy,baseline_failure,10,0.810402,1.403177,0.970284,1.746128,0.196407,-0.08036,0.418726,2,0.117042,0.118274,0.25,0.0,1.554243
scene_only_residual,eth_ucy,pedestrian_drone,1,0.084168,0.084168,0.084168,0.084168,0.0,0.0,0.0,6,0.124989,0.121601,0.166667,0.083333,0.557434
scene_only_residual,eth_ucy,pedestrian_drone,10,0.330902,0.582876,0.395439,0.713643,0.183239,-0.027313,0.240257,6,0.124989,0.121601,0.166667,0.083333,0.557434
scene_only_residual,eth_ucy,scene_grounded,1,0.084168,0.084168,0.084168,0.084168,0.0,0.0,0.0,6,0.124989,0.121601,0.166667,0.083333,0.557434
scene_only_residual,eth_ucy,scene_grounded,10,0.330902,0.582876,0.395439,0.713643,0.183239,-0.027313,0.240257,6,0.124989,0.121601,0.166667,0.083333,0.557434
scene_only_residual,tgsim,all,1,0.001326,0.001326,0.001326,0.001326,0.0,0.0,0.0,4,0.0082,0.212538,0.0,0.0,1.350299
scene_only_residual,tgsim,all,10,0.043015,0.112071,0.042997,0.112008,-0.000563,-0.001178,0.000599,4,0.0082,0.212538,0.0,0.0,1.350299
scene_only_residual,tgsim,all,25,0.26186,0.762301,0.257363,0.75285,-0.012554,-0.059953,-0.009544,4,0.0082,0.212538,0.0,0.0,1.350299
scene_only_residual,tgsim,all,50,0.995132,2.652456,0.982001,2.62938,-0.008776,-0.24734,0.153568,4,0.0082,0.212538,0.0,0.0,1.350299
scene_only_residual,tgsim,all,100,2.659638,6.062032,2.659638,6.062032,0.0,0.0,0.0,4,0.0082,0.212538,0.0,0.0,1.350299
scene_only_residual,tgsim,medium,1,0.000224,0.000224,0.000224,0.000224,0.0,0.0,0.0,2,0.0082,0.074051,0.0,0.0,1.242975
scene_only_residual,tgsim,medium,10,0.004015,0.011039,0.003985,0.010922,-0.001178,-0.00136,-0.000997,2,0.0082,0.074051,0.0,0.0,1.242975
scene_only_residual,tgsim,medium,25,0.01514,0.025858,0.012411,0.019863,-0.059953,-0.060619,-0.059287,2,0.0082,0.074051,0.0,0.0,1.242975
scene_only_residual,tgsim,medium,50,0.04155,0.097973,0.027277,0.069851,-0.281218,-0.2986,-0.19608,2,0.0082,0.074051,0.0,0.0,1.242975
scene_only_residual,tgsim,medium,100,0.064928,0.129012,0.064928,0.129012,0.0,0.0,0.0,2,0.0082,0.074051,0.0,0.0,1.242975
scene_only_residual,tgsim,hard,1,0.002428,0.002428,0.002428,0.002428,0.0,0.0,0.0,2,0.0082,0.351024,0.0,0.0,1.457624
scene_only_residual,tgsim,hard,10,0.082015,0.213103,0.08201,0.213094,-3.9e-05,-0.00031,0.001131,2,0.0082,0.351024,0.0,0.0,1.457624
scene_only_residual,tgsim,hard,25,0.50858,1.498745,0.502315,1.485838,-0.008687,-0.013342,-0.008279,2,0.0082,0.351024,0.0,0.0,1.457624
scene_only_residual,tgsim,hard,50,1.948713,5.20694,1.936726,5.18891,-0.003475,-0.006128,0.270118,2,0.0082,0.351024,0.0,0.0,1.457624
scene_only_residual,tgsim,hard,100,5.254347,11.995052,5.254347,11.995052,0.0,0.0,0.0,2,0.0082,0.351024,0.0,0.0,1.457624
scene_only_residual,tgsim,baseline_failure,1,0.004669,0.004669,0.004669,0.004669,0.0,,,1,0.0082,0.600398,0.0,0.0,1.680111
scene_only_residual,tgsim,baseline_failure,10,0.160019,0.418328,0.159947,0.418199,-0.00031,,,1,0.0082,0.600398,0.0,0.0,1.680111
scene_only_residual,tgsim,baseline_failure,25,1.010747,2.98146,0.998028,2.956981,-0.008279,,,1,0.0082,0.600398,0.0,0.0,1.680111
scene_only_residual,tgsim,baseline_failure,50,3.879178,10.355452,3.847094,10.292379,-0.006128,,,1,0.0082,0.600398,0.0,0.0,1.680111
scene_only_residual,tgsim,baseline_failure,100,10.089779,20.967461,10.089779,20.967461,0.0,,,1,0.0082,0.600398,0.0,0.0,1.680111
scene_only_residual,tgsim,traffic,1,0.001326,0.001326,0.001326,0.001326,0.0,0.0,0.0,4,0.0082,0.212538,0.0,0.0,1.350299
scene_only_residual,tgsim,traffic,10,0.043015,0.112071,0.042997,0.112008,-0.000563,-0.001178,0.000599,4,0.0082,0.212538,0.0,0.0,1.350299
scene_only_residual,tgsim,traffic,25,0.26186,0.762301,0.257363,0.75285,-0.012554,-0.059953,-0.009544,4,0.0082,0.212538,0.0,0.0,1.350299
scene_only_residual,tgsim,traffic,50,0.995132,2.652456,0.982001,2.62938,-0.008776,-0.24734,0.153568,4,0.0082,0.212538,0.0,0.0,1.350299
scene_only_residual,tgsim,traffic,100,2.659638,6.062032,2.659638,6.062032,0.0,0.0,0.0,4,0.0082,0.212538,0.0,0.0,1.350299
scene_only_residual,tgsim,verified_t50,1,0.001326,0.001326,0.001326,0.001326,0.0,0.0,0.0,4,0.0082,0.212538,0.0,0.0,1.350299
scene_only_residual,tgsim,verified_t50,10,0.043015,0.112071,0.042997,0.112008,-0.000563,-0.001178,0.000599,4,0.0082,0.212538,0.0,0.0,1.350299
scene_only_residual,tgsim,verified_t50,25,0.26186,0.762301,0.257363,0.75285,-0.012554,-0.059953,-0.009544,4,0.0082,0.212538,0.0,0.0,1.350299
scene_only_residual,tgsim,verified_t50,50,0.995132,2.652456,0.982001,2.62938,-0.008776,-0.24734,0.153568,4,0.0082,0.212538,0.0,0.0,1.350299
scene_only_residual,tgsim,verified_t50,100,2.659638,6.062032,2.659638,6.062032,0.0,0.0,0.0,4,0.0082,0.212538,0.0,0.0,1.350299
scene_only_residual,tgsim,verified_t100,1,0.001326,0.001326,0.001326,0.001326,0.0,0.0,0.0,4,0.0082,0.212538,0.0,0.0,1.350299
scene_only_residual,tgsim,verified_t100,10,0.043015,0.112071,0.042997,0.112008,-0.000563,-0.001178,0.000599,4,0.0082,0.212538,0.0,0.0,1.350299
scene_only_residual,tgsim,verified_t100,25,0.26186,0.762301,0.257363,0.75285,-0.012554,-0.059953,-0.009544,4,0.0082,0.212538,0.0,0.0,1.350299
scene_only_residual,tgsim,verified_t100,50,0.995132,2.652456,0.982001,2.62938,-0.008776,-0.24734,0.153568,4,0.0082,0.212538,0.0,0.0,1.350299
scene_only_residual,tgsim,verified_t100,100,2.659638,6.062032,2.659638,6.062032,0.0,0.0,0.0,4,0.0082,0.212538,0.0,0.0,1.350299
scene_only_residual,tgsim,scene_grounded,1,0.001326,0.001326,0.001326,0.001326,0.0,0.0,0.0,4,0.0082,0.212538,0.0,0.0,1.350299
scene_only_residual,tgsim,scene_grounded,10,0.043015,0.112071,0.042997,0.112008,-0.000563,-0.001178,0.000599,4,0.0082,0.212538,0.0,0.0,1.350299
scene_only_residual,tgsim,scene_grounded,25,0.26186,0.762301,0.257363,0.75285,-0.012554,-0.059953,-0.009544,4,0.0082,0.212538,0.0,0.0,1.350299
scene_only_residual,tgsim,scene_grounded,50,0.995132,2.652456,0.982001,2.62938,-0.008776,-0.24734,0.153568,4,0.0082,0.212538,0.0,0.0,1.350299
scene_only_residual,tgsim,scene_grounded,100,2.659638,6.062032,2.659638,6.062032,0.0,0.0,0.0,4,0.0082,0.212538,0.0,0.0,1.350299
scene_only_residual,tgsim_i90,all,1,0.006646,0.006646,0.006646,0.006646,0.0,0.0,0.0,6,0.339407,0.485235,0.6,0.1,1.97479
scene_only_residual,tgsim_i90,all,10,0.10901,0.269494,0.11102,0.273352,0.014115,-0.002944,0.020297,6,0.339407,0.485235,0.6,0.1,1.97479
scene_only_residual,tgsim_i90,all,25,0.508738,1.432799,0.593701,1.598133,0.103454,-0.117265,0.213,6,0.339407,0.485235,0.6,0.1,1.97479
scene_only_residual,tgsim_i90,all,50,1.447146,3.646423,1.863436,4.548539,0.198331,-0.261013,0.616335,6,0.339407,0.485235,0.6,0.1,1.97479
scene_only_residual,tgsim_i90,all,100,4.113877,10.40928,4.693825,10.327657,-0.007903,-0.347336,0.178627,6,0.339407,0.485235,0.6,0.1,1.97479
scene_only_residual,tgsim_i90,hard,1,0.005737,0.005737,0.005737,0.005737,0.0,,,1,0.398127,0.554124,0.6,0.0,2.434226
scene_only_residual,tgsim_i90,hard,10,0.087621,0.219244,0.089575,0.222759,0.015781,,,1,0.398127,0.554124,0.6,0.0,2.434226
scene_only_residual,tgsim_i90,hard,25,0.355915,1.163541,0.507399,1.470148,0.208555,,,1,0.398127,0.554124,0.6,0.0,2.434226
scene_only_residual,tgsim_i90,hard,50,0.590779,1.516658,1.74692,4.008431,0.621633,,,1,0.398127,0.554124,0.6,0.0,2.434226
scene_only_residual,tgsim_i90,hard,100,1.768416,4.246666,3.376514,6.388728,0.335288,,,1,0.398127,0.554124,0.6,0.0,2.434226
scene_only_residual,tgsim_i90,extreme,1,0.006827,0.006827,0.006827,0.006827,0.0,0.0,0.0,5,0.327663,0.471458,0.6,0.12,1.882903
scene_only_residual,tgsim_i90,extreme,10,0.113288,0.279544,0.115309,0.283471,0.013853,-0.005345,0.020425,5,0.327663,0.471458,0.6,0.12,1.882903
scene_only_residual,tgsim_i90,extreme,25,0.539302,1.486651,0.610961,1.62373,0.084422,-0.159849,0.213929,5,0.327663,0.471458,0.6,0.12,1.882903
scene_only_residual,tgsim_i90,extreme,50,1.61842,4.072376,1.886739,4.656561,0.125454,-0.377299,0.616271,5,0.327663,0.471458,0.6,0.12,1.882903
scene_only_residual,tgsim_i90,extreme,100,4.582969,11.641803,4.957287,11.115443,-0.047354,-0.457757,0.104878,5,0.327663,0.471458,0.6,0.12,1.882903
scene_only_residual,tgsim_i90,baseline_failure,1,0.005499,0.005499,0.005499,0.005499,0.0,0.0,0.0,5,0.336895,0.480225,0.6,0.0,1.836478
scene_only_residual,tgsim_i90,baseline_failure,10,0.088879,0.219913,0.090014,0.222019,0.009488,-0.005506,0.01767,5,0.336895,0.480225,0.6,0.0,1.836478
scene_only_residual,tgsim_i90,baseline_failure,25,0.473159,1.375514,0.522242,1.470105,0.064343,-0.166695,0.204593,5,0.336895,0.480225,0.6,0.0,1.836478
scene_only_residual,tgsim_i90,baseline_failure,50,1.631573,4.147878,1.803892,4.643147,0.106667,-0.377299,0.576729,5,0.336895,0.480225,0.6,0.0,1.836478
scene_only_residual,tgsim_i90,baseline_failure,100,4.535153,11.438377,5.039774,11.775393,0.02862,-0.05353,0.233104,5,0.336895,0.480225,0.6,0.0,1.836478
scene_only_residual,tgsim_i90,traffic,1,0.006646,0.006646,0.006646,0.006646,0.0,0.0,0.0,6,0.339407,0.485235,0.6,0.1,1.97479
scene_only_residual,tgsim_i90,traffic,10,0.10901,0.269494,0.11102,0.273352,0.014115,-0.002944,0.020297,6,0.339407,0.485235,0.6,0.1,1.97479
scene_only_residual,tgsim_i90,traffic,25,0.508738,1.432799,0.593701,1.598133,0.103454,-0.117265,0.213,6,0.339407,0.485235,0.6,0.1,1.97479
scene_only_residual,tgsim_i90,traffic,50,1.447146,3.646423,1.863436,4.548539,0.198331,-0.261013,0.616335,6,0.339407,0.485235,0.6,0.1,1.97479
scene_only_residual,tgsim_i90,traffic,100,4.113877,10.40928,4.693825,10.327657,-0.007903,-0.347336,0.178627,6,0.339407,0.485235,0.6,0.1,1.97479
scene_only_residual,tgsim_i90,verified_t50,1,0.006646,0.006646,0.006646,0.006646,0.0,0.0,0.0,6,0.339407,0.485235,0.6,0.1,1.97479
scene_only_residual,tgsim_i90,verified_t50,10,0.10901,0.269494,0.11102,0.273352,0.014115,-0.002944,0.020297,6,0.339407,0.485235,0.6,0.1,1.97479
scene_only_residual,tgsim_i90,verified_t50,25,0.508738,1.432799,0.593701,1.598133,0.103454,-0.117265,0.213,6,0.339407,0.485235,0.6,0.1,1.97479
scene_only_residual,tgsim_i90,verified_t50,50,1.447146,3.646423,1.863436,4.548539,0.198331,-0.261013,0.616335,6,0.339407,0.485235,0.6,0.1,1.97479
scene_only_residual,tgsim_i90,verified_t50,100,4.113877,10.40928,4.693825,10.327657,-0.007903,-0.347336,0.178627,6,0.339407,0.485235,0.6,0.1,1.97479
scene_only_residual,tgsim_i90,verified_t100,1,0.006646,0.006646,0.006646,0.006646,0.0,0.0,0.0,6,0.339407,0.485235,0.6,0.1,1.97479
scene_only_residual,tgsim_i90,verified_t100,10,0.10901,0.269494,0.11102,0.273352,0.014115,-0.002944,0.020297,6,0.339407,0.485235,0.6,0.1,1.97479
scene_only_residual,tgsim_i90,verified_t100,25,0.508738,1.432799,0.593701,1.598133,0.103454,-0.117265,0.213,6,0.339407,0.485235,0.6,0.1,1.97479
scene_only_residual,tgsim_i90,verified_t100,50,1.447146,3.646423,1.863436,4.548539,0.198331,-0.261013,0.616335,6,0.339407,0.485235,0.6,0.1,1.97479
scene_only_residual,tgsim_i90,verified_t100,100,4.113877,10.40928,4.693825,10.327657,-0.007903,-0.347336,0.178627,6,0.339407,0.485235,0.6,0.1,1.97479
scene_only_residual,tgsim_i90,scene_grounded,1,0.006646,0.006646,0.006646,0.006646,0.0,0.0,0.0,6,0.339407,0.485235,0.6,0.1,1.97479
scene_only_residual,tgsim_i90,scene_grounded,10,0.10901,0.269494,0.11102,0.273352,0.014115,-0.002944,0.020297,6,0.339407,0.485235,0.6,0.1,1.97479
scene_only_residual,tgsim_i90,scene_grounded,25,0.508738,1.432799,0.593701,1.598133,0.103454,-0.117265,0.213,6,0.339407,0.485235,0.6,0.1,1.97479
scene_only_residual,tgsim_i90,scene_grounded,50,1.447146,3.646423,1.863436,4.548539,0.198331,-0.261013,0.616335,6,0.339407,0.485235,0.6,0.1,1.97479
scene_only_residual,tgsim_i90,scene_grounded,100,4.113877,10.40928,4.693825,10.327657,-0.007903,-0.347336,0.178627,6,0.339407,0.485235,0.6,0.1,1.97479
scene_only_residual,trajnet,all,1,0.075766,0.075766,0.059189,0.059189,-0.165772,-0.243112,-0.041389,7,0.05,0.378982,0.0,0.0,1.344838
scene_only_residual,trajnet,all,10,0.834905,1.445667,0.82033,1.434586,-0.007724,-0.179873,0.065072,7,0.05,0.378982,0.0,0.0,1.344838
scene_only_residual,trajnet,easy,1,0.039266,0.039266,0.019507,0.019507,-0.197599,-0.401714,0.006516,2,0.05,0.462353,0.0,0.0,1.762257
scene_only_residual,trajnet,easy,10,0.18083,0.242769,0.121791,0.18701,-0.298164,-0.436269,0.138363,2,0.05,0.462353,0.0,0.0,1.762257
scene_only_residual,trajnet,medium,1,0.003483,0.003483,0.0,0.0,-0.034834,,,1,0.05,0.008963,0.0,0.0,0.109636
scene_only_residual,trajnet,medium,10,0.015727,0.064967,0.013868,0.069338,0.043716,,,1,0.05,0.008963,0.0,0.0,0.109636
scene_only_residual,trajnet,hard,1,0.112087,0.112087,0.093828,0.093828,-0.182593,-0.240651,-0.035779,4,0.05,0.429802,0.0,0.0,1.444929
scene_only_residual,trajnet,hard,10,1.366737,2.392291,1.371215,2.399685,0.003082,-0.025077,0.020739,4,0.05,0.429802,0.0,0.0,1.444929
scene_only_residual,trajnet,baseline_failure,1,0.112087,0.112087,0.093828,0.093828,-0.182593,-0.240651,-0.035779,4,0.05,0.429802,0.0,0.0,1.444929
scene_only_residual,trajnet,baseline_failure,10,1.366737,2.392291,1.371215,2.399685,0.003082,-0.025077,0.020739,4,0.05,0.429802,0.0,0.0,1.444929
scene_only_residual,trajnet,pedestrian_drone,1,0.075766,0.075766,0.059189,0.059189,-0.165772,-0.243112,-0.041389,7,0.05,0.378982,0.0,0.0,1.344838
scene_only_residual,trajnet,pedestrian_drone,10,0.834905,1.445667,0.82033,1.434586,-0.007724,-0.179873,0.065072,7,0.05,0.378982,0.0,0.0,1.344838
scene_only_residual,trajnet,scene_grounded,1,0.075766,0.075766,0.059189,0.059189,-0.165772,-0.243112,-0.041389,7,0.05,0.378982,0.0,0.0,1.344838
scene_only_residual,trajnet,scene_grounded,10,0.834905,1.445667,0.82033,1.434586,-0.007724,-0.179873,0.065072,7,0.05,0.378982,0.0,0.0,1.344838
interaction_scalar_residual,eth_ucy,all,1,0.084168,0.084168,0.084168,0.084168,0.0,0.0,0.0,6,0.03987,0.092517,0.083333,0.083333,0.742199
interaction_scalar_residual,eth_ucy,all,10,0.374474,0.674653,0.395439,0.713643,0.054635,-0.061504,0.159591,6,0.03987,0.092517,0.083333,0.083333,0.742199
interaction_scalar_residual,eth_ucy,easy,1,0.0,0.0,0.0,0.0,0.0,,,1,0.009954,0.020408,0.0,0.0,0.186733
interaction_scalar_residual,eth_ucy,easy,10,0.003973,0.007224,0.0,0.0,-0.072244,,,1,0.009954,0.020408,0.0,0.0,0.186733
interaction_scalar_residual,eth_ucy,medium,1,0.012018,0.012018,0.012018,0.012018,0.0,0.0,0.0,3,0.063618,0.127737,0.166667,0.166667,0.296325
interaction_scalar_residual,eth_ucy,medium,10,0.118916,0.219185,0.144023,0.263202,0.167238,-0.090722,0.349466,3,0.063618,0.127737,0.166667,0.166667,0.296325
interaction_scalar_residual,eth_ucy,hard,1,0.234475,0.234475,0.234475,0.234475,0.0,0.0,0.0,2,0.019207,0.075743,0.0,0.0,1.688743
interaction_scalar_residual,eth_ucy,hard,10,0.943062,1.691571,0.970284,1.746128,0.031244,-0.036895,0.085979,2,0.019207,0.075743,0.0,0.0,1.688743
interaction_scalar_residual,eth_ucy,baseline_failure,1,0.234475,0.234475,0.234475,0.234475,0.0,0.0,0.0,2,0.019207,0.075743,0.0,0.0,1.688743
interaction_scalar_residual,eth_ucy,baseline_failure,10,0.943062,1.691571,0.970284,1.746128,0.031244,-0.036895,0.085979,2,0.019207,0.075743,0.0,0.0,1.688743
interaction_scalar_residual,eth_ucy,pedestrian_drone,1,0.084168,0.084168,0.084168,0.084168,0.0,0.0,0.0,6,0.03987,0.092517,0.083333,0.083333,0.742199
interaction_scalar_residual,eth_ucy,pedestrian_drone,10,0.374474,0.674653,0.395439,0.713643,0.054635,-0.061504,0.159591,6,0.03987,0.092517,0.083333,0.083333,0.742199
interaction_scalar_residual,eth_ucy,scene_grounded,1,0.084168,0.084168,0.084168,0.084168,0.0,0.0,0.0,6,0.03987,0.092517,0.083333,0.083333,0.742199
interaction_scalar_residual,eth_ucy,scene_grounded,10,0.374474,0.674653,0.395439,0.713643,0.054635,-0.061504,0.159591,6,0.03987,0.092517,0.083333,0.083333,0.742199
interaction_scalar_residual,tgsim,all,1,0.001326,0.001326,0.001326,0.001326,0.0,0.0,0.0,4,0.132282,0.181571,0.2,0.1,0.684666
interaction_scalar_residual,tgsim,all,10,0.042997,0.112008,0.042997,0.112008,0.0,0.0,0.0,4,0.132282,0.181571,0.2,0.1,0.684666
interaction_scalar_residual,tgsim,all,25,0.407253,1.040453,0.257363,0.75285,-0.382018,-0.300221,-0.027398,4,0.132282,0.181571,0.2,0.1,0.684666
interaction_scalar_residual,tgsim,all,50,1.371922,3.395817,0.982001,2.62938,-0.29149,-0.260877,0.043674,4,0.132282,0.181571,0.2,0.1,0.684666
interaction_scalar_residual,tgsim,all,100,2.678818,6.101541,2.659638,6.062032,-0.006517,-0.30249,-0.003042,4,0.132282,0.181571,0.2,0.1,0.684666
interaction_scalar_residual,tgsim,medium,1,0.000224,0.000224,0.000224,0.000224,0.0,0.0,0.0,2,0.048565,0.052248,0.2,0.2,0.51225
interaction_scalar_residual,tgsim,medium,10,0.003985,0.010922,0.003985,0.010922,0.0,0.0,0.0,2,0.048565,0.052248,0.2,0.2,0.51225
interaction_scalar_residual,tgsim,medium,25,0.017823,0.028636,0.012411,0.019863,-0.087733,-0.123626,-0.05184,2,0.048565,0.052248,0.2,0.2,0.51225
interaction_scalar_residual,tgsim,medium,50,0.037039,0.092168,0.027277,0.069851,-0.223168,-0.213434,-0.159149,2,0.048565,0.052248,0.2,0.2,0.51225
interaction_scalar_residual,tgsim,medium,100,0.084957,0.169421,0.064928,0.129012,-0.313218,-0.402385,-0.161928,2,0.048565,0.052248,0.2,0.2,0.51225
interaction_scalar_residual,tgsim,hard,1,0.002428,0.002428,0.002428,0.002428,0.0,0.0,0.0,2,0.215999,0.310895,0.2,0.0,0.857081
interaction_scalar_residual,tgsim,hard,10,0.08201,0.213094,0.08201,0.213094,0.0,0.0,0.0,2,0.215999,0.310895,0.2,0.0,0.857081
interaction_scalar_residual,tgsim,hard,25,0.796683,2.05227,0.502315,1.485838,-0.38122,-0.383015,-0.002956,2,0.215999,0.310895,0.2,0.0,0.857081
interaction_scalar_residual,tgsim,hard,50,2.706805,6.699467,1.936726,5.18891,-0.291113,-0.294786,0.129377,2,0.215999,0.310895,0.2,0.0,0.857081
interaction_scalar_residual,tgsim,hard,100,5.27268,12.033661,5.254347,11.995052,-0.003219,-0.003278,-0.002805,2,0.215999,0.310895,0.2,0.0,0.857081
interaction_scalar_residual,tgsim,baseline_failure,1,0.004669,0.004669,0.004669,0.004669,0.0,,,1,0.403995,0.600386,0.4,0.0,1.576812
interaction_scalar_residual,tgsim,baseline_failure,10,0.159947,0.418199,0.159947,0.418199,0.0,,,1,0.403995,0.600386,0.4,0.0,1.576812
interaction_scalar_residual,tgsim,baseline_failure,25,1.586966,4.089549,0.998028,2.956981,-0.383015,,,1,0.403995,0.600386,0.4,0.0,1.576812
interaction_scalar_residual,tgsim,baseline_failure,50,5.392016,13.326431,3.847094,10.292379,-0.294786,,,1,0.403995,0.600386,0.4,0.0,1.576812
interaction_scalar_residual,tgsim,baseline_failure,100,10.125821,21.036198,10.089779,20.967461,-0.003278,,,1,0.403995,0.600386,0.4,0.0,1.576812
interaction_scalar_residual,tgsim,traffic,1,0.001326,0.001326,0.001326,0.001326,0.0,0.0,0.0,4,0.132282,0.181571,0.2,0.1,0.684666
interaction_scalar_residual,tgsim,traffic,10,0.042997,0.112008,0.042997,0.112008,0.0,0.0,0.0,4,0.132282,0.181571,0.2,0.1,0.684666
interaction_scalar_residual,tgsim,traffic,25,0.407253,1.040453,0.257363,0.75285,-0.382018,-0.300221,-0.027398,4,0.132282,0.181571,0.2,0.1,0.684666
interaction_scalar_residual,tgsim,traffic,50,1.371922,3.395817,0.982001,2.62938,-0.29149,-0.260877,0.043674,4,0.132282,0.181571,0.2,0.1,0.684666
interaction_scalar_residual,tgsim,traffic,100,2.678818,6.101541,2.659638,6.062032,-0.006517,-0.30249,-0.003042,4,0.132282,0.181571,0.2,0.1,0.684666
interaction_scalar_residual,tgsim,verified_t50,1,0.001326,0.001326,0.001326,0.001326,0.0,0.0,0.0,4,0.132282,0.181571,0.2,0.1,0.684666
interaction_scalar_residual,tgsim,verified_t50,10,0.042997,0.112008,0.042997,0.112008,0.0,0.0,0.0,4,0.132282,0.181571,0.2,0.1,0.684666
interaction_scalar_residual,tgsim,verified_t50,25,0.407253,1.040453,0.257363,0.75285,-0.382018,-0.300221,-0.027398,4,0.132282,0.181571,0.2,0.1,0.684666
interaction_scalar_residual,tgsim,verified_t50,50,1.371922,3.395817,0.982001,2.62938,-0.29149,-0.260877,0.043674,4,0.132282,0.181571,0.2,0.1,0.684666
interaction_scalar_residual,tgsim,verified_t50,100,2.678818,6.101541,2.659638,6.062032,-0.006517,-0.30249,-0.003042,4,0.132282,0.181571,0.2,0.1,0.684666
interaction_scalar_residual,tgsim,verified_t100,1,0.001326,0.001326,0.001326,0.001326,0.0,0.0,0.0,4,0.132282,0.181571,0.2,0.1,0.684666
interaction_scalar_residual,tgsim,verified_t100,10,0.042997,0.112008,0.042997,0.112008,0.0,0.0,0.0,4,0.132282,0.181571,0.2,0.1,0.684666
interaction_scalar_residual,tgsim,verified_t100,25,0.407253,1.040453,0.257363,0.75285,-0.382018,-0.300221,-0.027398,4,0.132282,0.181571,0.2,0.1,0.684666
interaction_scalar_residual,tgsim,verified_t100,50,1.371922,3.395817,0.982001,2.62938,-0.29149,-0.260877,0.043674,4,0.132282,0.181571,0.2,0.1,0.684666
interaction_scalar_residual,tgsim,verified_t100,100,2.678818,6.101541,2.659638,6.062032,-0.006517,-0.30249,-0.003042,4,0.132282,0.181571,0.2,0.1,0.684666
interaction_scalar_residual,tgsim,scene_grounded,1,0.001326,0.001326,0.001326,0.001326,0.0,0.0,0.0,4,0.132282,0.181571,0.2,0.1,0.684666
interaction_scalar_residual,tgsim,scene_grounded,10,0.042997,0.112008,0.042997,0.112008,0.0,0.0,0.0,4,0.132282,0.181571,0.2,0.1,0.684666
interaction_scalar_residual,tgsim,scene_grounded,25,0.407253,1.040453,0.257363,0.75285,-0.382018,-0.300221,-0.027398,4,0.132282,0.181571,0.2,0.1,0.684666
interaction_scalar_residual,tgsim,scene_grounded,50,1.371922,3.395817,0.982001,2.62938,-0.29149,-0.260877,0.043674,4,0.132282,0.181571,0.2,0.1,0.684666
interaction_scalar_residual,tgsim,scene_grounded,100,2.678818,6.101541,2.659638,6.062032,-0.006517,-0.30249,-0.003042,4,0.132282,0.181571,0.2,0.1,0.684666
interaction_scalar_residual,tgsim_i90,all,1,0.006646,0.006646,0.006646,0.006646,0.0,0.0,0.0,6,0.0282,0.530312,0.0,0.0,2.031898
interaction_scalar_residual,tgsim_i90,all,10,0.109987,0.271235,0.11102,0.273352,0.007745,-0.022529,0.017778,6,0.0282,0.530312,0.0,0.0,2.031898
interaction_scalar_residual,tgsim_i90,all,25,0.5838,1.584372,0.593701,1.598133,0.008611,-0.08621,0.03981,6,0.0282,0.530312,0.0,0.0,2.031898
interaction_scalar_residual,tgsim_i90,all,50,1.853106,4.52998,1.863436,4.548539,0.00408,-0.014267,0.015067,6,0.0282,0.530312,0.0,0.0,2.031898
interaction_scalar_residual,tgsim_i90,all,100,4.631786,10.256576,4.693825,10.327657,0.006883,-0.007053,0.02273,6,0.0282,0.530312,0.0,0.0,2.031898
interaction_scalar_residual,tgsim_i90,hard,1,0.005737,0.005737,0.005737,0.005737,0.0,,,1,0.0282,0.563451,0.0,0.0,1.25092
interaction_scalar_residual,tgsim_i90,hard,10,0.089058,0.221944,0.089575,0.222759,0.003661,,,1,0.0282,0.563451,0.0,0.0,1.25092
interaction_scalar_residual,tgsim_i90,hard,25,0.508961,1.473666,0.507399,1.470148,-0.002393,,,1,0.0282,0.563451,0.0,0.0,1.25092
interaction_scalar_residual,tgsim_i90,hard,50,1.758098,4.024944,1.74692,4.008431,-0.004119,,,1,0.0282,0.563451,0.0,0.0,1.25092
interaction_scalar_residual,tgsim_i90,hard,100,3.279986,6.20554,3.376514,6.388728,0.028674,,,1,0.0282,0.563451,0.0,0.0,1.25092
interaction_scalar_residual,tgsim_i90,extreme,1,0.006827,0.006827,0.006827,0.006827,0.0,0.0,0.0,5,0.0282,0.523684,0.0,0.0,2.188094
interaction_scalar_residual,tgsim_i90,extreme,10,0.114173,0.281093,0.115309,0.283471,0.008387,-0.025632,0.017949,5,0.0282,0.523684,0.0,0.0,2.188094
interaction_scalar_residual,tgsim_i90,extreme,25,0.598768,1.606513,0.610961,1.62373,0.010603,-0.099423,0.044498,5,0.0282,0.523684,0.0,0.0,2.188094
interaction_scalar_residual,tgsim_i90,extreme,50,1.872108,4.630988,1.886739,4.656561,0.005492,-0.016986,0.018284,5,0.0282,0.523684,0.0,0.0,2.188094
interaction_scalar_residual,tgsim_i90,extreme,100,4.902146,11.066783,4.957287,11.115443,0.004378,-0.01185,0.018556,5,0.0282,0.523684,0.0,0.0,2.188094
interaction_scalar_residual,tgsim_i90,baseline_failure,1,0.005499,0.005499,0.005499,0.005499,0.0,0.0,0.0,5,0.0282,0.54503,0.0,0.0,1.823924
interaction_scalar_residual,tgsim_i90,baseline_failure,10,0.090015,0.221972,0.090014,0.222019,0.000213,-0.028004,0.011725,5,0.0282,0.54503,0.0,0.0,1.823924
interaction_scalar_residual,tgsim_i90,baseline_failure,25,0.528037,1.48778,0.522242,1.470105,-0.012023,-0.105539,0.016757,5,0.0282,0.54503,0.0,0.0,1.823924
interaction_scalar_residual,tgsim_i90,baseline_failure,50,1.802588,4.642169,1.803892,4.643147,0.000211,-0.019565,0.009511,5,0.0282,0.54503,0.0,0.0,1.823924
interaction_scalar_residual,tgsim_i90,baseline_failure,100,4.985479,11.681197,5.039774,11.775393,0.007999,-0.003118,0.026646,5,0.0282,0.54503,0.0,0.0,1.823924
interaction_scalar_residual,tgsim_i90,traffic,1,0.006646,0.006646,0.006646,0.006646,0.0,0.0,0.0,6,0.0282,0.530312,0.0,0.0,2.031898
interaction_scalar_residual,tgsim_i90,traffic,10,0.109987,0.271235,0.11102,0.273352,0.007745,-0.022529,0.017778,6,0.0282,0.530312,0.0,0.0,2.031898
interaction_scalar_residual,tgsim_i90,traffic,25,0.5838,1.584372,0.593701,1.598133,0.008611,-0.08621,0.03981,6,0.0282,0.530312,0.0,0.0,2.031898
interaction_scalar_residual,tgsim_i90,traffic,50,1.853106,4.52998,1.863436,4.548539,0.00408,-0.014267,0.015067,6,0.0282,0.530312,0.0,0.0,2.031898
interaction_scalar_residual,tgsim_i90,traffic,100,4.631786,10.256576,4.693825,10.327657,0.006883,-0.007053,0.02273,6,0.0282,0.530312,0.0,0.0,2.031898
interaction_scalar_residual,tgsim_i90,verified_t50,1,0.006646,0.006646,0.006646,0.006646,0.0,0.0,0.0,6,0.0282,0.530312,0.0,0.0,2.031898
interaction_scalar_residual,tgsim_i90,verified_t50,10,0.109987,0.271235,0.11102,0.273352,0.007745,-0.022529,0.017778,6,0.0282,0.530312,0.0,0.0,2.031898
interaction_scalar_residual,tgsim_i90,verified_t50,25,0.5838,1.584372,0.593701,1.598133,0.008611,-0.08621,0.03981,6,0.0282,0.530312,0.0,0.0,2.031898
interaction_scalar_residual,tgsim_i90,verified_t50,50,1.853106,4.52998,1.863436,4.548539,0.00408,-0.014267,0.015067,6,0.0282,0.530312,0.0,0.0,2.031898
interaction_scalar_residual,tgsim_i90,verified_t50,100,4.631786,10.256576,4.693825,10.327657,0.006883,-0.007053,0.02273,6,0.0282,0.530312,0.0,0.0,2.031898
interaction_scalar_residual,tgsim_i90,verified_t100,1,0.006646,0.006646,0.006646,0.006646,0.0,0.0,0.0,6,0.0282,0.530312,0.0,0.0,2.031898
interaction_scalar_residual,tgsim_i90,verified_t100,10,0.109987,0.271235,0.11102,0.273352,0.007745,-0.022529,0.017778,6,0.0282,0.530312,0.0,0.0,2.031898
interaction_scalar_residual,tgsim_i90,verified_t100,25,0.5838,1.584372,0.593701,1.598133,0.008611,-0.08621,0.03981,6,0.0282,0.530312,0.0,0.0,2.031898
interaction_scalar_residual,tgsim_i90,verified_t100,50,1.853106,4.52998,1.863436,4.548539,0.00408,-0.014267,0.015067,6,0.0282,0.530312,0.0,0.0,2.031898
interaction_scalar_residual,tgsim_i90,verified_t100,100,4.631786,10.256576,4.693825,10.327657,0.006883,-0.007053,0.02273,6,0.0282,0.530312,0.0,0.0,2.031898
interaction_scalar_residual,tgsim_i90,scene_grounded,1,0.006646,0.006646,0.006646,0.006646,0.0,0.0,0.0,6,0.0282,0.530312,0.0,0.0,2.031898
interaction_scalar_residual,tgsim_i90,scene_grounded,10,0.109987,0.271235,0.11102,0.273352,0.007745,-0.022529,0.017778,6,0.0282,0.530312,0.0,0.0,2.031898
interaction_scalar_residual,tgsim_i90,scene_grounded,25,0.5838,1.584372,0.593701,1.598133,0.008611,-0.08621,0.03981,6,0.0282,0.530312,0.0,0.0,2.031898
interaction_scalar_residual,tgsim_i90,scene_grounded,50,1.853106,4.52998,1.863436,4.548539,0.00408,-0.014267,0.015067,6,0.0282,0.530312,0.0,0.0,2.031898
interaction_scalar_residual,tgsim_i90,scene_grounded,100,4.631786,10.256576,4.693825,10.327657,0.006883,-0.007053,0.02273,6,0.0282,0.530312,0.0,0.0,2.031898
interaction_scalar_residual,trajnet,all,1,0.059189,0.059189,0.059189,0.059189,0.0,0.0,0.0,7,0.0,0.234158,0.0,0.0,1.711796
interaction_scalar_residual,trajnet,all,10,0.82033,1.434586,0.82033,1.434586,0.0,0.0,0.0,7,0.0,0.234158,0.0,0.0,1.711796
interaction_scalar_residual,trajnet,easy,1,0.019507,0.019507,0.019507,0.019507,0.0,0.0,0.0,2,0.0,0.339448,0.0,0.0,2.072678
interaction_scalar_residual,trajnet,easy,10,0.121791,0.18701,0.121791,0.18701,0.0,0.0,0.0,2,0.0,0.339448,0.0,0.0,2.072678
interaction_scalar_residual,trajnet,medium,1,0.0,0.0,0.0,0.0,0.0,,,1,0.0,0.010363,0.0,0.0,0.406481
interaction_scalar_residual,trajnet,medium,10,0.013868,0.069338,0.013868,0.069338,0.0,,,1,0.0,0.010363,0.0,0.0,0.406481
interaction_scalar_residual,trajnet,hard,1,0.093828,0.093828,0.093828,0.093828,0.0,0.0,0.0,4,0.0,0.237462,0.0,0.0,1.857683
interaction_scalar_residual,trajnet,hard,10,1.371215,2.399685,1.371215,2.399685,0.0,0.0,0.0,4,0.0,0.237462,0.0,0.0,1.857683
interaction_scalar_residual,trajnet,baseline_failure,1,0.093828,0.093828,0.093828,0.093828,0.0,0.0,0.0,4,0.0,0.237462,0.0,0.0,1.857683
interaction_scalar_residual,trajnet,baseline_failure,10,1.371215,2.399685,1.371215,2.399685,0.0,0.0,0.0,4,0.0,0.237462,0.0,0.0,1.857683
interaction_scalar_residual,trajnet,pedestrian_drone,1,0.059189,0.059189,0.059189,0.059189,0.0,0.0,0.0,7,0.0,0.234158,0.0,0.0,1.711796
interaction_scalar_residual,trajnet,pedestrian_drone,10,0.82033,1.434586,0.82033,1.434586,0.0,0.0,0.0,7,0.0,0.234158,0.0,0.0,1.711796
interaction_scalar_residual,trajnet,scene_grounded,1,0.059189,0.059189,0.059189,0.059189,0.0,0.0,0.0,7,0.0,0.234158,0.0,0.0,1.711796
interaction_scalar_residual,trajnet,scene_grounded,10,0.82033,1.434586,0.82033,1.434586,0.0,0.0,0.0,7,0.0,0.234158,0.0,0.0,1.711796
goal_interaction_residual,eth_ucy,all,1,0.084168,0.084168,0.084168,0.084168,0.0,0.0,0.0,6,0.098017,0.113664,0.166667,0.083333,0.644384
goal_interaction_residual,eth_ucy,all,10,0.403017,0.712771,0.395439,0.713643,0.001223,-0.23905,0.017972,6,0.098017,0.113664,0.166667,0.083333,0.644384
goal_interaction_residual,eth_ucy,easy,1,0.0,0.0,0.0,0.0,0.0,,,1,0.032436,0.032936,0.0,0.0,0.058974
goal_interaction_residual,eth_ucy,easy,10,0.003489,0.006343,0.0,0.0,-0.063433,,,1,0.032436,0.032936,0.0,0.0,0.058974
goal_interaction_residual,eth_ucy,medium,1,0.012018,0.012018,0.012018,0.012018,0.0,0.0,0.0,3,0.118526,0.119026,0.166667,0.166667,0.436192
goal_interaction_residual,eth_ucy,medium,10,0.197602,0.333861,0.144023,0.263202,-0.268459,-0.451487,-0.036539,3,0.118526,0.119026,0.166667,0.166667,0.436192
goal_interaction_residual,eth_ucy,hard,1,0.234475,0.234475,0.234475,0.234475,0.0,0.0,0.0,2,0.100043,0.145986,0.25,0.0,1.249376
goal_interaction_residual,eth_ucy,hard,10,0.910905,1.63435,0.970284,1.746128,0.064015,0.039891,0.083393,2,0.100043,0.145986,0.25,0.0,1.249376
goal_interaction_residual,eth_ucy,baseline_failure,1,0.234475,0.234475,0.234475,0.234475,0.0,0.0,0.0,2,0.100043,0.145986,0.25,0.0,1.249376
goal_interaction_residual,eth_ucy,baseline_failure,10,0.910905,1.63435,0.970284,1.746128,0.064015,0.039891,0.083393,2,0.100043,0.145986,0.25,0.0,1.249376
goal_interaction_residual,eth_ucy,pedestrian_drone,1,0.084168,0.084168,0.084168,0.084168,0.0,0.0,0.0,6,0.098017,0.113664,0.166667,0.083333,0.644384
goal_interaction_residual,eth_ucy,pedestrian_drone,10,0.403017,0.712771,0.395439,0.713643,0.001223,-0.23905,0.017972,6,0.098017,0.113664,0.166667,0.083333,0.644384
goal_interaction_residual,eth_ucy,scene_grounded,1,0.084168,0.084168,0.084168,0.084168,0.0,0.0,0.0,6,0.098017,0.113664,0.166667,0.083333,0.644384
goal_interaction_residual,eth_ucy,scene_grounded,10,0.403017,0.712771,0.395439,0.713643,0.001223,-0.23905,0.017972,6,0.098017,0.113664,0.166667,0.083333,0.644384
goal_interaction_residual,tgsim,all,1,0.001326,0.001326,0.001326,0.001326,0.0,0.0,0.0,4,0.008,0.50289,0.0,0.0,1.05051
goal_interaction_residual,tgsim,all,10,0.042997,0.112008,0.042997,0.112008,0.0,0.0,0.0,4,0.008,0.50289,0.0,0.0,1.05051
goal_interaction_residual,tgsim,all,25,0.261898,0.761874,0.257363,0.75285,-0.011986,-0.072319,-0.001648,4,0.008,0.50289,0.0,0.0,1.05051
goal_interaction_residual,tgsim,all,50,0.995381,2.652803,0.982001,2.62938,-0.008908,-0.241281,0.151799,4,0.008,0.50289,0.0,0.0,1.05051
goal_interaction_residual,tgsim,all,100,2.659638,6.062032,2.659638,6.062032,0.0,0.0,0.0,4,0.008,0.50289,0.0,0.0,1.05051
goal_interaction_residual,tgsim,medium,1,0.000224,0.000224,0.000224,0.000224,0.0,0.0,0.0,2,0.008,0.501264,0.0,0.0,0.949576
goal_interaction_residual,tgsim,medium,10,0.003985,0.010922,0.003985,0.010922,0.0,0.0,0.0,2,0.008,0.501264,0.0,0.0,0.949576
goal_interaction_residual,tgsim,medium,25,0.016072,0.026617,0.012411,0.019863,-0.067549,-0.093828,-0.041269,2,0.008,0.501264,0.0,0.0,0.949576
goal_interaction_residual,tgsim,medium,50,0.041859,0.09813,0.027277,0.069851,-0.282791,-0.242306,-0.240255,2,0.008,0.501264,0.0,0.0,0.949576
goal_interaction_residual,tgsim,medium,100,0.064928,0.129012,0.064928,0.129012,0.0,0.0,0.0,2,0.008,0.501264,0.0,0.0,0.949576
goal_interaction_residual,tgsim,hard,1,0.002428,0.002428,0.002428,0.002428,0.0,0.0,0.0,2,0.008,0.504515,0.0,0.0,1.151444
goal_interaction_residual,tgsim,hard,10,0.08201,0.213094,0.08201,0.213094,0.0,0.0,0.0,2,0.008,0.504515,0.0,0.0,1.151444
goal_interaction_residual,tgsim,hard,25,0.507725,1.49713,0.502315,1.485838,-0.0076,-0.007789,0.004492,2,0.008,0.504515,0.0,0.0,1.151444
goal_interaction_residual,tgsim,hard,50,1.948903,5.207477,1.936726,5.18891,-0.003578,-0.006353,0.282484,2,0.008,0.504515,0.0,0.0,1.151444
goal_interaction_residual,tgsim,hard,100,5.254347,11.995052,5.254347,11.995052,0.0,0.0,0.0,2,0.008,0.504515,0.0,0.0,1.151444
goal_interaction_residual,tgsim,baseline_failure,1,0.004669,0.004669,0.004669,0.004669,0.0,,,1,0.008,0.600399,0.0,0.0,1.628608
goal_interaction_residual,tgsim,baseline_failure,10,0.159947,0.418199,0.159947,0.418199,0.0,,,1,0.008,0.600399,0.0,0.0,1.628608
goal_interaction_residual,tgsim,baseline_failure,25,1.010001,2.980014,0.998028,2.956981,-0.007789,,,1,0.008,0.600399,0.0,0.0,1.628608
goal_interaction_residual,tgsim,baseline_failure,50,3.880353,10.357762,3.847094,10.292379,-0.006353,,,1,0.008,0.600399,0.0,0.0,1.628608
goal_interaction_residual,tgsim,baseline_failure,100,10.089779,20.967461,10.089779,20.967461,0.0,,,1,0.008,0.600399,0.0,0.0,1.628608
goal_interaction_residual,tgsim,traffic,1,0.001326,0.001326,0.001326,0.001326,0.0,0.0,0.0,4,0.008,0.50289,0.0,0.0,1.05051
goal_interaction_residual,tgsim,traffic,10,0.042997,0.112008,0.042997,0.112008,0.0,0.0,0.0,4,0.008,0.50289,0.0,0.0,1.05051
goal_interaction_residual,tgsim,traffic,25,0.261898,0.761874,0.257363,0.75285,-0.011986,-0.072319,-0.001648,4,0.008,0.50289,0.0,0.0,1.05051
goal_interaction_residual,tgsim,traffic,50,0.995381,2.652803,0.982001,2.62938,-0.008908,-0.241281,0.151799,4,0.008,0.50289,0.0,0.0,1.05051
goal_interaction_residual,tgsim,traffic,100,2.659638,6.062032,2.659638,6.062032,0.0,0.0,0.0,4,0.008,0.50289,0.0,0.0,1.05051
goal_interaction_residual,tgsim,verified_t50,1,0.001326,0.001326,0.001326,0.001326,0.0,0.0,0.0,4,0.008,0.50289,0.0,0.0,1.05051
goal_interaction_residual,tgsim,verified_t50,10,0.042997,0.112008,0.042997,0.112008,0.0,0.0,0.0,4,0.008,0.50289,0.0,0.0,1.05051
goal_interaction_residual,tgsim,verified_t50,25,0.261898,0.761874,0.257363,0.75285,-0.011986,-0.072319,-0.001648,4,0.008,0.50289,0.0,0.0,1.05051
goal_interaction_residual,tgsim,verified_t50,50,0.995381,2.652803,0.982001,2.62938,-0.008908,-0.241281,0.151799,4,0.008,0.50289,0.0,0.0,1.05051
goal_interaction_residual,tgsim,verified_t50,100,2.659638,6.062032,2.659638,6.062032,0.0,0.0,0.0,4,0.008,0.50289,0.0,0.0,1.05051
goal_interaction_residual,tgsim,verified_t100,1,0.001326,0.001326,0.001326,0.001326,0.0,0.0,0.0,4,0.008,0.50289,0.0,0.0,1.05051
goal_interaction_residual,tgsim,verified_t100,10,0.042997,0.112008,0.042997,0.112008,0.0,0.0,0.0,4,0.008,0.50289,0.0,0.0,1.05051
goal_interaction_residual,tgsim,verified_t100,25,0.261898,0.761874,0.257363,0.75285,-0.011986,-0.072319,-0.001648,4,0.008,0.50289,0.0,0.0,1.05051
goal_interaction_residual,tgsim,verified_t100,50,0.995381,2.652803,0.982001,2.62938,-0.008908,-0.241281,0.151799,4,0.008,0.50289,0.0,0.0,1.05051
goal_interaction_residual,tgsim,verified_t100,100,2.659638,6.062032,2.659638,6.062032,0.0,0.0,0.0,4,0.008,0.50289,0.0,0.0,1.05051
goal_interaction_residual,tgsim,scene_grounded,1,0.001326,0.001326,0.001326,0.001326,0.0,0.0,0.0,4,0.008,0.50289,0.0,0.0,1.05051
goal_interaction_residual,tgsim,scene_grounded,10,0.042997,0.112008,0.042997,0.112008,0.0,0.0,0.0,4,0.008,0.50289,0.0,0.0,1.05051
goal_interaction_residual,tgsim,scene_grounded,25,0.261898,0.761874,0.257363,0.75285,-0.011986,-0.072319,-0.001648,4,0.008,0.50289,0.0,0.0,1.05051
goal_interaction_residual,tgsim,scene_grounded,50,0.995381,2.652803,0.982001,2.62938,-0.008908,-0.241281,0.151799,4,0.008,0.50289,0.0,0.0,1.05051
goal_interaction_residual,tgsim,scene_grounded,100,2.659638,6.062032,2.659638,6.062032,0.0,0.0,0.0,4,0.008,0.50289,0.0,0.0,1.05051
goal_interaction_residual,tgsim_i90,all,1,0.006646,0.006646,0.006646,0.006646,0.0,0.0,0.0,6,0.386576,0.548471,0.6,0.1,2.156596
goal_interaction_residual,tgsim_i90,all,10,0.108784,0.268686,0.11102,0.273352,0.017071,-0.068411,0.045511,6,0.386576,0.548471,0.6,0.1,2.156596
goal_interaction_residual,tgsim_i90,all,25,0.730541,1.79061,0.593701,1.598133,-0.120439,-1.203324,0.282394,6,0.386576,0.548471,0.6,0.1,2.156596
goal_interaction_residual,tgsim_i90,all,50,2.127056,5.000061,1.863436,4.548539,-0.099267,-0.468003,0.218382,6,0.386576,0.548471,0.6,0.1,2.156596
goal_interaction_residual,tgsim_i90,all,100,5.042826,10.407355,4.693825,10.327657,-0.007717,-0.093298,0.602535,6,0.386576,0.548471,0.6,0.1,2.156596
goal_interaction_residual,tgsim_i90,hard,1,0.005737,0.005737,0.005737,0.005737,0.0,,,1,0.407835,0.574471,0.6,0.0,1.589374
goal_interaction_residual,tgsim_i90,hard,10,0.086087,0.217237,0.089575,0.222759,0.024792,,,1,0.407835,0.574471,0.6,0.0,1.589374
goal_interaction_residual,tgsim_i90,hard,25,0.563536,1.527649,0.507399,1.470148,-0.039112,,,1,0.407835,0.574471,0.6,0.0,1.589374
goal_interaction_residual,tgsim_i90,hard,50,1.860082,3.937504,1.74692,4.008431,0.017695,,,1,0.407835,0.574471,0.6,0.0,1.589374
goal_interaction_residual,tgsim_i90,hard,100,1.661156,2.480944,3.376514,6.388728,0.611669,,,1,0.407835,0.574471,0.6,0.0,1.589374
goal_interaction_residual,tgsim_i90,extreme,1,0.006827,0.006827,0.006827,0.006827,0.0,0.0,0.0,5,0.382324,0.543271,0.6,0.12,2.270041
goal_interaction_residual,tgsim_i90,extreme,10,0.113324,0.278975,0.115309,0.283471,0.015858,-0.075157,0.04705,5,0.382324,0.543271,0.6,0.12,2.270041
goal_interaction_residual,tgsim_i90,extreme,25,0.763942,1.843203,0.610961,1.62373,-0.135166,-1.397737,0.340917,5,0.382324,0.543271,0.6,0.12,2.270041
goal_interaction_residual,tgsim_i90,extreme,50,2.18045,5.212572,1.886739,4.656561,-0.119404,-0.547801,0.234015,5,0.382324,0.543271,0.6,0.12,2.270041
goal_interaction_residual,tgsim_i90,extreme,100,5.71916,11.992637,4.957287,11.115443,-0.078917,-0.191584,0.589294,5,0.382324,0.543271,0.6,0.12,2.270041
goal_interaction_residual,tgsim_i90,baseline_failure,1,0.005499,0.005499,0.005499,0.005499,0.0,0.0,0.0,5,0.397429,0.559639,0.6,0.0,2.147702
goal_interaction_residual,tgsim_i90,baseline_failure,10,0.08992,0.22203,0.090014,0.222019,-4.9e-05,-0.076551,0.03487,5,0.397429,0.559639,0.6,0.0,2.147702
goal_interaction_residual,tgsim_i90,baseline_failure,25,0.792248,1.93434,0.522242,1.470105,-0.315784,-1.450955,0.118515,5,0.397429,0.559639,0.6,0.0,2.147702
goal_interaction_residual,tgsim_i90,baseline_failure,50,2.285049,5.52226,1.803892,4.643147,-0.189336,-0.568169,0.092418,5,0.397429,0.559639,0.6,0.0,2.147702
goal_interaction_residual,tgsim_i90,baseline_failure,100,5.485778,12.358656,5.039774,11.775393,-0.049532,-0.191584,0.518242,5,0.397429,0.559639,0.6,0.0,2.147702
goal_interaction_residual,tgsim_i90,traffic,1,0.006646,0.006646,0.006646,0.006646,0.0,0.0,0.0,6,0.386576,0.548471,0.6,0.1,2.156596
goal_interaction_residual,tgsim_i90,traffic,10,0.108784,0.268686,0.11102,0.273352,0.017071,-0.068411,0.045511,6,0.386576,0.548471,0.6,0.1,2.156596
goal_interaction_residual,tgsim_i90,traffic,25,0.730541,1.79061,0.593701,1.598133,-0.120439,-1.203324,0.282394,6,0.386576,0.548471,0.6,0.1,2.156596
goal_interaction_residual,tgsim_i90,traffic,50,2.127056,5.000061,1.863436,4.548539,-0.099267,-0.468003,0.218382,6,0.386576,0.548471,0.6,0.1,2.156596
goal_interaction_residual,tgsim_i90,traffic,100,5.042826,10.407355,4.693825,10.327657,-0.007717,-0.093298,0.602535,6,0.386576,0.548471,0.6,0.1,2.156596
goal_interaction_residual,tgsim_i90,verified_t50,1,0.006646,0.006646,0.006646,0.006646,0.0,0.0,0.0,6,0.386576,0.548471,0.6,0.1,2.156596
goal_interaction_residual,tgsim_i90,verified_t50,10,0.108784,0.268686,0.11102,0.273352,0.017071,-0.068411,0.045511,6,0.386576,0.548471,0.6,0.1,2.156596
goal_interaction_residual,tgsim_i90,verified_t50,25,0.730541,1.79061,0.593701,1.598133,-0.120439,-1.203324,0.282394,6,0.386576,0.548471,0.6,0.1,2.156596
goal_interaction_residual,tgsim_i90,verified_t50,50,2.127056,5.000061,1.863436,4.548539,-0.099267,-0.468003,0.218382,6,0.386576,0.548471,0.6,0.1,2.156596
goal_interaction_residual,tgsim_i90,verified_t50,100,5.042826,10.407355,4.693825,10.327657,-0.007717,-0.093298,0.602535,6,0.386576,0.548471,0.6,0.1,2.156596
goal_interaction_residual,tgsim_i90,verified_t100,1,0.006646,0.006646,0.006646,0.006646,0.0,0.0,0.0,6,0.386576,0.548471,0.6,0.1,2.156596
goal_interaction_residual,tgsim_i90,verified_t100,10,0.108784,0.268686,0.11102,0.273352,0.017071,-0.068411,0.045511,6,0.386576,0.548471,0.6,0.1,2.156596
goal_interaction_residual,tgsim_i90,verified_t100,25,0.730541,1.79061,0.593701,1.598133,-0.120439,-1.203324,0.282394,6,0.386576,0.548471,0.6,0.1,2.156596
goal_interaction_residual,tgsim_i90,verified_t100,50,2.127056,5.000061,1.863436,4.548539,-0.099267,-0.468003,0.218382,6,0.386576,0.548471,0.6,0.1,2.156596
goal_interaction_residual,tgsim_i90,verified_t100,100,5.042826,10.407355,4.693825,10.327657,-0.007717,-0.093298,0.602535,6,0.386576,0.548471,0.6,0.1,2.156596
goal_interaction_residual,tgsim_i90,scene_grounded,1,0.006646,0.006646,0.006646,0.006646,0.0,0.0,0.0,6,0.386576,0.548471,0.6,0.1,2.156596
goal_interaction_residual,tgsim_i90,scene_grounded,10,0.108784,0.268686,0.11102,0.273352,0.017071,-0.068411,0.045511,6,0.386576,0.548471,0.6,0.1,2.156596
goal_interaction_residual,tgsim_i90,scene_grounded,25,0.730541,1.79061,0.593701,1.598133,-0.120439,-1.203324,0.282394,6,0.386576,0.548471,0.6,0.1,2.156596
goal_interaction_residual,tgsim_i90,scene_grounded,50,2.127056,5.000061,1.863436,4.548539,-0.099267,-0.468003,0.218382,6,0.386576,0.548471,0.6,0.1,2.156596
goal_interaction_residual,tgsim_i90,scene_grounded,100,5.042826,10.407355,4.693825,10.327657,-0.007717,-0.093298,0.602535,6,0.386576,0.548471,0.6,0.1,2.156596
goal_interaction_residual,trajnet,all,1,0.059189,0.059189,0.059189,0.059189,0.0,0.0,0.0,7,0.0,0.382661,0.0,0.0,1.140309
goal_interaction_residual,trajnet,all,10,0.82033,1.434586,0.82033,1.434586,0.0,0.0,0.0,7,0.0,0.382661,0.0,0.0,1.140309
goal_interaction_residual,trajnet,easy,1,0.019507,0.019507,0.019507,0.019507,0.0,0.0,0.0,2,0.0,0.500397,0.0,0.0,1.616028
goal_interaction_residual,trajnet,easy,10,0.121791,0.18701,0.121791,0.18701,0.0,0.0,0.0,2,0.0,0.500397,0.0,0.0,1.616028
goal_interaction_residual,trajnet,medium,1,0.0,0.0,0.0,0.0,0.0,,,1,0.0,0.01178,0.0,0.0,0.103646
goal_interaction_residual,trajnet,medium,10,0.013868,0.069338,0.013868,0.069338,0.0,,,1,0.0,0.01178,0.0,0.0,0.103646
goal_interaction_residual,trajnet,hard,1,0.093828,0.093828,0.093828,0.093828,0.0,0.0,0.0,4,0.0,0.416514,0.0,0.0,1.161615
goal_interaction_residual,trajnet,hard,10,1.371215,2.399685,1.371215,2.399685,0.0,0.0,0.0,4,0.0,0.416514,0.0,0.0,1.161615
goal_interaction_residual,trajnet,baseline_failure,1,0.093828,0.093828,0.093828,0.093828,0.0,0.0,0.0,4,0.0,0.416514,0.0,0.0,1.161615
goal_interaction_residual,trajnet,baseline_failure,10,1.371215,2.399685,1.371215,2.399685,0.0,0.0,0.0,4,0.0,0.416514,0.0,0.0,1.161615
goal_interaction_residual,trajnet,pedestrian_drone,1,0.059189,0.059189,0.059189,0.059189,0.0,0.0,0.0,7,0.0,0.382661,0.0,0.0,1.140309
goal_interaction_residual,trajnet,pedestrian_drone,10,0.82033,1.434586,0.82033,1.434586,0.0,0.0,0.0,7,0.0,0.382661,0.0,0.0,1.140309
goal_interaction_residual,trajnet,scene_grounded,1,0.059189,0.059189,0.059189,0.059189,0.0,0.0,0.0,7,0.0,0.382661,0.0,0.0,1.140309
goal_interaction_residual,trajnet,scene_grounded,10,0.82033,1.434586,0.82033,1.434586,0.0,0.0,0.0,7,0.0,0.382661,0.0,0.0,1.140309
goal_scene_interaction_residual,eth_ucy,all,1,0.084168,0.084168,0.084168,0.084168,0.0,0.0,0.0,6,0.121131,0.120593,0.25,0.083333,0.639576
goal_scene_interaction_residual,eth_ucy,all,10,0.389381,0.679888,0.395439,0.713643,0.0473,-0.337529,0.099858,6,0.121131,0.120593,0.25,0.083333,0.639576
goal_scene_interaction_residual,eth_ucy,easy,1,0.0,0.0,0.0,0.0,0.0,,,1,0.033914,0.033435,0.0,0.0,0.141416
goal_scene_interaction_residual,eth_ucy,easy,10,0.010199,0.018544,0.0,0.0,-0.185437,,,1,0.033914,0.033435,0.0,0.0,0.141416
goal_scene_interaction_residual,eth_ucy,medium,1,0.012018,0.012018,0.012018,0.012018,0.0,0.0,0.0,3,0.123776,0.124114,0.166667,0.166667,0.428103
goal_scene_interaction_residual,eth_ucy,medium,10,0.208712,0.354548,0.144023,0.263202,-0.347059,-0.607027,-0.028638,3,0.123776,0.124114,0.166667,0.166667,0.428103
goal_scene_interaction_residual,eth_ucy,hard,1,0.234475,0.234475,0.234475,0.234475,0.0,0.0,0.0,2,0.160772,0.158891,0.5,0.0,1.205865
goal_scene_interaction_residual,eth_ucy,hard,10,0.849974,1.49857,0.970284,1.746128,0.141776,-0.087727,0.326128,2,0.160772,0.158891,0.5,0.0,1.205865
goal_scene_interaction_residual,eth_ucy,baseline_failure,1,0.234475,0.234475,0.234475,0.234475,0.0,0.0,0.0,2,0.160772,0.158891,0.5,0.0,1.205865
goal_scene_interaction_residual,eth_ucy,baseline_failure,10,0.849974,1.49857,0.970284,1.746128,0.141776,-0.087727,0.326128,2,0.160772,0.158891,0.5,0.0,1.205865
goal_scene_interaction_residual,eth_ucy,pedestrian_drone,1,0.084168,0.084168,0.084168,0.084168,0.0,0.0,0.0,6,0.121131,0.120593,0.25,0.083333,0.639576
goal_scene_interaction_residual,eth_ucy,pedestrian_drone,10,0.389381,0.679888,0.395439,0.713643,0.0473,-0.337529,0.099858,6,0.121131,0.120593,0.25,0.083333,0.639576
goal_scene_interaction_residual,eth_ucy,scene_grounded,1,0.084168,0.084168,0.084168,0.084168,0.0,0.0,0.0,6,0.121131,0.120593,0.25,0.083333,0.639576
goal_scene_interaction_residual,eth_ucy,scene_grounded,10,0.389381,0.679888,0.395439,0.713643,0.0473,-0.337529,0.099858,6,0.121131,0.120593,0.25,0.083333,0.639576
goal_scene_interaction_residual,tgsim,all,1,0.001326,0.001326,0.001326,0.001326,0.0,0.0,0.0,4,0.0082,0.576926,0.0,0.0,1.351631
goal_scene_interaction_residual,tgsim,all,10,0.042995,0.112033,0.042997,0.112008,-0.000222,-0.00145,0.00081,4,0.0082,0.576926,0.0,0.0,1.351631
goal_scene_interaction_residual,tgsim,all,25,0.26278,0.763787,0.257363,0.75285,-0.014527,-0.095096,-0.006477,4,0.0082,0.576926,0.0,0.0,1.351631
goal_scene_interaction_residual,tgsim,all,50,0.997924,2.655927,0.982001,2.62938,-0.010096,-0.334829,0.213747,4,0.0082,0.576926,0.0,0.0,1.351631
goal_scene_interaction_residual,tgsim,all,100,2.659638,6.062032,2.659638,6.062032,0.0,0.0,0.0,4,0.0082,0.576926,0.0,0.0,1.351631
goal_scene_interaction_residual,tgsim,medium,1,0.000224,0.000224,0.000224,0.000224,0.0,0.0,0.0,2,0.0082,0.579673,0.0,0.0,1.280777
goal_scene_interaction_residual,tgsim,medium,10,0.004032,0.011067,0.003985,0.010922,-0.00145,-0.001916,-0.000984,2,0.0082,0.579673,0.0,0.0,1.280777
goal_scene_interaction_residual,tgsim,medium,25,0.017398,0.029372,0.012411,0.019863,-0.095096,-0.118239,-0.071952,2,0.0082,0.579673,0.0,0.0,1.280777
goal_scene_interaction_residual,tgsim,medium,50,0.047222,0.108559,0.027277,0.069851,-0.38708,-0.367239,-0.302418,2,0.0082,0.579673,0.0,0.0,1.280777
goal_scene_interaction_residual,tgsim,medium,100,0.064928,0.129012,0.064928,0.129012,0.0,0.0,0.0,2,0.0082,0.579673,0.0,0.0,1.280777
goal_scene_interaction_residual,tgsim,hard,1,0.002428,0.002428,0.002428,0.002428,0.0,0.0,0.0,2,0.0082,0.574178,0.0,0.0,1.422486
goal_scene_interaction_residual,tgsim,hard,10,0.081957,0.212999,0.08201,0.213094,0.000447,0.000119,0.001408,2,0.0082,0.574178,0.0,0.0,1.422486
goal_scene_interaction_residual,tgsim,hard,25,0.508161,1.498202,0.502315,1.485838,-0.008322,-0.008202,-0.004752,2,0.0082,0.574178,0.0,0.0,1.422486
goal_scene_interaction_residual,tgsim,hard,50,1.948626,5.203294,1.936726,5.18891,-0.002772,-0.006544,0.385803,2,0.0082,0.574178,0.0,0.0,1.422486
goal_scene_interaction_residual,tgsim,hard,100,5.254347,11.995052,5.254347,11.995052,0.0,0.0,0.0,2,0.0082,0.574178,0.0,0.0,1.422486
goal_scene_interaction_residual,tgsim,baseline_failure,1,0.004669,0.004669,0.004669,0.004669,0.0,,,1,0.0082,0.6004,0.0,0.0,1.693722
goal_scene_interaction_residual,tgsim,baseline_failure,10,0.159921,0.418149,0.159947,0.418199,0.000119,,,1,0.0082,0.6004,0.0,0.0,1.693722
goal_scene_interaction_residual,tgsim,baseline_failure,25,1.010637,2.981234,0.998028,2.956981,-0.008202,,,1,0.0082,0.6004,0.0,0.0,1.693722
goal_scene_interaction_residual,tgsim,baseline_failure,50,3.881355,10.359729,3.847094,10.292379,-0.006544,,,1,0.0082,0.6004,0.0,0.0,1.693722
goal_scene_interaction_residual,tgsim,baseline_failure,100,10.089779,20.967461,10.089779,20.967461,0.0,,,1,0.0082,0.6004,0.0,0.0,1.693722
goal_scene_interaction_residual,tgsim,traffic,1,0.001326,0.001326,0.001326,0.001326,0.0,0.0,0.0,4,0.0082,0.576926,0.0,0.0,1.351631
goal_scene_interaction_residual,tgsim,traffic,10,0.042995,0.112033,0.042997,0.112008,-0.000222,-0.00145,0.00081,4,0.0082,0.576926,0.0,0.0,1.351631
goal_scene_interaction_residual,tgsim,traffic,25,0.26278,0.763787,0.257363,0.75285,-0.014527,-0.095096,-0.006477,4,0.0082,0.576926,0.0,0.0,1.351631
goal_scene_interaction_residual,tgsim,traffic,50,0.997924,2.655927,0.982001,2.62938,-0.010096,-0.334829,0.213747,4,0.0082,0.576926,0.0,0.0,1.351631
goal_scene_interaction_residual,tgsim,traffic,100,2.659638,6.062032,2.659638,6.062032,0.0,0.0,0.0,4,0.0082,0.576926,0.0,0.0,1.351631
goal_scene_interaction_residual,tgsim,verified_t50,1,0.001326,0.001326,0.001326,0.001326,0.0,0.0,0.0,4,0.0082,0.576926,0.0,0.0,1.351631
goal_scene_interaction_residual,tgsim,verified_t50,10,0.042995,0.112033,0.042997,0.112008,-0.000222,-0.00145,0.00081,4,0.0082,0.576926,0.0,0.0,1.351631
goal_scene_interaction_residual,tgsim,verified_t50,25,0.26278,0.763787,0.257363,0.75285,-0.014527,-0.095096,-0.006477,4,0.0082,0.576926,0.0,0.0,1.351631
goal_scene_interaction_residual,tgsim,verified_t50,50,0.997924,2.655927,0.982001,2.62938,-0.010096,-0.334829,0.213747,4,0.0082,0.576926,0.0,0.0,1.351631
goal_scene_interaction_residual,tgsim,verified_t50,100,2.659638,6.062032,2.659638,6.062032,0.0,0.0,0.0,4,0.0082,0.576926,0.0,0.0,1.351631
goal_scene_interaction_residual,tgsim,verified_t100,1,0.001326,0.001326,0.001326,0.001326,0.0,0.0,0.0,4,0.0082,0.576926,0.0,0.0,1.351631
goal_scene_interaction_residual,tgsim,verified_t100,10,0.042995,0.112033,0.042997,0.112008,-0.000222,-0.00145,0.00081,4,0.0082,0.576926,0.0,0.0,1.351631
goal_scene_interaction_residual,tgsim,verified_t100,25,0.26278,0.763787,0.257363,0.75285,-0.014527,-0.095096,-0.006477,4,0.0082,0.576926,0.0,0.0,1.351631
goal_scene_interaction_residual,tgsim,verified_t100,50,0.997924,2.655927,0.982001,2.62938,-0.010096,-0.334829,0.213747,4,0.0082,0.576926,0.0,0.0,1.351631
goal_scene_interaction_residual,tgsim,verified_t100,100,2.659638,6.062032,2.659638,6.062032,0.0,0.0,0.0,4,0.0082,0.576926,0.0,0.0,1.351631
goal_scene_interaction_residual,tgsim,scene_grounded,1,0.001326,0.001326,0.001326,0.001326,0.0,0.0,0.0,4,0.0082,0.576926,0.0,0.0,1.351631
goal_scene_interaction_residual,tgsim,scene_grounded,10,0.042995,0.112033,0.042997,0.112008,-0.000222,-0.00145,0.00081,4,0.0082,0.576926,0.0,0.0,1.351631
goal_scene_interaction_residual,tgsim,scene_grounded,25,0.26278,0.763787,0.257363,0.75285,-0.014527,-0.095096,-0.006477,4,0.0082,0.576926,0.0,0.0,1.351631
goal_scene_interaction_residual,tgsim,scene_grounded,50,0.997924,2.655927,0.982001,2.62938,-0.010096,-0.334829,0.213747,4,0.0082,0.576926,0.0,0.0,1.351631
goal_scene_interaction_residual,tgsim,scene_grounded,100,2.659638,6.062032,2.659638,6.062032,0.0,0.0,0.0,4,0.0082,0.576926,0.0,0.0,1.351631
goal_scene_interaction_residual,tgsim_i90,all,1,0.006646,0.006646,0.006646,0.006646,0.0,0.0,0.0,6,0.374028,0.52792,0.6,0.1,2.258222
goal_scene_interaction_residual,tgsim_i90,all,10,0.111793,0.274429,0.11102,0.273352,-0.003938,-0.079124,0.015661,6,0.374028,0.52792,0.6,0.1,2.258222
goal_scene_interaction_residual,tgsim_i90,all,25,0.726389,1.844917,0.593701,1.598133,-0.15442,-1.147144,0.209469,6,0.374028,0.52792,0.6,0.1,2.258222
goal_scene_interaction_residual,tgsim_i90,all,50,2.027673,4.852704,1.863436,4.548539,-0.066871,-0.552352,0.325028,6,0.374028,0.52792,0.6,0.1,2.258222
goal_scene_interaction_residual,tgsim_i90,all,100,5.011675,11.771389,4.693825,10.327657,-0.139793,-0.218918,0.174218,6,0.374028,0.52792,0.6,0.1,2.258222
goal_scene_interaction_residual,tgsim_i90,hard,1,0.005737,0.005737,0.005737,0.005737,0.0,,,1,0.420808,0.583904,0.6,0.0,1.460678
goal_scene_interaction_residual,tgsim_i90,hard,10,0.089021,0.222277,0.089575,0.222759,0.002165,,,1,0.420808,0.583904,0.6,0.0,1.460678
goal_scene_interaction_residual,tgsim_i90,hard,25,0.545113,1.534901,0.507399,1.470148,-0.044045,,,1,0.420808,0.583904,0.6,0.0,1.460678
goal_scene_interaction_residual,tgsim_i90,hard,50,1.552691,3.445025,1.74692,4.008431,0.140555,,,1,0.420808,0.583904,0.6,0.0,1.460678
goal_scene_interaction_residual,tgsim_i90,hard,100,1.577716,3.625204,3.376514,6.388728,0.432562,,,1,0.420808,0.583904,0.6,0.0,1.460678
goal_scene_interaction_residual,tgsim_i90,extreme,1,0.006827,0.006827,0.006827,0.006827,0.0,0.0,0.0,5,0.364673,0.516723,0.6,0.12,2.41773
goal_scene_interaction_residual,tgsim_i90,extreme,10,0.116347,0.284859,0.115309,0.283471,-0.004898,-0.083777,0.018294,5,0.364673,0.516723,0.6,0.12,2.41773
goal_scene_interaction_residual,tgsim_i90,extreme,25,0.762644,1.90692,0.610961,1.62373,-0.174407,-1.320544,0.23991,5,0.364673,0.516723,0.6,0.12,2.41773
goal_scene_interaction_residual,tgsim_i90,extreme,50,2.12267,5.13424,1.886739,4.656561,-0.102582,-0.659471,0.35545,5,0.364673,0.516723,0.6,0.12,2.41773
goal_scene_interaction_residual,tgsim_i90,extreme,100,5.698467,13.400627,4.957287,11.115443,-0.205586,-0.247664,0.00407,5,0.364673,0.516723,0.6,0.12,2.41773
goal_scene_interaction_residual,tgsim_i90,baseline_failure,1,0.005499,0.005499,0.005499,0.005499,0.0,0.0,0.0,5,0.393886,0.550017,0.6,0.0,2.235291
goal_scene_interaction_residual,tgsim_i90,baseline_failure,10,0.092577,0.226237,0.090014,0.222019,-0.018997,-0.086925,0.007272,5,0.393886,0.550017,0.6,0.0,2.235291
goal_scene_interaction_residual,tgsim_i90,baseline_failure,25,0.764754,1.935408,0.522242,1.470105,-0.31651,-1.360628,0.067328,5,0.393886,0.550017,0.6,0.0,2.235291
goal_scene_interaction_residual,tgsim_i90,baseline_failure,50,2.226661,5.43163,1.803892,4.643147,-0.169817,-0.683836,0.204766,5,0.393886,0.550017,0.6,0.0,2.235291
goal_scene_interaction_residual,tgsim_i90,baseline_failure,100,5.524897,13.458937,5.039774,11.775393,-0.142971,-0.247664,0.212088,5,0.393886,0.550017,0.6,0.0,2.235291
goal_scene_interaction_residual,tgsim_i90,traffic,1,0.006646,0.006646,0.006646,0.006646,0.0,0.0,0.0,6,0.374028,0.52792,0.6,0.1,2.258222
goal_scene_interaction_residual,tgsim_i90,traffic,10,0.111793,0.274429,0.11102,0.273352,-0.003938,-0.079124,0.015661,6,0.374028,0.52792,0.6,0.1,2.258222
goal_scene_interaction_residual,tgsim_i90,traffic,25,0.726389,1.844917,0.593701,1.598133,-0.15442,-1.147144,0.209469,6,0.374028,0.52792,0.6,0.1,2.258222
goal_scene_interaction_residual,tgsim_i90,traffic,50,2.027673,4.852704,1.863436,4.548539,-0.066871,-0.552352,0.325028,6,0.374028,0.52792,0.6,0.1,2.258222
goal_scene_interaction_residual,tgsim_i90,traffic,100,5.011675,11.771389,4.693825,10.327657,-0.139793,-0.218918,0.174218,6,0.374028,0.52792,0.6,0.1,2.258222
goal_scene_interaction_residual,tgsim_i90,verified_t50,1,0.006646,0.006646,0.006646,0.006646,0.0,0.0,0.0,6,0.374028,0.52792,0.6,0.1,2.258222
goal_scene_interaction_residual,tgsim_i90,verified_t50,10,0.111793,0.274429,0.11102,0.273352,-0.003938,-0.079124,0.015661,6,0.374028,0.52792,0.6,0.1,2.258222
goal_scene_interaction_residual,tgsim_i90,verified_t50,25,0.726389,1.844917,0.593701,1.598133,-0.15442,-1.147144,0.209469,6,0.374028,0.52792,0.6,0.1,2.258222
goal_scene_interaction_residual,tgsim_i90,verified_t50,50,2.027673,4.852704,1.863436,4.548539,-0.066871,-0.552352,0.325028,6,0.374028,0.52792,0.6,0.1,2.258222
goal_scene_interaction_residual,tgsim_i90,verified_t50,100,5.011675,11.771389,4.693825,10.327657,-0.139793,-0.218918,0.174218,6,0.374028,0.52792,0.6,0.1,2.258222
goal_scene_interaction_residual,tgsim_i90,verified_t100,1,0.006646,0.006646,0.006646,0.006646,0.0,0.0,0.0,6,0.374028,0.52792,0.6,0.1,2.258222
goal_scene_interaction_residual,tgsim_i90,verified_t100,10,0.111793,0.274429,0.11102,0.273352,-0.003938,-0.079124,0.015661,6,0.374028,0.52792,0.6,0.1,2.258222
goal_scene_interaction_residual,tgsim_i90,verified_t100,25,0.726389,1.844917,0.593701,1.598133,-0.15442,-1.147144,0.209469,6,0.374028,0.52792,0.6,0.1,2.258222
goal_scene_interaction_residual,tgsim_i90,verified_t100,50,2.027673,4.852704,1.863436,4.548539,-0.066871,-0.552352,0.325028,6,0.374028,0.52792,0.6,0.1,2.258222
goal_scene_interaction_residual,tgsim_i90,verified_t100,100,5.011675,11.771389,4.693825,10.327657,-0.139793,-0.218918,0.174218,6,0.374028,0.52792,0.6,0.1,2.258222
goal_scene_interaction_residual,tgsim_i90,scene_grounded,1,0.006646,0.006646,0.006646,0.006646,0.0,0.0,0.0,6,0.374028,0.52792,0.6,0.1,2.258222
goal_scene_interaction_residual,tgsim_i90,scene_grounded,10,0.111793,0.274429,0.11102,0.273352,-0.003938,-0.079124,0.015661,6,0.374028,0.52792,0.6,0.1,2.258222
goal_scene_interaction_residual,tgsim_i90,scene_grounded,25,0.726389,1.844917,0.593701,1.598133,-0.15442,-1.147144,0.209469,6,0.374028,0.52792,0.6,0.1,2.258222
goal_scene_interaction_residual,tgsim_i90,scene_grounded,50,2.027673,4.852704,1.863436,4.548539,-0.066871,-0.552352,0.325028,6,0.374028,0.52792,0.6,0.1,2.258222
goal_scene_interaction_residual,tgsim_i90,scene_grounded,100,5.011675,11.771389,4.693825,10.327657,-0.139793,-0.218918,0.174218,6,0.374028,0.52792,0.6,0.1,2.258222
goal_scene_interaction_residual,trajnet,all,1,0.059189,0.059189,0.059189,0.059189,0.0,0.0,0.0,7,0.0,0.406891,0.0,0.0,1.061378
goal_scene_interaction_residual,trajnet,all,10,0.82033,1.434586,0.82033,1.434586,0.0,0.0,0.0,7,0.0,0.406891,0.0,0.0,1.061378
goal_scene_interaction_residual,trajnet,easy,1,0.019507,0.019507,0.019507,0.019507,0.0,0.0,0.0,2,0.0,0.50044,0.0,0.0,1.51953
goal_scene_interaction_residual,trajnet,easy,10,0.121791,0.18701,0.121791,0.18701,0.0,0.0,0.0,2,0.0,0.50044,0.0,0.0,1.51953
goal_scene_interaction_residual,trajnet,medium,1,0.0,0.0,0.0,0.0,0.0,,,1,0.0,0.009931,0.0,0.0,0.102475
goal_scene_interaction_residual,trajnet,medium,10,0.013868,0.069338,0.013868,0.069338,0.0,,,1,0.0,0.009931,0.0,0.0,0.102475
goal_scene_interaction_residual,trajnet,hard,1,0.093828,0.093828,0.093828,0.093828,0.0,0.0,0.0,4,0.0,0.459357,0.0,0.0,1.072028
goal_scene_interaction_residual,trajnet,hard,10,1.371215,2.399685,1.371215,2.399685,0.0,0.0,0.0,4,0.0,0.459357,0.0,0.0,1.072028
goal_scene_interaction_residual,trajnet,baseline_failure,1,0.093828,0.093828,0.093828,0.093828,0.0,0.0,0.0,4,0.0,0.459357,0.0,0.0,1.072028
goal_scene_interaction_residual,trajnet,baseline_failure,10,1.371215,2.399685,1.371215,2.399685,0.0,0.0,0.0,4,0.0,0.459357,0.0,0.0,1.072028
goal_scene_interaction_residual,trajnet,pedestrian_drone,1,0.059189,0.059189,0.059189,0.059189,0.0,0.0,0.0,7,0.0,0.406891,0.0,0.0,1.061378
goal_scene_interaction_residual,trajnet,pedestrian_drone,10,0.82033,1.434586,0.82033,1.434586,0.0,0.0,0.0,7,0.0,0.406891,0.0,0.0,1.061378
goal_scene_interaction_residual,trajnet,scene_grounded,1,0.059189,0.059189,0.059189,0.059189,0.0,0.0,0.0,7,0.0,0.406891,0.0,0.0,1.061378
goal_scene_interaction_residual,trajnet,scene_grounded,10,0.82033,1.434586,0.82033,1.434586,0.0,0.0,0.0,7,0.0,0.406891,0.0,0.0,1.061378
topk_goal_mixture_diagnostic,eth_ucy,all,1,0.084168,0.084168,0.084168,0.084168,0.0,0.0,0.0,6,0.120093,0.120593,0.25,0.083333,0.640077
topk_goal_mixture_diagnostic,eth_ucy,all,10,0.390243,0.681603,0.395439,0.713643,0.044897,-0.344748,0.099697,6,0.120093,0.120593,0.25,0.083333,0.640077
topk_goal_mixture_diagnostic,eth_ucy,easy,1,0.0,0.0,0.0,0.0,0.0,,,1,0.032935,0.033435,0.0,0.0,0.141809
topk_goal_mixture_diagnostic,eth_ucy,easy,10,0.009933,0.01806,0.0,0.0,-0.1806,,,1,0.032935,0.033435,0.0,0.0,0.141809
topk_goal_mixture_diagnostic,eth_ucy,medium,1,0.012018,0.012018,0.012018,0.012018,0.0,0.0,0.0,3,0.123614,0.124114,0.166667,0.166667,0.428522
topk_goal_mixture_diagnostic,eth_ucy,medium,10,0.209862,0.35658,0.144023,0.263202,-0.354779,-0.622881,-0.026875,3,0.123614,0.124114,0.166667,0.166667,0.428522
topk_goal_mixture_diagnostic,eth_ucy,hard,1,0.234475,0.234475,0.234475,0.234475,0.0,0.0,0.0,2,0.158391,0.158891,0.5,0.0,1.206542
topk_goal_mixture_diagnostic,eth_ucy,hard,10,0.850971,1.50091,0.970284,1.746128,0.140435,-0.086485,0.322714,2,0.158391,0.158891,0.5,0.0,1.206542
topk_goal_mixture_diagnostic,eth_ucy,baseline_failure,1,0.234475,0.234475,0.234475,0.234475,0.0,0.0,0.0,2,0.158391,0.158891,0.5,0.0,1.206542
topk_goal_mixture_diagnostic,eth_ucy,baseline_failure,10,0.850971,1.50091,0.970284,1.746128,0.140435,-0.086485,0.322714,2,0.158391,0.158891,0.5,0.0,1.206542
topk_goal_mixture_diagnostic,eth_ucy,pedestrian_drone,1,0.084168,0.084168,0.084168,0.084168,0.0,0.0,0.0,6,0.120093,0.120593,0.25,0.083333,0.640077
topk_goal_mixture_diagnostic,eth_ucy,pedestrian_drone,10,0.390243,0.681603,0.395439,0.713643,0.044897,-0.344748,0.099697,6,0.120093,0.120593,0.25,0.083333,0.640077
topk_goal_mixture_diagnostic,eth_ucy,scene_grounded,1,0.084168,0.084168,0.084168,0.084168,0.0,0.0,0.0,6,0.120093,0.120593,0.25,0.083333,0.640077
topk_goal_mixture_diagnostic,eth_ucy,scene_grounded,10,0.390243,0.681603,0.395439,0.713643,0.044897,-0.344748,0.099697,6,0.120093,0.120593,0.25,0.083333,0.640077
topk_goal_mixture_diagnostic,tgsim,all,1,0.001326,0.001326,0.001326,0.001326,0.0,0.0,0.0,4,0.0082,0.576926,0.0,0.0,1.351689
topk_goal_mixture_diagnostic,tgsim,all,10,0.042995,0.112033,0.042997,0.112008,-0.000222,-0.00145,0.00081,4,0.0082,0.576926,0.0,0.0,1.351689
topk_goal_mixture_diagnostic,tgsim,all,25,0.262779,0.763787,0.257363,0.75285,-0.014528,-0.095078,-0.006478,4,0.0082,0.576926,0.0,0.0,1.351689
topk_goal_mixture_diagnostic,tgsim,all,50,0.997924,2.655926,0.982001,2.62938,-0.010096,-0.33481,0.213747,4,0.0082,0.576926,0.0,0.0,1.351689
topk_goal_mixture_diagnostic,tgsim,all,100,2.659638,6.062032,2.659638,6.062032,0.0,0.0,0.0,4,0.0082,0.576926,0.0,0.0,1.351689
topk_goal_mixture_diagnostic,tgsim,medium,1,0.000224,0.000224,0.000224,0.000224,0.0,0.0,0.0,2,0.0082,0.579673,0.0,0.0,1.280891
topk_goal_mixture_diagnostic,tgsim,medium,10,0.004032,0.011067,0.003985,0.010922,-0.00145,-0.001916,-0.000984,2,0.0082,0.579673,0.0,0.0,1.280891
topk_goal_mixture_diagnostic,tgsim,medium,25,0.017397,0.02937,0.012411,0.019863,-0.095078,-0.118239,-0.071916,2,0.0082,0.579673,0.0,0.0,1.280891
topk_goal_mixture_diagnostic,tgsim,medium,50,0.047222,0.108557,0.027277,0.069851,-0.387061,-0.367201,-0.302418,2,0.0082,0.579673,0.0,0.0,1.280891
topk_goal_mixture_diagnostic,tgsim,medium,100,0.064928,0.129012,0.064928,0.129012,0.0,0.0,0.0,2,0.0082,0.579673,0.0,0.0,1.280891
topk_goal_mixture_diagnostic,tgsim,hard,1,0.002428,0.002428,0.002428,0.002428,0.0,0.0,0.0,2,0.0082,0.574178,0.0,0.0,1.422486
topk_goal_mixture_diagnostic,tgsim,hard,10,0.081957,0.212999,0.08201,0.213094,0.000447,0.000119,0.001408,2,0.0082,0.574178,0.0,0.0,1.422486
topk_goal_mixture_diagnostic,tgsim,hard,25,0.508161,1.498204,0.502315,1.485838,-0.008323,-0.008203,-0.004752,2,0.0082,0.574178,0.0,0.0,1.422486
topk_goal_mixture_diagnostic,tgsim,hard,50,1.948626,5.203294,1.936726,5.18891,-0.002772,-0.006544,0.385803,2,0.0082,0.574178,0.0,0.0,1.422486
topk_goal_mixture_diagnostic,tgsim,hard,100,5.254347,11.995052,5.254347,11.995052,0.0,0.0,0.0,2,0.0082,0.574178,0.0,0.0,1.422486
topk_goal_mixture_diagnostic,tgsim,baseline_failure,1,0.004669,0.004669,0.004669,0.004669,0.0,,,1,0.0082,0.6004,0.0,0.0,1.693693
topk_goal_mixture_diagnostic,tgsim,baseline_failure,10,0.159921,0.418149,0.159947,0.418199,0.000119,,,1,0.0082,0.6004,0.0,0.0,1.693693
topk_goal_mixture_diagnostic,tgsim,baseline_failure,25,1.010637,2.981238,0.998028,2.956981,-0.008203,,,1,0.0082,0.6004,0.0,0.0,1.693693
topk_goal_mixture_diagnostic,tgsim,baseline_failure,50,3.881355,10.359729,3.847094,10.292379,-0.006544,,,1,0.0082,0.6004,0.0,0.0,1.693693
topk_goal_mixture_diagnostic,tgsim,baseline_failure,100,10.089779,20.967461,10.089779,20.967461,0.0,,,1,0.0082,0.6004,0.0,0.0,1.693693
topk_goal_mixture_diagnostic,tgsim,traffic,1,0.001326,0.001326,0.001326,0.001326,0.0,0.0,0.0,4,0.0082,0.576926,0.0,0.0,1.351689
topk_goal_mixture_diagnostic,tgsim,traffic,10,0.042995,0.112033,0.042997,0.112008,-0.000222,-0.00145,0.00081,4,0.0082,0.576926,0.0,0.0,1.351689
topk_goal_mixture_diagnostic,tgsim,traffic,25,0.262779,0.763787,0.257363,0.75285,-0.014528,-0.095078,-0.006478,4,0.0082,0.576926,0.0,0.0,1.351689
topk_goal_mixture_diagnostic,tgsim,traffic,50,0.997924,2.655926,0.982001,2.62938,-0.010096,-0.33481,0.213747,4,0.0082,0.576926,0.0,0.0,1.351689
topk_goal_mixture_diagnostic,tgsim,traffic,100,2.659638,6.062032,2.659638,6.062032,0.0,0.0,0.0,4,0.0082,0.576926,0.0,0.0,1.351689
topk_goal_mixture_diagnostic,tgsim,verified_t50,1,0.001326,0.001326,0.001326,0.001326,0.0,0.0,0.0,4,0.0082,0.576926,0.0,0.0,1.351689
topk_goal_mixture_diagnostic,tgsim,verified_t50,10,0.042995,0.112033,0.042997,0.112008,-0.000222,-0.00145,0.00081,4,0.0082,0.576926,0.0,0.0,1.351689
topk_goal_mixture_diagnostic,tgsim,verified_t50,25,0.262779,0.763787,0.257363,0.75285,-0.014528,-0.095078,-0.006478,4,0.0082,0.576926,0.0,0.0,1.351689
topk_goal_mixture_diagnostic,tgsim,verified_t50,50,0.997924,2.655926,0.982001,2.62938,-0.010096,-0.33481,0.213747,4,0.0082,0.576926,0.0,0.0,1.351689
topk_goal_mixture_diagnostic,tgsim,verified_t50,100,2.659638,6.062032,2.659638,6.062032,0.0,0.0,0.0,4,0.0082,0.576926,0.0,0.0,1.351689
topk_goal_mixture_diagnostic,tgsim,verified_t100,1,0.001326,0.001326,0.001326,0.001326,0.0,0.0,0.0,4,0.0082,0.576926,0.0,0.0,1.351689
topk_goal_mixture_diagnostic,tgsim,verified_t100,10,0.042995,0.112033,0.042997,0.112008,-0.000222,-0.00145,0.00081,4,0.0082,0.576926,0.0,0.0,1.351689
topk_goal_mixture_diagnostic,tgsim,verified_t100,25,0.262779,0.763787,0.257363,0.75285,-0.014528,-0.095078,-0.006478,4,0.0082,0.576926,0.0,0.0,1.351689
topk_goal_mixture_diagnostic,tgsim,verified_t100,50,0.997924,2.655926,0.982001,2.62938,-0.010096,-0.33481,0.213747,4,0.0082,0.576926,0.0,0.0,1.351689
topk_goal_mixture_diagnostic,tgsim,verified_t100,100,2.659638,6.062032,2.659638,6.062032,0.0,0.0,0.0,4,0.0082,0.576926,0.0,0.0,1.351689
topk_goal_mixture_diagnostic,tgsim,scene_grounded,1,0.001326,0.001326,0.001326,0.001326,0.0,0.0,0.0,4,0.0082,0.576926,0.0,0.0,1.351689
topk_goal_mixture_diagnostic,tgsim,scene_grounded,10,0.042995,0.112033,0.042997,0.112008,-0.000222,-0.00145,0.00081,4,0.0082,0.576926,0.0,0.0,1.351689
topk_goal_mixture_diagnostic,tgsim,scene_grounded,25,0.262779,0.763787,0.257363,0.75285,-0.014528,-0.095078,-0.006478,4,0.0082,0.576926,0.0,0.0,1.351689
topk_goal_mixture_diagnostic,tgsim,scene_grounded,50,0.997924,2.655926,0.982001,2.62938,-0.010096,-0.33481,0.213747,4,0.0082,0.576926,0.0,0.0,1.351689
topk_goal_mixture_diagnostic,tgsim,scene_grounded,100,2.659638,6.062032,2.659638,6.062032,0.0,0.0,0.0,4,0.0082,0.576926,0.0,0.0,1.351689
topk_goal_mixture_diagnostic,tgsim_i90,all,1,0.006646,0.006646,0.006646,0.006646,0.0,0.0,0.0,6,0.371521,0.52792,0.6,0.1,2.259583
topk_goal_mixture_diagnostic,tgsim_i90,all,10,0.111801,0.274441,0.11102,0.273352,-0.003984,-0.079314,0.015658,6,0.371521,0.52792,0.6,0.1,2.259583
topk_goal_mixture_diagnostic,tgsim_i90,all,25,0.722994,1.838429,0.593701,1.598133,-0.15036,-1.120969,0.208843,6,0.371521,0.52792,0.6,0.1,2.259583
topk_goal_mixture_diagnostic,tgsim_i90,all,50,2.029002,4.854802,1.863436,4.548539,-0.067332,-0.552554,0.324119,6,0.371521,0.52792,0.6,0.1,2.259583
topk_goal_mixture_diagnostic,tgsim_i90,all,100,5.018022,11.755351,4.693825,10.327657,-0.13824,-0.213142,0.176318,6,0.371521,0.52792,0.6,0.1,2.259583
topk_goal_mixture_diagnostic,tgsim_i90,hard,1,0.005737,0.005737,0.005737,0.005737,0.0,,,1,0.421713,0.583904,0.6,0.0,1.461222
topk_goal_mixture_diagnostic,tgsim_i90,hard,10,0.089029,0.222294,0.089575,0.222759,0.002089,,,1,0.421713,0.583904,0.6,0.0,1.461222
topk_goal_mixture_diagnostic,tgsim_i90,hard,25,0.545808,1.53615,0.507399,1.470148,-0.044895,,,1,0.421713,0.583904,0.6,0.0,1.461222
topk_goal_mixture_diagnostic,tgsim_i90,hard,50,1.552757,3.443684,1.74692,4.008431,0.14089,,,1,0.421713,0.583904,0.6,0.0,1.461222
topk_goal_mixture_diagnostic,tgsim_i90,hard,100,1.576292,3.622159,3.376514,6.388728,0.433039,,,1,0.421713,0.583904,0.6,0.0,1.461222
topk_goal_mixture_diagnostic,tgsim_i90,extreme,1,0.006827,0.006827,0.006827,0.006827,0.0,0.0,0.0,5,0.361483,0.516723,0.6,0.12,2.419255
topk_goal_mixture_diagnostic,tgsim_i90,extreme,10,0.116355,0.284871,0.115309,0.283471,-0.004939,-0.083969,0.018307,5,0.361483,0.516723,0.6,0.12,2.419255
topk_goal_mixture_diagnostic,tgsim_i90,extreme,25,0.758431,1.898884,0.610961,1.62373,-0.169458,-1.28801,0.239094,5,0.361483,0.516723,0.6,0.12,2.419255
topk_goal_mixture_diagnostic,tgsim_i90,extreme,50,2.124251,5.137026,1.886739,4.656561,-0.10318,-0.660221,0.354947,5,0.361483,0.516723,0.6,0.12,2.419255
topk_goal_mixture_diagnostic,tgsim_i90,extreme,100,5.706368,13.381989,4.957287,11.115443,-0.20391,-0.244803,0.006713,5,0.361483,0.516723,0.6,0.12,2.419255
topk_goal_mixture_diagnostic,tgsim_i90,baseline_failure,1,0.005499,0.005499,0.005499,0.005499,0.0,0.0,0.0,5,0.392644,0.550017,0.6,0.0,2.236806
topk_goal_mixture_diagnostic,tgsim_i90,baseline_failure,10,0.092588,0.226256,0.090014,0.222019,-0.019084,-0.087138,0.00724,5,0.392644,0.550017,0.6,0.0,2.236806
topk_goal_mixture_diagnostic,tgsim_i90,baseline_failure,25,0.760488,1.927124,0.522242,1.470105,-0.310875,-1.328069,0.075252,5,0.392644,0.550017,0.6,0.0,2.236806
topk_goal_mixture_diagnostic,tgsim_i90,baseline_failure,50,2.226742,5.431397,1.803892,4.643147,-0.169766,-0.684145,0.205008,5,0.392644,0.550017,0.6,0.0,2.236806
topk_goal_mixture_diagnostic,tgsim_i90,baseline_failure,100,5.52074,13.451885,5.039774,11.775393,-0.142373,-0.244803,0.211514,5,0.392644,0.550017,0.6,0.0,2.236806
topk_goal_mixture_diagnostic,tgsim_i90,traffic,1,0.006646,0.006646,0.006646,0.006646,0.0,0.0,0.0,6,0.371521,0.52792,0.6,0.1,2.259583
topk_goal_mixture_diagnostic,tgsim_i90,traffic,10,0.111801,0.274441,0.11102,0.273352,-0.003984,-0.079314,0.015658,6,0.371521,0.52792,0.6,0.1,2.259583
topk_goal_mixture_diagnostic,tgsim_i90,traffic,25,0.722994,1.838429,0.593701,1.598133,-0.15036,-1.120969,0.208843,6,0.371521,0.52792,0.6,0.1,2.259583
topk_goal_mixture_diagnostic,tgsim_i90,traffic,50,2.029002,4.854802,1.863436,4.548539,-0.067332,-0.552554,0.324119,6,0.371521,0.52792,0.6,0.1,2.259583
topk_goal_mixture_diagnostic,tgsim_i90,traffic,100,5.018022,11.755351,4.693825,10.327657,-0.13824,-0.213142,0.176318,6,0.371521,0.52792,0.6,0.1,2.259583
topk_goal_mixture_diagnostic,tgsim_i90,verified_t50,1,0.006646,0.006646,0.006646,0.006646,0.0,0.0,0.0,6,0.371521,0.52792,0.6,0.1,2.259583
topk_goal_mixture_diagnostic,tgsim_i90,verified_t50,10,0.111801,0.274441,0.11102,0.273352,-0.003984,-0.079314,0.015658,6,0.371521,0.52792,0.6,0.1,2.259583
topk_goal_mixture_diagnostic,tgsim_i90,verified_t50,25,0.722994,1.838429,0.593701,1.598133,-0.15036,-1.120969,0.208843,6,0.371521,0.52792,0.6,0.1,2.259583
topk_goal_mixture_diagnostic,tgsim_i90,verified_t50,50,2.029002,4.854802,1.863436,4.548539,-0.067332,-0.552554,0.324119,6,0.371521,0.52792,0.6,0.1,2.259583
topk_goal_mixture_diagnostic,tgsim_i90,verified_t50,100,5.018022,11.755351,4.693825,10.327657,-0.13824,-0.213142,0.176318,6,0.371521,0.52792,0.6,0.1,2.259583
topk_goal_mixture_diagnostic,tgsim_i90,verified_t100,1,0.006646,0.006646,0.006646,0.006646,0.0,0.0,0.0,6,0.371521,0.52792,0.6,0.1,2.259583
topk_goal_mixture_diagnostic,tgsim_i90,verified_t100,10,0.111801,0.274441,0.11102,0.273352,-0.003984,-0.079314,0.015658,6,0.371521,0.52792,0.6,0.1,2.259583
topk_goal_mixture_diagnostic,tgsim_i90,verified_t100,25,0.722994,1.838429,0.593701,1.598133,-0.15036,-1.120969,0.208843,6,0.371521,0.52792,0.6,0.1,2.259583
topk_goal_mixture_diagnostic,tgsim_i90,verified_t100,50,2.029002,4.854802,1.863436,4.548539,-0.067332,-0.552554,0.324119,6,0.371521,0.52792,0.6,0.1,2.259583
topk_goal_mixture_diagnostic,tgsim_i90,verified_t100,100,5.018022,11.755351,4.693825,10.327657,-0.13824,-0.213142,0.176318,6,0.371521,0.52792,0.6,0.1,2.259583
topk_goal_mixture_diagnostic,tgsim_i90,scene_grounded,1,0.006646,0.006646,0.006646,0.006646,0.0,0.0,0.0,6,0.371521,0.52792,0.6,0.1,2.259583
topk_goal_mixture_diagnostic,tgsim_i90,scene_grounded,10,0.111801,0.274441,0.11102,0.273352,-0.003984,-0.079314,0.015658,6,0.371521,0.52792,0.6,0.1,2.259583
topk_goal_mixture_diagnostic,tgsim_i90,scene_grounded,25,0.722994,1.838429,0.593701,1.598133,-0.15036,-1.120969,0.208843,6,0.371521,0.52792,0.6,0.1,2.259583
topk_goal_mixture_diagnostic,tgsim_i90,scene_grounded,50,2.029002,4.854802,1.863436,4.548539,-0.067332,-0.552554,0.324119,6,0.371521,0.52792,0.6,0.1,2.259583
topk_goal_mixture_diagnostic,tgsim_i90,scene_grounded,100,5.018022,11.755351,4.693825,10.327657,-0.13824,-0.213142,0.176318,6,0.371521,0.52792,0.6,0.1,2.259583
topk_goal_mixture_diagnostic,trajnet,all,1,0.059189,0.059189,0.059189,0.059189,0.0,0.0,0.0,7,0.0,0.406891,0.0,0.0,1.062626
topk_goal_mixture_diagnostic,trajnet,all,10,0.82033,1.434586,0.82033,1.434586,0.0,0.0,0.0,7,0.0,0.406891,0.0,0.0,1.062626
topk_goal_mixture_diagnostic,trajnet,easy,1,0.019507,0.019507,0.019507,0.019507,0.0,0.0,0.0,2,0.0,0.50044,0.0,0.0,1.520688
topk_goal_mixture_diagnostic,trajnet,easy,10,0.121791,0.18701,0.121791,0.18701,0.0,0.0,0.0,2,0.0,0.50044,0.0,0.0,1.520688
topk_goal_mixture_diagnostic,trajnet,medium,1,0.0,0.0,0.0,0.0,0.0,,,1,0.0,0.009931,0.0,0.0,0.102555
topk_goal_mixture_diagnostic,trajnet,medium,10,0.013868,0.069338,0.013868,0.069338,0.0,,,1,0.0,0.009931,0.0,0.0,0.102555
topk_goal_mixture_diagnostic,trajnet,hard,1,0.093828,0.093828,0.093828,0.093828,0.0,0.0,0.0,4,0.0,0.459357,0.0,0.0,1.073613
topk_goal_mixture_diagnostic,trajnet,hard,10,1.371215,2.399685,1.371215,2.399685,0.0,0.0,0.0,4,0.0,0.459357,0.0,0.0,1.073613
topk_goal_mixture_diagnostic,trajnet,baseline_failure,1,0.093828,0.093828,0.093828,0.093828,0.0,0.0,0.0,4,0.0,0.459357,0.0,0.0,1.073613
topk_goal_mixture_diagnostic,trajnet,baseline_failure,10,1.371215,2.399685,1.371215,2.399685,0.0,0.0,0.0,4,0.0,0.459357,0.0,0.0,1.073613
topk_goal_mixture_diagnostic,trajnet,pedestrian_drone,1,0.059189,0.059189,0.059189,0.059189,0.0,0.0,0.0,7,0.0,0.406891,0.0,0.0,1.062626
topk_goal_mixture_diagnostic,trajnet,pedestrian_drone,10,0.82033,1.434586,0.82033,1.434586,0.0,0.0,0.0,7,0.0,0.406891,0.0,0.0,1.062626
topk_goal_mixture_diagnostic,trajnet,scene_grounded,1,0.059189,0.059189,0.059189,0.059189,0.0,0.0,0.0,7,0.0,0.406891,0.0,0.0,1.062626
topk_goal_mixture_diagnostic,trajnet,scene_grounded,10,0.82033,1.434586,0.82033,1.434586,0.0,0.0,0.0,7,0.0,0.406891,0.0,0.0,1.062626
