arm,schedule,mode,seed,requested_rate,rows,ade,fde,cv_ade,gain_percent,native_pixel_ade,native_pixel_cv_ade,harm_over_cv,easy_rows,moving_rows,hard_rows,easy_absolute_harm,easy_pixel_harm,easy_percentage_degradation,easy_percentage_reason,moving_gain_percent,hard_gain_percent,actual_changed_rate,tail_ade95,tail_ade99,rows_helped,rows_harmed,binary_oracle_ade,binary_oracle_gain_percent,regret_to_binary_future_oracle,oracle_is_deployable
mask_only,parent_2k,uncontrolled,17,1.0,6944,791.6759818413741,1574.3132492858163,773.9476085867074,-2.290642552283395,0.7916760194439655,0.7739476453472461,17.728373254666806,3769,3175,496,25.559977323799437,0.025559978537833213,,zero_error_CV_denominator,-0.4981171172040666,-0.05765413829050825,1.0,2999.9270730917915,9114.788377776751,590,6354,773.5836701482478,0.047023653076982974,18.092311693126305,False
mask_only,parent_2k,fixed_probability_guard,17,0.0034562211981566822,6944,774.0270607681892,1565.009525687167,773.9476085867074,-0.010265834612099844,0.7740270975325019,0.7739476453472461,0.0794521814818519,3769,3175,496,0.09135204478891727,9.135204912790655e-05,,zero_error_CV_denominator,-0.0038593006094878035,-0.00159152178476063,0.0034562211981566822,2995.9352076779546,9109.718933300863,2,22,773.9469275532169,8.799477934084976e-05,0.08013321497226855,False
past_rgb,parent_2k,uncontrolled,17,1.0,6944,787.9632796440515,1579.32708674157,773.9476085867074,-1.810932794654918,0.7879633170702991,0.7739476453472461,14.015671057344171,3769,3175,496,20.01541014731147,0.02001541109799244,,zero_error_CV_denominator,-0.4072487722440732,-0.06061802596388777,1.0,3006.7675979384126,9119.242355358552,630,6314,773.5766142881795,0.04793532461523364,14.386665355872005,False
past_rgb,parent_2k,fixed_probability_guard,17,0.025921658986175114,6944,774.3593355228896,1565.366107923714,773.9476085867074,-0.05319829554537581,0.7743593723029845,0.7739476453472461,0.41172693618231987,3769,3175,496,0.5561413466835871,0.0005561413730988836,,zero_error_CV_denominator,-0.014196010965839001,-0.0017191123362181315,0.025921658986175114,2995.9352076779546,9109.718933300863,11,169,773.9421886684474,0.0007002952395973594,0.4171468544422302,False
mask_only,parent_2k,uncontrolled,29,1.0,6944,789.2391534437298,1580.069344222175,773.9476085867074,-1.9757855295846394,0.7892391909305781,0.7739476453472461,15.291544857022442,3769,3175,496,23.07051709414503,0.023070518189935794,,zero_error_CV_denominator,-0.357846351947666,-0.037907955555138706,1.0,3001.147974351605,9118.074820670887,905,6039,773.2565930077294,0.08928454217201898,15.982560436000444,False
mask_only,parent_2k,fixed_probability_guard,29,0.002304147465437788,6944,773.9901340486296,1565.0394289289325,773.9476085867074,-0.005494617652468392,0.7739901708111883,0.7739476453472461,0.04252546192226567,3769,3175,496,0.05160906320327265,5.160906565457162e-05,,zero_error_CV_denominator,-0.0018752655184473,0.0,0.002304147465437788,2995.9352076779546,9109.718933300863,1,15,773.9470217571543,7.58229040997982e-05,0.04311229147527812,False
past_rgb,parent_2k,uncontrolled,29,1.0,6944,791.7462558766919,1585.5028987906712,773.9476085867074,-2.2997224996258225,0.791746293482621,0.7739476453472461,17.79864728998452,3769,3175,496,25.468534671560604,0.025468535881251086,,zero_error_CV_denominator,-0.5136099528645355,-0.07148116706963137,1.0,2988.2543981052163,9111.549476007096,659,6285,773.4668474819733,0.06211804253932751,18.279408394718534,False
past_rgb,parent_2k,fixed_probability_guard,29,0.019585253456221197,6944,774.3525050949224,1565.4376899501538,773.9476085867074,-0.05231575157322865,0.7743525418746928,0.7739476453472461,0.40489650821500067,3769,3175,496,0.5637402894537575,0.0005637403162299845,,zero_error_CV_denominator,-0.01278055188098648,-0.0003199106838103205,0.019585253456221197,2995.9352076779546,9109.718933300863,8,128,773.9401712115503,0.0009609662300902322,0.41233388337222643,False
mask_only,parent_2k,uncontrolled,43,1.0,6944,789.191668350687,1575.9312579786642,773.9476085867074,-1.9696500893408686,0.7891917058352799,0.7739476453472461,15.244059763979614,3769,3175,496,22.09959041848745,0.022099591468161667,,zero_error_CV_denominator,-0.4198021599732593,-0.057284921175471126,1.0,2998.7011990213196,9115.27442482271,668,6276,773.5402838999789,0.05262949096415115,15.651384450708054,False
mask_only,parent_2k,fixed_probability_guard,43,0.002880184331797235,6944,773.9917283004681,1565.0011124824414,773.9476085867074,-0.005700607285463732,0.7739917650631024,0.7739476453472461,0.04411971376068175,3769,3175,496,0.01713140506574462,1.7131405879442698e-05,,zero_error_CV_denominator,-0.004499179016148602,-0.0026643722941699366,0.002880184331797235,2995.9352076779546,9109.718933300863,0,20,773.9476085867074,0.0,0.04411971376068175,False
past_rgb,parent_2k,uncontrolled,43,1.0,6944,798.1843079380037,1576.002386555535,773.9476085867074,-3.1315684785892195,0.7981843458497241,0.7739476453472461,24.236699351296387,3769,3175,496,35.546320988157014,0.03554632267651666,,zero_error_CV_denominator,-0.6386991114698537,-0.08543456765099933,1.0,3005.5077228991563,9125.08031074236,791,6153,772.9563242938567,0.12808157578789725,25.227983644146995,False
past_rgb,parent_2k,fixed_probability_guard,43,0.015120967741935484,6944,774.3372879198824,1565.196154811529,773.9476085867074,-0.050349575197561336,0.77433732469893,0.7739476453472461,0.38967933317511316,3769,3175,496,0.5526795752642604,0.0005526796015151316,,zero_error_CV_denominator,-0.011590065219913015,-0.005339096996026527,0.015120967741935484,2995.9352076779546,9109.718933300863,5,100,773.9427773931553,0.0006242274668721848,0.3945105267272201,False
past_rgb,constant,uncontrolled,17,1.0,6944,809.4088746479339,1636.809466841754,773.9476085867074,-4.581869065527799,0.8094089130927925,0.7739476453472461,35.461266061226496,3769,3175,496,54.461593915008365,0.054461596501795266,,zero_error_CV_denominator,-0.7624684811339266,-0.14047710587430373,1.0,2990.6109248030334,9110.03363466843,957,5987,771.5943118698018,0.3040640853200438,37.81456277813211,False
past_rgb,constant,fixed_probability_guard,17,0.025921658986175114,6944,775.3930153127568,1568.6816257911667,773.9476085867074,-0.1867576965175699,0.7753930521419488,0.7739476453472461,1.4454067260493568,3769,3175,496,1.6406552891337027,0.0016406553670606475,,zero_error_CV_denominator,-0.07169826987123429,0.003278227317426996,0.025921658986175114,2995.9352076779546,9109.718933300863,28,152,773.8467566298256,0.013030850636774893,1.5462586829312244,False
past_rgb,cosine,uncontrolled,17,1.0,6944,787.6825075512224,1606.8394984095721,773.9476085867074,-1.7746548748430513,0.787682544964134,0.7739476453472461,13.7348989645151,3769,3175,496,22.526009320867615,0.02252601039079565,,zero_error_CV_denominator,-0.1949021173595078,-0.04839108555034777,1.0,2988.458095716361,9113.086771692911,1367,5577,772.2036555066902,0.22533218795025567,15.478852044532367,False
past_rgb,cosine,fixed_probability_guard,17,0.025921658986175114,6944,774.8406346645936,1567.8907984817022,773.9476085867074,-0.11538585661075018,0.7748406714675488,0.7739476453472461,0.8930260778861099,3769,3175,496,0.9547508237585473,0.0009547508691067781,,zero_error_CV_denominator,-0.048429023509144464,0.003204095967024312,0.025921658986175114,2995.9352076779546,9109.718933300863,29,151,773.8922121886422,0.00715764186755008,0.9484224759513588,False
past_rgb,constant,uncontrolled,29,1.0,6944,837.4344591417599,1714.459163946534,773.9476085867074,-8.202990725817315,0.8374344989177623,0.7739476453472461,63.48685055505252,3769,3175,496,100.06693720838275,0.10006694196130723,,zero_error_CV_denominator,-1.1852798771659234,-0.20330040900775614,1.0,2994.669433544492,9105.401548818118,1089,5855,768.2804345489876,0.7322425930184728,69.15402459277227,False
past_rgb,constant,fixed_probability_guard,29,0.019585253456221197,6944,776.8051204563073,1572.116674195977,773.9476085867074,-0.36921257174218347,0.7768051573525708,0.7739476453472461,2.857511869600001,3769,3175,496,3.8441652040387084,0.003844165386626757,,zero_error_CV_denominator,-0.09962063049775427,-0.0008529959509839813,0.019585253456221197,2995.9352076779546,9109.718933300863,9,127,773.8330942790313,0.014796131728489481,2.9720261772759495,False
past_rgb,cosine,uncontrolled,29,1.0,6944,793.9209287992892,1628.0451530744024,773.9476085867074,-2.5807070131083965,0.79392096650851,0.7739476453472461,19.973320212581847,3769,3175,496,33.417791621260434,0.03341779320852036,,zero_error_CV_denominator,-0.23711176236012044,-0.06804964939430835,1.0,2999.1094638832096,9114.41714752607,1401,5543,770.9958170527751,0.3813942314935814,22.925111746514048,False
past_rgb,cosine,fixed_probability_guard,29,0.019585253456221197,6944,775.1489044573083,1569.0754086030497,773.9476085867074,-0.15521669132030347,0.7751489412749055,0.7739476453472461,1.2012958706008672,3769,3175,496,1.4053793088446764,0.0014053793755966118,,zero_error_CV_denominator,-0.05665720806549146,0.0024227718803060405,0.019585253456221197,2995.9352076779546,9109.718933300863,16,120,773.8884163409584,0.007648094663270655,1.2604881163497552,False
past_rgb,constant,uncontrolled,43,1.0,6944,808.804942959156,1628.394860115265,773.9476085867074,-4.503836433592845,0.8088049813753295,0.7739476453472461,34.85733437244864,3769,3175,496,53.18845821488694,0.05318846074120314,,zero_error_CV_denominator,-0.773721066312616,-0.17616916493676804,1.0,3013.260913323754,9113.549711196794,995,5949,771.4229247416732,0.32620862407527484,37.3820182174828,False
past_rgb,constant,fixed_probability_guard,43,0.015120967741935484,6944,775.0077857408138,1567.5129706478026,773.9476085867074,-0.1369830647894199,0.7750078225517083,0.7739476453472461,1.060177154106367,3769,3175,496,1.2703163889941738,0.0012703164493309644,,zero_error_CV_denominator,-0.04789556643118864,0.001744850637097617,0.015120967741935484,2995.9352076779546,9109.718933300863,12,93,773.9029799160901,0.005766368436588287,1.1048058247236376,False
past_rgb,cosine,uncontrolled,43,1.0,6944,788.5486474795713,1610.9907748683438,773.9476085867074,-1.8865668335776187,0.7885486849336224,0.7739476453472461,14.601038892864034,3769,3175,496,24.308162540311542,0.02430816369488731,,zero_error_CV_denominator,-0.18183137620384482,-0.04804905635509282,1.0,2989.685600054205,9111.596341367773,1361,5583,772.0212545405367,0.2488997995210962,16.527392939034666,False
past_rgb,cosine,fixed_probability_guard,43,0.015120967741935484,6944,774.5345566714835,1566.9886399660966,773.9476085867074,-0.07583821931409496,0.7745345934599009,0.7739476453472461,0.5869480847761949,3769,3175,496,0.6341587499963398,0.0006341587801172643,,zero_error_CV_denominator,-0.03136456134305021,0.0006692675767583367,0.015120967741935484,2995.9352076779546,9109.718933300863,12,93,773.9263146863369,0.0027513361543052284,0.6082419851466961,False
mask_only,constant,uncontrolled,17,1.0,6944,809.2518373681477,1626.8032341571302,773.9476085867074,-4.561578637849761,0.8092518758055474,0.7739476453472461,35.304228781440344,3769,3175,496,54.37022093221406,0.054370223514660976,,zero_error_CV_denominator,-0.7485860558442692,-0.12154601580216529,1.0,2985.238781104546,9112.273453403175,1044,5900,771.4036294569826,0.32870172366967765,37.84820791116517,False
mask_only,constant,fixed_probability_guard,17,0.0034562211981566822,6944,774.2654384516624,1566.042573159448,773.9476085867074,-0.041066069773809666,0.7742654752272973,0.7739476453472461,0.3178298649549808,3769,3175,496,0.3250599696017783,0.00032505998504129836,,zero_error_CV_denominator,-0.01826956036945493,-0.0012614245069819674,0.0034562211981566822,2995.9352076779546,9109.718933300863,1,23,773.9469198310696,8.89925403368963e-05,0.31851862059267,False
mask_only,cosine,uncontrolled,17,1.0,6944,787.0258790467094,1606.5141584070454,773.9476085867074,-1.6898134078977334,0.7870259164284327,0.7739476453472461,13.078270460001901,3769,3175,496,21.649640730806244,0.021649641759109,,zero_error_CV_denominator,-0.1715205245091056,-0.042463166840844835,1.0,2990.7587486742145,9114.705526805792,1360,5584,772.3374574731824,0.2080439419491431,14.68842157352681,False
mask_only,cosine,fixed_probability_guard,17,0.0034562211981566822,6944,774.1516351061382,1565.7262719872474,773.9476085867074,-0.026361799838547917,0.7741516718763678,0.7739476453472461,0.20402651943090683,3769,3175,496,0.23345700525707158,0.0002334570163456843,,zero_error_CV_denominator,-0.009989421466727322,-0.001222631720021461,0.0034562211981566822,2995.9352076779546,9109.718933300863,4,20,773.9272901066506,0.002625304326964173,0.2243449994875677,False
mask_only,constant,uncontrolled,29,1.0,6944,807.6267821294001,1639.0531267013698,773.9476085867074,-4.351608967975729,0.8076268204896139,0.7739476453472461,33.67917354269271,3769,3175,496,53.43736587840319,0.05343736841654187,,zero_error_CV_denominator,-0.6040376651057722,-0.08352874267067989,1.0,3006.925441146598,9128.996806455492,1122,5822,771.0253552233016,0.3775776720522428,36.60142690609844,False
mask_only,constant,fixed_probability_guard,29,0.002304147465437788,6944,774.1221985176618,1565.369723884127,773.9476085867074,-0.02255836558151536,0.7741222352864932,0.7739476453472461,0.17458993095436864,3769,3175,496,0.2669326745718602,0.000266932687250482,,zero_error_CV_denominator,-0.003838332986694226,0.0,0.002304147465437788,2995.9352076779546,9109.718933300863,1,15,773.9361839484569,0.001476151373003276,0.18601456920485865,False
mask_only,cosine,uncontrolled,29,1.0,6944,789.9843770939774,1617.43905518426,773.9476085867074,-2.072074172637417,0.7899844146162219,0.7739476453472461,16.036768507270043,3769,3175,496,26.2546417937502,0.026254643040778763,,zero_error_CV_denominator,-0.2308318034443424,-0.0901774324443716,1.0,2997.886199760015,9113.115817791408,1397,5547,771.8734538694764,0.2679967861155985,18.110923224500937,False
mask_only,cosine,fixed_probability_guard,29,0.002304147465437788,6944,774.0683852667905,1565.4240475428737,773.9476085867074,-0.015605278541230838,0.7740684220330659,0.7739476453472461,0.12077668008316152,3769,3175,496,0.16167277950055362,0.0001616727871795986,,zero_error_CV_denominator,-0.004267139788449725,0.0,0.002304147465437788,2995.9352076779546,9109.718933300863,2,14,773.9366250146486,0.0014191622193737707,0.13176025214185702,False
mask_only,constant,uncontrolled,43,1.0,6944,803.2255878254941,1619.826153197624,773.9476085867074,-3.7829407202705667,0.8032256259766624,0.7739476453472461,29.277979238786763,3769,3175,496,45.08654872575586,0.045086550867252016,,zero_error_CV_denominator,-0.6210136048028891,-0.1075520479018266,1.0,2988.0390403990837,9116.266885255092,999,5945,771.5286259901419,0.31255120756593646,31.69696183535223,False
mask_only,constant,fixed_probability_guard,43,0.002880184331797235,6944,774.1766186969052,1565.6166729605832,773.9476085867074,-0.029589872448343435,0.7741766554683214,0.7739476453472461,0.2290101101977617,3769,3175,496,0.04183977811535431,4.1839780102637134e-05,,zero_error_CV_denominator,-0.026655641892503468,-0.0005850170254673159,0.002880184331797235,2995.9352076779546,9109.718933300863,0,20,773.9476085867074,0.0,0.2290101101977617,False
mask_only,cosine,uncontrolled,43,1.0,6944,785.3218634762671,1603.0524686234312,773.9476085867074,-1.4696414541974123,0.7853219007770541,0.7739476453472461,11.374254889559772,3769,3175,496,19.387512598551695,0.01938751351940913,,zero_error_CV_denominator,-0.10999199067986964,-0.04147539548968737,1.0,2984.7459002950663,9114.165245395605,1356,5588,772.2900534881188,0.21416890241645614,13.031809988148321,False
mask_only,cosine,fixed_probability_guard,43,0.002880184331797235,6944,774.0560960704206,1565.3900701473005,773.9476085867074,-0.014017419591394464,0.7740561328361123,0.7739476453472461,0.10848748371315803,3769,3175,496,0.011745683418301458,1.174568397619148e-05,,zero_error_CV_denominator,-0.013193692871582563,-0.0008055169249399086,0.002880184331797235,2995.9352076779546,9109.718933300863,0,20,773.9476085867074,0.0,0.10848748371315803,False
