view_action,policy,count,predicted_easy_harm_sum,actual_easy_harm_sum,predicted_easy_denominator_sum,actual_easy_denominator_sum,predicted_positive_easy_harm_ratio_percent,observed_positive_easy_harm_ratio_percent
coupa_seed17__damped_velocity_005,net_stop,6045,3203.3195809606946,2743.6445859188375,4277.954642904295,3718.977949275846,74.87969949082881,73.77415578527633
coupa_seed17__damped_velocity_005,strict_stop,3754,523.625936499867,316.36882945744753,3320.075820581996,2874.420208943761,15.771505375081386,11.0063528106665
coupa_seed17__damped_velocity_005,joint_easy_moment,975,20.156425041460245,1.1818767123121292,1781.5070943779683,2396.4942791468143,1.131425471448828,0.049316901049849114
coupa_seed17__damped_velocity_005,product_easy_marginals,1482,31.29385395833674,4.0414119034902045,2141.651249391577,2273.168519518139,1.4612021433100757,0.17778760654079856
coupa_seed17__damped_velocity_005,matched_joint,975,20.156425041460245,1.1818767123121292,1781.5070943779683,2396.4942791468143,1.131425471448828,0.049316901049849114
coupa_seed17__damped_velocity_005,matched_product,973,20.339396956074403,4.026290122389547,1142.6379513442437,717.0892281388498,1.780038631847152,0.5614768656948697
deathCircle_seed17__damped_velocity_005,net_stop,8034,2139.8079977986936,932.8206032511127,1290.723134541551,968.4618064273257,165.78365573022188,96.31981323995687
deathCircle_seed17__damped_velocity_005,strict_stop,4247,739.1528122314247,240.73944422177144,672.6029096405317,535.3216649503659,109.89438220338063,44.97098846991227
deathCircle_seed17__damped_velocity_005,joint_easy_moment,159,1.5898980146729158,2.1945110067687095,146.1587405070664,191.66102386276398,1.087788529893666,1.1449959739023705
deathCircle_seed17__damped_velocity_005,product_easy_marginals,287,2.2090904998387737,3.3406177221217592,145.58266221438817,188.8958651321292,1.5174131769795633,1.768497007483493
deathCircle_seed17__damped_velocity_005,matched_joint,159,1.5898980146729158,2.1945110067687095,146.1587405070664,191.66102386276398,1.087788529893666,1.1449959739023705
deathCircle_seed17__damped_velocity_005,matched_product,163,1.0282423694769358,2.9472380503044824,31.594402046684262,40.02411641333241,3.2545080864565588,7.363655501768254
gates_seed17__damped_velocity_005,net_stop,3920,1745.5181982898953,827.9646993428119,871.4312230666388,596.1483824765885,200.30475751686654,138.88567405034047
gates_seed17__damped_velocity_005,strict_stop,1472,238.3574179269309,201.0858171254611,365.72843374962093,336.93181868183365,65.17333516652722,59.68145659622234
gates_seed17__damped_velocity_005,joint_easy_moment,126,1.4292464954599835,1.5393663216129925,129.24817065472988,162.3179776148204,1.1058156476953431,0.9483646508126782
gates_seed17__damped_velocity_005,product_easy_marginals,170,2.017433934493893,1.6103071478719437,147.33641800513692,173.70686690810263,1.369270382576801,0.9270256130541206
gates_seed17__damped_velocity_005,matched_joint,126,1.4292464954599835,1.5393663216129925,129.24817065472988,162.3179776148204,1.1058156476953431,0.9483646508126782
gates_seed17__damped_velocity_005,matched_product,127,1.3810121088344145,0.5309610068798065,94.68490452292713,110.7494705883235,1.4585346162544994,0.4794253228112375
hyang_seed17__damped_velocity_005,net_stop,21164,5835.583281360788,6287.0572806449745,4260.435135310109,5579.799056614662,136.97153215632812,112.67533502289625
hyang_seed17__damped_velocity_005,strict_stop,8456,1112.5505344835613,1038.8070251880608,2041.1041049251944,2426.0908010252556,54.507290039688385,42.818142863781745
hyang_seed17__damped_velocity_005,joint_easy_moment,1182,11.037838461642815,8.326562608260748,962.6753924502322,1321.4031602603188,1.1465794750968918,0.6301303688891133
hyang_seed17__damped_velocity_005,product_easy_marginals,1473,13.613946012420591,7.210786432137145,1022.002810378415,1323.0381970753976,1.3320849878465384,0.5450172525688777
hyang_seed17__damped_velocity_005,matched_joint,1182,11.037838461642815,8.326562608260748,962.6753924502322,1321.4031602603188,1.1465794750968918,0.6301303688891133
hyang_seed17__damped_velocity_005,matched_product,1182,10.541653584922638,5.390112337905064,738.1960864771164,698.2289825628114,1.4280289177947874,0.7719691494502204
coupa_seed29__damped_velocity_005,net_stop,5897,2619.0214381441056,2310.741398168493,4163.626918290622,3620.273442762518,62.90240431098341,63.82781396769959
coupa_seed29__damped_velocity_005,strict_stop,3694,468.40299277093595,286.2125967732218,3317.0721023790184,2862.51738889983,14.120977124223357,9.998632598114058
coupa_seed29__damped_velocity_005,joint_easy_moment,1021,18.168476414143758,1.1818767123121292,1816.2822618325304,2351.4482501976345,1.0003112839858244,0.05026165097245048
coupa_seed29__damped_velocity_005,product_easy_marginals,1503,27.994839955949317,2.4140172831911118,2133.601059982357,2230.6296134136815,1.3120934593171232,0.10822134112605006
coupa_seed29__damped_velocity_005,matched_joint,1021,18.168476414143758,1.1818767123121292,1816.2822618325304,2351.4482501976345,1.0003112839858244,0.05026165097245048
coupa_seed29__damped_velocity_005,matched_product,1020,19.327299694064337,2.398895502090454,1177.18089929339,679.600213900318,1.6418291959770726,0.3529862782595177
deathCircle_seed29__damped_velocity_005,net_stop,7957,2105.4822087275766,875.5178428970464,1273.2511838413557,948.0965489708095,165.3626743448538,92.34479798997795
deathCircle_seed29__damped_velocity_005,strict_stop,4366,793.6925882372698,261.6179783228176,684.1006113223945,540.022044676587,116.01986244436029,48.44579603773353
deathCircle_seed29__damped_velocity_005,joint_easy_moment,167,1.7119891813360182,2.1945110067687095,147.28370211203952,182.15319759764884,1.1623751690011828,1.204761176697035
deathCircle_seed29__damped_velocity_005,product_easy_marginals,238,2.022055611748238,3.2502071548287788,134.9901163834233,177.0552679645994,1.4979286379788208,1.8357020337167422
deathCircle_seed29__damped_velocity_005,matched_joint,167,1.7119891813360182,2.1945110067687095,147.28370211203952,182.15319759764884,1.1623751690011828,1.204761176697035
deathCircle_seed29__damped_velocity_005,matched_product,169,1.221208292168938,3.2502071548287788,55.407725374772,65.39212348389927,2.2040397506102516,4.970334318060552
gates_seed29__damped_velocity_005,net_stop,3405,1247.3834977074803,606.3525552909405,715.6320290437284,509.914567857831,174.30515224064396,118.91257742218444
gates_seed29__damped_velocity_005,strict_stop,1415,211.89782218491123,162.5097147923992,346.10637927530234,323.3928514812412,61.2233217511319,50.251486403627496
gates_seed29__damped_velocity_005,joint_easy_moment,127,1.386624741894801,1.6103071478719437,125.64390421667322,157.91218474857413,1.1036148156488064,1.0197485079671686
gates_seed29__damped_velocity_005,product_easy_marginals,169,2.011459349436589,1.6103071478719437,141.88399749374474,164.14450384004243,1.4176787974452638,0.9810301960772173
gates_seed29__damped_velocity_005,matched_joint,127,1.386624741894801,1.6103071478719437,125.64390421667322,157.91218474857413,1.1036148156488064,1.0197485079671686
gates_seed29__damped_velocity_005,matched_product,129,1.2969604027527315,1.3305144402933597,88.20279693668458,73.01355607612872,1.4704300178641054,1.8222841233839895
hyang_seed29__damped_velocity_005,net_stop,19911,5405.256626712771,5587.325307961659,3945.7689050399554,5076.979452200645,136.98867715766636,110.0521552345421
hyang_seed29__damped_velocity_005,strict_stop,8712,1217.9154680088204,1149.7358863712197,2097.0246487119584,2495.6824798908865,58.07826192013969,46.06899698320146
hyang_seed29__damped_velocity_005,joint_easy_moment,1119,10.70085633656904,6.604531392100699,914.0896848398256,1238.8503041052231,1.1706571591434303,0.533117792376934
hyang_seed29__damped_velocity_005,product_easy_marginals,1462,13.78266383016093,7.438884284283554,991.174781951569,1301.8988549158505,1.3905381857096502,0.5713872668521837
hyang_seed29__damped_velocity_005,matched_joint,1119,10.70085633656904,6.604531392100699,914.0896848398256,1238.8503041052231,1.1706571591434303,0.533117792376934
hyang_seed29__damped_velocity_005,matched_product,1119,9.923310199423181,4.621428492052642,650.0255110280737,570.7503277209839,1.526603191885281,0.8097110536065896
coupa_seed43__damped_velocity_005,net_stop,6188,2967.7348310368225,2858.762410694384,4277.6361239741545,3776.7941813205007,69.37791679858073,75.69283030654479
coupa_seed43__damped_velocity_005,strict_stop,3791,500.14841832858076,336.4028698065885,3357.9084141805915,2945.536807757726,14.8946414445502,11.420766120477488
coupa_seed43__damped_velocity_005,joint_easy_moment,1073,19.180448406063178,1.1818767123121292,1835.0624532520533,2327.086805343417,1.0452204704026313,0.05078782233642183
coupa_seed43__damped_velocity_005,product_easy_marginals,1591,30.067129606393287,4.0414119034902045,2183.5864442071397,2197.4663734329724,1.3769608107871663,0.1839123434310644
coupa_seed43__damped_velocity_005,matched_joint,1073,19.180448406063178,1.1818767123121292,1835.0624532520533,2327.086805343417,1.0452204704026313,0.05078782233642183
coupa_seed43__damped_velocity_005,matched_product,1069,20.840987677471084,4.026290122389547,1179.1616845572953,577.6296156239789,1.7674410515887504,0.6970366500409065
deathCircle_seed43__damped_velocity_005,net_stop,8831,2467.8901202588813,1194.6170501586898,1420.3116409683994,1121.7500718662739,173.756945241695,106.49583005340806
deathCircle_seed43__damped_velocity_005,strict_stop,4366,751.0170632464105,267.6541249152109,660.7142194141724,556.0526898576994,113.66745881635572,48.13466957307711
deathCircle_seed43__damped_velocity_005,joint_easy_moment,180,1.8096854742420452,2.1945110067687095,158.9193136779224,196.8974755206442,1.1387448336894328,1.1145450194147464
deathCircle_seed43__damped_velocity_005,product_easy_marginals,275,2.150457897139277,3.3956036195836585,145.6513082130839,197.77223283823037,1.4764425555266663,1.7169263707312865
deathCircle_seed43__damped_velocity_005,matched_joint,180,1.8096854742420452,2.1945110067687095,158.9193136779224,196.8974755206442,1.1387448336894328,1.1145450194147464
deathCircle_seed43__damped_velocity_005,matched_product,181,1.0879959124777088,3.2502071548287788,44.27419661929254,53.35068410679216,2.457404076313862,6.092156472300962
gates_seed43__damped_velocity_005,net_stop,3651,1429.9354141608083,693.0942468637393,777.2999554171937,539.0355542213842,183.9618546476477,128.5804324846228
gates_seed43__damped_velocity_005,strict_stop,1442,209.60623840520685,183.12358605672168,352.31467614596306,333.9778626894357,59.49404115040826,54.83105514301928
gates_seed43__damped_velocity_005,joint_easy_moment,124,1.2710470834154928,0.8107537144583905,119.4861007050346,151.9035877248831,1.063761455027494,0.533729141359564
gates_seed43__damped_velocity_005,product_easy_marginals,163,1.9146770675957592,1.401455266552311,139.9776281127925,178.90609104197873,1.367845057392266,0.7833468711937102
gates_seed43__damped_velocity_005,matched_joint,124,1.2710470834154928,0.8107537144583905,119.4861007050346,151.9035877248831,1.063761455027494,0.533729141359564
gates_seed43__damped_velocity_005,matched_product,129,1.353000580259025,1.3305144402933597,97.27122296502665,107.13481080881772,1.3909566868975105,1.2419067437078555
hyang_seed43__damped_velocity_005,net_stop,22138,6517.478705032985,7255.648610220731,4471.260417830256,5979.116014560675,145.76379132476666,121.34985493760907
hyang_seed43__damped_velocity_005,strict_stop,9110,1275.294229872516,1217.9388585787026,2175.5915146791795,2560.7106902874525,58.61827559391707,47.56253266713168
hyang_seed43__damped_velocity_005,joint_easy_moment,1113,10.69713991083493,6.425302001082151,943.329807784268,1208.4960538183109,1.133976666756753,0.5316775326473802
hyang_seed43__damped_velocity_005,product_easy_marginals,1515,15.067792579908923,9.772394146706496,1064.2748682030788,1341.4967583440089,1.4157801739083982,0.7284694566664391
hyang_seed43__damped_velocity_005,matched_joint,1113,10.69713991083493,6.425302001082151,943.329807784268,1208.4960538183109,1.133976666756753,0.5316775326473802
hyang_seed43__damped_velocity_005,matched_product,1109,9.734608923358516,6.7663017610176315,629.4145090331144,475.68059086439376,1.5466133658584544,1.422446467433555
coupa_seed17__transformer,net_stop,12015,2425.38279591663,2588.744990473661,7307.116306540111,7443.698810370219,33.19206502496522,34.777669763681736
coupa_seed17__transformer,strict_stop,2328,271.91622985168954,136.7648303172119,2265.7546480265937,1902.575497544357,12.001133048034157,7.188404901342074
coupa_seed17__transformer,joint_easy_moment,49,1.609163835040016,0.0,96.93978041725522,136.8090039404414,1.6599623272445394,0.0
coupa_seed17__transformer,product_easy_marginals,67,2.3075831096636317,0.0,126.42426779469041,163.3746987525397,1.8252691116321782,0.0
coupa_seed17__transformer,matched_joint,49,1.609163835040016,0.0,96.93978041725522,136.8090039404414,1.6599623272445394,0.0
coupa_seed17__transformer,matched_product,49,1.7768406911405503,0.0,92.29706639994681,96.04987906127249,1.925132358423013,0.0
deathCircle_seed17__transformer,net_stop,12313,1447.5228832934292,640.505753635992,2517.0759763594374,1630.2572754543303,57.508112464171546,39.288630284290065
deathCircle_seed17__transformer,strict_stop,3115,200.80302872978206,83.76380499374565,468.53388054851155,315.8418248561816,42.857739230021615,26.520808329260213
deathCircle_seed17__transformer,joint_easy_moment,224,1.0848653798807533,2.205736820421138,81.65454940531222,72.83454313851274,1.3286037186927087,3.0284213030984333
deathCircle_seed17__transformer,product_easy_marginals,423,2.3319862167569876,3.111218856459162,117.47379453403568,99.67861810313462,1.9851118506956384,3.1212499888793324
deathCircle_seed17__transformer,matched_joint,224,1.0848653798807533,2.205736820421138,81.65454940531222,72.83454313851274,1.3286037186927087,3.0284213030984333
deathCircle_seed17__transformer,matched_product,240,1.4582277907830956,2.8469858091171365,66.9753694087316,79.16634356067154,2.1772597951404298,3.5962072783306738
gates_seed17__transformer,net_stop,10362,2144.6078263420873,1590.7560478493726,2939.99480962288,2111.6543303654503,72.9459732147344,75.33221820325444
gates_seed17__transformer,strict_stop,595,121.24392095991784,53.19411507683709,217.86087573056767,148.7587067755613,55.65199375672313,35.75865657201051
gates_seed17__transformer,joint_easy_moment,1,0.004821429756518165,0.0,0.2537022568439122,0.0,1.9004284063127206,
gates_seed17__transformer,product_easy_marginals,5,0.12444943997350172,0.0,2.2687376537079063,0.0,5.485404615650825,
gates_seed17__transformer,matched_joint,1,0.004821429756518165,0.0,0.2537022568439122,0.0,1.9004284063127206,
gates_seed17__transformer,matched_product,1,0.03379680365731246,0.0,0.44078286738363237,0.0,7.667449476410263,
hyang_seed17__transformer,net_stop,46933,7603.730142308161,10021.019108121302,10579.786317475253,18923.794486928644,71.8703564905525,52.954597002430916
hyang_seed17__transformer,strict_stop,3665,522.4573486387923,456.7719432054313,1213.6725426777712,1442.934315344331,43.04763684330166,31.655768273584282
hyang_seed17__transformer,joint_easy_moment,169,1.2725948242782414,1.5639485410935712,98.61307796824752,151.52003884865678,1.290492955394826,1.0321727429437202
hyang_seed17__transformer,product_easy_marginals,342,3.946755292301342,7.2589593740510345,172.01669425812327,250.2830349815163,2.2944024760637216,2.9003002039619337
hyang_seed17__transformer,matched_joint,169,1.2725948242782414,1.5639485410935712,98.61307796824752,151.52003884865678,1.290492955394826,1.0321727429437202
hyang_seed17__transformer,matched_product,163,2.5471822513858733,6.264245521612953,81.15934161228756,68.94883350189981,3.1384954594065224,9.085353882659014
coupa_seed29__transformer,net_stop,10610,2664.9506106104245,2817.9437748988294,6320.000235920492,6331.969631192602,42.16693846724646,44.503431618134286
coupa_seed29__transformer,strict_stop,2134,276.69719437525896,115.9009626616506,2070.4525290857237,1533.0702593312358,13.364092655504818,7.560055513190213
coupa_seed29__transformer,joint_easy_moment,25,0.7456824200666574,0.11494514438581671,45.38646257007785,69.31319190279527,1.6429621914580912,0.16583444107871362
coupa_seed29__transformer,product_easy_marginals,28,0.9497417996509635,0.0,53.103085469823945,87.62145505535653,1.7884870365784271,0.0
coupa_seed29__transformer,matched_joint,25,0.7456824200666574,0.11494514438581671,45.38646257007785,69.31319190279527,1.6429621914580912,0.16583444107871362
coupa_seed29__transformer,matched_product,26,0.9324297961123326,0.0,51.443821966911706,87.62145505535653,1.8125204552493488,0.0
deathCircle_seed29__transformer,net_stop,12838,1915.9922741040489,782.3279421799556,2817.065381149265,1807.498676190269,68.0137666283908,43.28235215247276
deathCircle_seed29__transformer,strict_stop,2982,354.0249328495944,105.29890092677944,484.90605328078607,274.5230673454824,73.00897368765067,38.35703205015652
deathCircle_seed29__transformer,joint_easy_moment,96,0.5019833122968717,0.0,34.82375307170218,31.543712049278923,1.4414968750303478,0.0
deathCircle_seed29__transformer,product_easy_marginals,358,2.7550340102405375,1.024378193476899,103.82166117168472,52.10248508455943,2.653621584502173,1.96608317590685
deathCircle_seed29__transformer,matched_joint,96,0.5019833122968717,0.0,34.82375307170218,31.543712049278923,1.4414968750303478,0.0
deathCircle_seed29__transformer,matched_product,105,1.2195833530699098,0.7348250072458331,38.948179383549885,38.2146011383278,3.131297463380309,1.9228906893099331
gates_seed29__transformer,net_stop,9905,1807.2167346897918,1331.1495538686447,2745.53234764394,1984.8017011849029,65.82390975071348,67.06713084102881
gates_seed29__transformer,strict_stop,558,80.75017187056079,36.02557648584492,197.1915958225885,162.199942887719,40.950108210093795,22.210597515920952
gates_seed29__transformer,joint_easy_moment,0,0.0,0.0,0.0,0.0,,
gates_seed29__transformer,product_easy_marginals,10,0.2649504963903211,0.0,4.492637723734409,0.0,5.897437378282233,
gates_seed29__transformer,matched_joint,0,0.0,0.0,0.0,0.0,,
gates_seed29__transformer,matched_product,0,0.0,0.0,0.0,0.0,,
hyang_seed29__transformer,net_stop,44632,6566.774226038555,7792.044923096878,9921.623414874335,16756.823263895552,66.1864893621517,46.50072869053712
hyang_seed29__transformer,strict_stop,3706,499.3922523195886,518.4023913075127,1334.628397204066,1574.5354743405612,37.41807482635416,32.92414809038376
hyang_seed29__transformer,joint_easy_moment,117,0.7639882863645853,0.4601713607462754,54.20757449967217,115.08705450711948,1.4093755225465874,0.3998463273884627
hyang_seed29__transformer,product_easy_marginals,268,2.7312036905021357,1.0995224641961292,114.00118570406458,204.1026253034326,2.395767792794771,0.5387105935367101
hyang_seed29__transformer,matched_joint,117,0.7639882863645853,0.4601713607462754,54.20757449967217,115.08705450711948,1.4093755225465874,0.3998463273884627
hyang_seed29__transformer,matched_product,113,1.6673623710568304,0.0,55.36333910147586,72.50008738017235,3.011672341512332,0.0
coupa_seed43__transformer,net_stop,11275,3009.6971853735413,2797.5157211257265,7104.162017051756,6699.599229523468,42.36526670069629,41.756463712004894
coupa_seed43__transformer,strict_stop,2896,464.2343438789876,314.9911820852715,2411.991823931744,1666.4333959768949,19.246928587106385,18.902116510970284
coupa_seed43__transformer,joint_easy_moment,252,6.433145340656008,2.4627023915971353,406.2861459541725,591.4119307311394,1.5834025857681207,0.4164106714168909
coupa_seed43__transformer,product_easy_marginals,280,7.1720015565641155,2.4627023915971353,432.8423839925175,593.400556345412,1.6569545455345465,0.41501518076832117
coupa_seed43__transformer,matched_joint,252,6.433145340656008,2.4627023915971353,406.2861459541725,591.4119307311394,1.5834025857681207,0.4164106714168909
coupa_seed43__transformer,matched_product,254,6.828170544315892,2.217957214885738,405.0813689253798,562.2491382394612,1.6856293742736195,0.39447943341108554
deathCircle_seed43__transformer,net_stop,12636,1616.0089578930683,806.337539059348,2557.758801656229,1796.1110011817925,63.180662572508865,44.89352487283914
deathCircle_seed43__transformer,strict_stop,3539,282.43073998037255,102.41987811662524,432.5900211207238,294.8542774384761,65.28831600152746,34.73576134163291
deathCircle_seed43__transformer,joint_easy_moment,138,0.5055919361339377,1.310520220198171,38.142412458840745,31.683317885332055,1.325537383560935,4.136309918491468
deathCircle_seed43__transformer,product_easy_marginals,375,1.7249912280539896,1.8827538313722867,75.9255835936645,54.775848085860446,2.271949909908798,3.437197044254055
deathCircle_seed43__transformer,matched_joint,138,0.5055919361339377,1.310520220198171,38.142412458840745,31.683317885332055,1.325537383560935,4.136309918491468
deathCircle_seed43__transformer,matched_product,143,0.8460229516020905,0.6466195069018776,31.395737768213948,40.78569115480247,2.6947063892813863,1.5854077461814422
gates_seed43__transformer,net_stop,10393,2130.44137339495,1428.9929792968346,3128.090916185629,2241.4808577481253,68.10676001683463,63.752183042618256
gates_seed43__transformer,strict_stop,867,180.46032914258467,81.73800611807911,240.1246386205188,179.658275495071,75.15277490027808,45.49637688152118
gates_seed43__transformer,joint_easy_moment,3,0.03786977720871583,0.0,2.209687107809237,3.9999999701976776,1.7138072207092383,0.0
gates_seed43__transformer,product_easy_marginals,16,0.29322400932204684,3.1157219165039636,7.382155772644291,12.83979680971373,3.972064778267526,24.26613101966549
gates_seed43__transformer,matched_joint,3,0.03786977720871583,0.0,2.209687107809237,3.9999999701976776,1.7138072207092383,0.0
gates_seed43__transformer,matched_product,3,0.07126582634163897,3.1157219165039636,1.049122091869231,0.666666604578495,6.792901121228318,467.35833100173096
hyang_seed43__transformer,net_stop,41794,7211.943525624256,8898.252246999384,8898.06977856391,15783.60388211131,81.05065149071258,56.37655578194287
hyang_seed43__transformer,strict_stop,3853,818.2611427714473,713.6050843368706,1201.0039764682272,1371.8585598430761,68.13142660673735,52.01739488497257
hyang_seed43__transformer,joint_easy_moment,62,0.5746609739075272,0.1229122297992795,35.35613212459754,51.458439985711635,1.6253502274580849,0.2388572794538822
hyang_seed43__transformer,product_easy_marginals,261,3.8445446210832044,4.0029215181583435,120.65962788622494,151.3344829655926,3.186272565591192,2.6450822309073123
hyang_seed43__transformer,matched_joint,62,0.5746609739075272,0.1229122297992795,35.35613212459754,51.458439985711635,1.6253502274580849,0.2388572794538822
hyang_seed43__transformer,matched_product,61,1.306846384071883,0.0,29.0779240853681,14.465644614161103,4.49429051480839,0.0
coupa_seed17__eqmotion,net_stop,12805,3913.6358581780632,3556.351370982447,8349.914132514576,7902.4886673759975,46.87037251004008,45.0029290856715
coupa_seed17__eqmotion,strict_stop,2314,379.1112113754767,79.38945676649487,2331.318256625711,1895.9027165788452,16.261666990254362,4.187422491263322
coupa_seed17__eqmotion,joint_easy_moment,0,0.0,0.0,0.0,0.0,,
coupa_seed17__eqmotion,product_easy_marginals,0,0.0,0.0,0.0,0.0,,
coupa_seed17__eqmotion,matched_joint,0,0.0,0.0,0.0,0.0,,
coupa_seed17__eqmotion,matched_product,0,0.0,0.0,0.0,0.0,,
deathCircle_seed17__eqmotion,net_stop,19733,4555.171823018329,2845.2013919203264,4062.961525729826,3193.075621480995,112.11456948758794,89.10535575103857
deathCircle_seed17__eqmotion,strict_stop,665,85.2477800205296,79.98245289161873,142.78456978834413,149.38936924791727,59.70377621818391,53.539588053876074
deathCircle_seed17__eqmotion,joint_easy_moment,1,0.03909741842520451,0.0,1.9743258709101594,2.0833333022892475,1.9802920582295107,0.0
deathCircle_seed17__eqmotion,product_easy_marginals,22,0.5331794329710621,0.0,10.802136964805149,3.7500000186264515,4.935869955252689,0.0
deathCircle_seed17__eqmotion,matched_joint,1,0.03909741842520451,0.0,1.9743258709101594,2.0833333022892475,1.9802920582295107,0.0
deathCircle_seed17__eqmotion,matched_product,1,0.013919040508985535,0.0,0.027976952817841717,0.0,49.751810354803744,
gates_seed17__eqmotion,net_stop,11450,2986.008959147384,2445.106535593807,3155.9842331433515,2562.275104798083,94.6141912810929,95.4271667009968
gates_seed17__eqmotion,strict_stop,364,50.676377429913686,6.3976166683871405,127.68700008119504,80.32181081871191,39.68796932944546,7.964980623789349
gates_seed17__eqmotion,joint_easy_moment,6,0.17352491551222907,0.0,10.58646220672162,14.340423333365887,1.6391209086077272,0.0
gates_seed17__eqmotion,product_easy_marginals,36,0.925371515186937,3.765267255323245,27.288963160384693,18.13927629716129,3.391010166814605,20.757538468679098
gates_seed17__eqmotion,matched_joint,6,0.17352491551222907,0.0,10.58646220672162,14.340423333365887,1.6391209086077272,0.0
gates_seed17__eqmotion,matched_product,5,0.14472825825213834,0.0,3.4393096488293082,0.0,4.208061298039906,
hyang_seed17__eqmotion,net_stop,53934,10290.114358933897,13997.81751938007,13474.686500601494,21183.6557378524,76.366261719518,66.07838464051234
hyang_seed17__eqmotion,strict_stop,2770,305.456538730902,516.4543470006262,1009.6519192939365,1192.2145516777362,30.253648103250473,43.3189098618071
hyang_seed17__eqmotion,joint_easy_moment,2,0.04857964697441737,0.0,2.6107986293403354,2.21067898404991,1.8607197977077183,0.0
hyang_seed17__eqmotion,product_easy_marginals,288,7.63097779137013,0.2816144165907124,198.3177920581549,329.9977819783203,3.8478533429478756,0.08533827557944419
hyang_seed17__eqmotion,matched_joint,2,0.04857964697441737,0.0,2.6107986293403354,2.21067898404991,1.8607197977077183,0.0
hyang_seed17__eqmotion,matched_product,2,0.056217811187246725,0.0,0.6791474012854519,0.0,8.277703938915295,
coupa_seed29__eqmotion,net_stop,12165,3895.461317455473,3733.9999582602186,7665.33150658565,7394.559423847402,50.819215243446386,50.496584640568244
coupa_seed29__eqmotion,strict_stop,2061,330.78627932573136,147.25697617992125,2051.301717461818,1765.5326269513052,16.125676516033458,8.340654481939671
coupa_seed29__eqmotion,joint_easy_moment,0,0.0,0.0,0.0,0.0,,
coupa_seed29__eqmotion,product_easy_marginals,0,0.0,0.0,0.0,0.0,,
coupa_seed29__eqmotion,matched_joint,0,0.0,0.0,0.0,0.0,,
coupa_seed29__eqmotion,matched_product,0,0.0,0.0,0.0,0.0,,
deathCircle_seed29__eqmotion,net_stop,19305,4514.926084053086,2819.103290584261,3959.262996467215,3102.3343896859924,114.03450814158292,90.87038779432157
deathCircle_seed29__eqmotion,strict_stop,740,101.57867900664962,73.16866131537068,140.50266604276968,153.16951955878307,72.29662031874085,47.76972698363147
deathCircle_seed29__eqmotion,joint_easy_moment,3,0.09129436733468352,0.0,5.012480704425751,8.2123437045964,1.8213410229006068,0.0
deathCircle_seed29__eqmotion,product_easy_marginals,70,1.705216308099225,3.3784061222061323,34.72011710766958,40.93541537447259,4.911320727436565,8.253015368968049
deathCircle_seed29__eqmotion,matched_joint,3,0.09129436733468352,0.0,5.012480704425751,8.2123437045964,1.8213410229006068,0.0
deathCircle_seed29__eqmotion,matched_product,3,0.04050122070663262,0.0,0.12152387320466179,0.0,33.32778954339562,
gates_seed29__eqmotion,net_stop,11606,3086.337574905916,2627.0109045005393,3215.289354606126,2678.7593190004654,95.98941913220105,98.06819469995403
gates_seed29__eqmotion,strict_stop,383,45.178235922971254,4.550061953009031,134.38902620321966,106.61952322191834,33.617503749639404,4.267569217636166
gates_seed29__eqmotion,joint_easy_moment,4,0.1369647492594672,0.0,8.721740525986466,11.090423329640597,1.5703832148110815,0.0
gates_seed29__eqmotion,product_easy_marginals,32,0.7923380486794955,3.494685418761933,22.83586918575199,19.506560806217273,3.469708300719554,17.915436008832895
gates_seed29__eqmotion,matched_joint,4,0.1369647492594672,0.0,8.721740525986466,11.090423329640597,1.5703832148110815,0.0
gates_seed29__eqmotion,matched_product,3,0.0782348551546492,0.0,2.116638787652737,0.0,3.6961835723235685,
hyang_seed29__eqmotion,net_stop,56596,11034.031028340294,14676.530547555076,14795.691862683934,23491.795445346383,74.57597205149366,62.475133421368305
hyang_seed29__eqmotion,strict_stop,2806,327.7606307720132,536.2800569969679,1075.671791581503,1243.5880615515257,30.47031941686638,43.123609302576774
hyang_seed29__eqmotion,joint_easy_moment,6,0.1373314002342232,0.0,7.261743482125295,13.548090336382373,1.891162922131069,0.0
hyang_seed29__eqmotion,product_easy_marginals,387,10.834079032321572,1.3633283905073292,287.2136281371904,377.5120923558564,3.772132646556231,0.36113502537084485
hyang_seed29__eqmotion,matched_joint,6,0.1373314002342232,0.0,7.261743482125295,13.548090336382373,1.891162922131069,0.0
hyang_seed29__eqmotion,matched_product,5,0.08545067304758247,0.0,1.0318629188819735,0.0,8.281203974280665,
coupa_seed43__eqmotion,net_stop,12558,3915.4076735779936,3520.0017671204005,8157.539380965029,7682.783779518257,47.99741062500154,45.8167490865026
coupa_seed43__eqmotion,strict_stop,2363,373.3957784871305,145.6233354763561,2367.2895676444396,1971.0110359800028,15.77313496374152,7.388255713340082
coupa_seed43__eqmotion,joint_easy_moment,1,0.044204403716178654,0.0,2.225876441288202,5.574473701492088,1.9859325026413341,0.0
coupa_seed43__eqmotion,product_easy_marginals,1,0.04315287050678794,0.0,1.7477547552161914,0.0,2.4690460934520573,
coupa_seed43__eqmotion,matched_joint,1,0.044204403716178654,0.0,2.225876441288202,5.574473701492088,1.9859325026413341,0.0
coupa_seed43__eqmotion,matched_product,1,0.04315287050678794,0.0,1.7477547552161914,0.0,2.4690460934520573,
deathCircle_seed43__eqmotion,net_stop,19933,4613.82262264864,2797.762487025123,4210.838364372079,3321.9661467327,109.57016687427884,84.22007821412767
deathCircle_seed43__eqmotion,strict_stop,1127,180.86794005152996,122.68968313442625,219.3347804119059,219.8780627408138,82.46204259619196,55.798964937693434
deathCircle_seed43__eqmotion,joint_easy_moment,13,0.22684558832516094,0.8402282455520416,15.181604278905162,30.377273962912604,1.4942135505426317,2.76597645522067
deathCircle_seed43__eqmotion,product_easy_marginals,88,1.6509359697244324,2.6652463526850694,43.53185668461614,63.25745882103144,3.792477728862555,4.213331364172576
deathCircle_seed43__eqmotion,matched_joint,13,0.22684558832516094,0.8402282455520416,15.181604278905162,30.377273962912604,1.4942135505426317,2.76597645522067
deathCircle_seed43__eqmotion,matched_product,12,0.25561686732315825,0.0,2.711080551110914,0.0,9.428597288207266,
gates_seed43__eqmotion,net_stop,11876,3065.0025172825976,2559.8535168680323,3345.5207756182917,2799.444933724041,91.61510936114719,91.4414670576397
gates_seed43__eqmotion,strict_stop,521,70.16863584924303,49.379248564809934,172.19090263540664,175.4991610679025,40.75048958760418,28.136458467573288
gates_seed43__eqmotion,joint_easy_moment,7,0.16558580073858783,0.0,12.062185210607305,18.306573960307674,1.3727678513257628,0.0
gates_seed43__eqmotion,product_easy_marginals,38,0.8998180568701875,3.44431334138448,27.19411425314585,31.38937807871575,3.3088706199213505,10.972862644003678
gates_seed43__eqmotion,matched_joint,7,0.16558580073858783,0.0,12.062185210607305,18.306573960307674,1.3727678513257628,0.0
gates_seed43__eqmotion,matched_product,7,0.14921371763032085,0.0,3.262695331573585,4.867284449451335,4.5733267273336144,0.0
hyang_seed43__eqmotion,net_stop,56700,10728.941925371138,14469.034563102397,14637.256439370885,23688.630269456768,73.29885877050516,61.080081028400485
hyang_seed43__eqmotion,strict_stop,2860,282.125408072409,546.3377912621653,1067.8672885097403,1364.6584199668387,26.419519645191908,40.03476498356573
hyang_seed43__eqmotion,joint_easy_moment,8,0.1568446262454382,0.0,8.375435965362783,17.262385637382835,1.8726741735484627,0.0
hyang_seed43__eqmotion,product_easy_marginals,608,16.57069853161045,1.4359407516114446,416.8350384962057,506.17993345150944,3.9753612343606495,0.28368188004216954
hyang_seed43__eqmotion,matched_joint,8,0.1568446262454382,0.0,8.375435965362783,17.262385637382835,1.8726741735484627,0.0
hyang_seed43__eqmotion,matched_product,7,0.12931849905531356,0.0,1.7697086124784767,0.0,7.307332865053023,
