seed,candidate,arm,subset,metric,status,count,baseline_error,selected_error,improvement_pct,degradation_fraction,mean_excess_over_floor,switch_rate_valid_labels
17,seed17_ridge_conservative,floor,all,ade,evaluated,33686,1.693476048391338,1.693476048391338,0.0,-0.0,0.0,0.0
17,seed17_ridge_conservative,floor,all,fde,evaluated,33690,3.1558455469375857,3.1558455469375857,0.0,-0.0,0.0,0.0
17,seed17_ridge_conservative,floor,full_path_defined_easy,ade,evaluated,4359,0.001532864067341749,0.001532864067341749,0.0,-0.0,0.0,0.0
17,seed17_ridge_conservative,floor,full_path_defined_easy,fde,evaluated,4359,0.0024195038009013786,0.0024195038009013786,0.0,-0.0,0.0,0.0
17,seed17_ridge_conservative,floor,full_path_defined_hard,ade,evaluated,16040,3.4564539436101334,3.4564539436101334,0.0,-0.0,0.0,0.0
17,seed17_ridge_conservative,floor,full_path_defined_hard,fde,evaluated,16040,6.4185937859578654,6.4185937859578654,0.0,-0.0,0.0,0.0
17,seed17_ridge_conservative,independent,all,ade,evaluated,33686,1.693476048391338,1.7077769633574686,-0.8444710499280638,0.008444710499280637,0.014300914966130618,0.09060143679867007
17,seed17_ridge_conservative,independent,all,fde,evaluated,33690,3.1558455469375857,3.1689431637355803,-0.41502718061422383,0.0041502718061422385,0.013097616797994593,0.09059067972692193
17,seed17_ridge_conservative,independent,full_path_defined_easy,ade,evaluated,4359,0.001532864067341749,0.08217469328990533,-5260.859781416263,52.60859781416263,0.08064182922256358,0.10506997017664602
17,seed17_ridge_conservative,independent,full_path_defined_easy,fde,evaluated,4359,0.0024195038009013786,0.08023264215152291,-3216.0783678716475,32.16078367871648,0.07781313835062154,0.10506997017664602
17,seed17_ridge_conservative,independent,full_path_defined_hard,ade,evaluated,16040,3.4564539436101334,3.461140622786262,-0.13559211991795217,0.0013559211991795218,0.004686679176128639,0.09189526184538653
17,seed17_ridge_conservative,independent,full_path_defined_hard,fde,evaluated,16040,6.4185937859578654,6.421898655340301,-0.05148899420408101,0.0005148899420408101,0.0033048693824353492,0.09189526184538653
17,seed17_ridge_conservative,independent_count_reference,all,ade,evaluated,33686,1.693476048391338,1.7077769633574686,-0.8444710499280638,0.008444710499280637,0.014300914966130618,0.09060143679867007
17,seed17_ridge_conservative,independent_count_reference,all,fde,evaluated,33690,3.1558455469375857,3.1689431637355803,-0.41502718061422383,0.0041502718061422385,0.013097616797994593,0.09059067972692193
17,seed17_ridge_conservative,independent_count_reference,full_path_defined_easy,ade,evaluated,4359,0.001532864067341749,0.08217469328990533,-5260.859781416263,52.60859781416263,0.08064182922256358,0.10506997017664602
17,seed17_ridge_conservative,independent_count_reference,full_path_defined_easy,fde,evaluated,4359,0.0024195038009013786,0.08023264215152291,-3216.0783678716475,32.16078367871648,0.07781313835062154,0.10506997017664602
17,seed17_ridge_conservative,independent_count_reference,full_path_defined_hard,ade,evaluated,16040,3.4564539436101334,3.461140622786262,-0.13559211991795217,0.0013559211991795218,0.004686679176128639,0.09189526184538653
17,seed17_ridge_conservative,independent_count_reference,full_path_defined_hard,fde,evaluated,16040,6.4185937859578654,6.421898655340301,-0.05148899420408101,0.0005148899420408101,0.0033048693824353492,0.09189526184538653
17,seed17_ridge_conservative,joint,all,ade,evaluated,33686,1.693476048391338,1.7077769633574686,-0.8444710499280638,0.008444710499280637,0.014300914966130618,0.09060143679867007
17,seed17_ridge_conservative,joint,all,fde,evaluated,33690,3.1558455469375857,3.1689431637355803,-0.41502718061422383,0.0041502718061422385,0.013097616797994593,0.09059067972692193
17,seed17_ridge_conservative,joint,full_path_defined_easy,ade,evaluated,4359,0.001532864067341749,0.08217469328990533,-5260.859781416263,52.60859781416263,0.08064182922256358,0.10506997017664602
17,seed17_ridge_conservative,joint,full_path_defined_easy,fde,evaluated,4359,0.0024195038009013786,0.08023264215152291,-3216.0783678716475,32.16078367871648,0.07781313835062154,0.10506997017664602
17,seed17_ridge_conservative,joint,full_path_defined_hard,ade,evaluated,16040,3.4564539436101334,3.461140622786262,-0.13559211991795217,0.0013559211991795218,0.004686679176128639,0.09189526184538653
17,seed17_ridge_conservative,joint,full_path_defined_hard,fde,evaluated,16040,6.4185937859578654,6.421898655340301,-0.05148899420408101,0.0005148899420408101,0.0033048693824353492,0.09189526184538653
17,seed17_ridge_conservative,joint_exact_count,all,ade,evaluated,33686,1.693476048391338,1.7077769633574686,-0.8444710499280638,0.008444710499280637,0.014300914966130618,0.09060143679867007
17,seed17_ridge_conservative,joint_exact_count,all,fde,evaluated,33690,3.1558455469375857,3.1689431637355803,-0.41502718061422383,0.0041502718061422385,0.013097616797994593,0.09059067972692193
17,seed17_ridge_conservative,joint_exact_count,full_path_defined_easy,ade,evaluated,4359,0.001532864067341749,0.08217469328990533,-5260.859781416263,52.60859781416263,0.08064182922256358,0.10506997017664602
17,seed17_ridge_conservative,joint_exact_count,full_path_defined_easy,fde,evaluated,4359,0.0024195038009013786,0.08023264215152291,-3216.0783678716475,32.16078367871648,0.07781313835062154,0.10506997017664602
17,seed17_ridge_conservative,joint_exact_count,full_path_defined_hard,ade,evaluated,16040,3.4564539436101334,3.461140622786262,-0.13559211991795217,0.0013559211991795218,0.004686679176128639,0.09189526184538653
17,seed17_ridge_conservative,joint_exact_count,full_path_defined_hard,fde,evaluated,16040,6.4185937859578654,6.421898655340301,-0.05148899420408101,0.0005148899420408101,0.0033048693824353492,0.09189526184538653
17,seed17_ridge_conservative,scene_uniform,all,ade,evaluated,33686,1.693476048391338,1.693476048391338,0.0,-0.0,0.0,0.0
17,seed17_ridge_conservative,scene_uniform,all,fde,evaluated,33690,3.1558455469375857,3.1558455469375857,0.0,-0.0,0.0,0.0
17,seed17_ridge_conservative,scene_uniform,full_path_defined_easy,ade,evaluated,4359,0.001532864067341749,0.001532864067341749,0.0,-0.0,0.0,0.0
17,seed17_ridge_conservative,scene_uniform,full_path_defined_easy,fde,evaluated,4359,0.0024195038009013786,0.0024195038009013786,0.0,-0.0,0.0,0.0
17,seed17_ridge_conservative,scene_uniform,full_path_defined_hard,ade,evaluated,16040,3.4564539436101334,3.4564539436101334,0.0,-0.0,0.0,0.0
17,seed17_ridge_conservative,scene_uniform,full_path_defined_hard,fde,evaluated,16040,6.4185937859578654,6.4185937859578654,0.0,-0.0,0.0,0.0
17,seed17_ridge_conservative,uncontrolled,all,ade,evaluated,33686,1.693476048391338,2.0599945859774293,-21.642971445285784,0.21642971445285786,0.3665185375860913,1.0
17,seed17_ridge_conservative,uncontrolled,all,fde,evaluated,33690,3.1558455469375857,3.473870763654499,-10.077337816025983,0.10077337816025983,0.3180252167169133,1.0
17,seed17_ridge_conservative,uncontrolled,full_path_defined_easy,ade,evaluated,4359,0.001532864067341749,2.197107923898185,-143233.51343464848,1432.335134346485,2.1955750598308432,1.0
17,seed17_ridge_conservative,uncontrolled,full_path_defined_easy,fde,evaluated,4359,0.0024195038009013786,2.011583764085019,-83040.34321151345,830.4034321151345,2.009164260284118,1.0
17,seed17_ridge_conservative,uncontrolled,full_path_defined_hard,ade,evaluated,16040,3.4564539436101334,3.5818223393456137,-3.627081331931125,0.03627081331931125,0.1253683957354803,1.0
17,seed17_ridge_conservative,uncontrolled,full_path_defined_hard,fde,evaluated,16040,6.4185937859578654,6.4941992495445025,-1.1779132019857863,0.011779132019857863,0.075605463586637,1.0
17,seed17_ridge_moderate,floor,all,ade,evaluated,33686,1.693476048391338,1.693476048391338,0.0,-0.0,0.0,0.0
17,seed17_ridge_moderate,floor,all,fde,evaluated,33690,3.1558455469375857,3.1558455469375857,0.0,-0.0,0.0,0.0
17,seed17_ridge_moderate,floor,full_path_defined_easy,ade,evaluated,4359,0.001532864067341749,0.001532864067341749,0.0,-0.0,0.0,0.0
17,seed17_ridge_moderate,floor,full_path_defined_easy,fde,evaluated,4359,0.0024195038009013786,0.0024195038009013786,0.0,-0.0,0.0,0.0
17,seed17_ridge_moderate,floor,full_path_defined_hard,ade,evaluated,16040,3.4564539436101334,3.4564539436101334,0.0,-0.0,0.0,0.0
17,seed17_ridge_moderate,floor,full_path_defined_hard,fde,evaluated,16040,6.4185937859578654,6.4185937859578654,0.0,-0.0,0.0,0.0
17,seed17_ridge_moderate,independent,all,ade,evaluated,33686,1.693476048391338,1.70855779772712,-0.8905794298129226,0.008905794298129226,0.015081749335781991,0.10963011340022562
17,seed17_ridge_moderate,independent,all,fde,evaluated,33690,3.1558455469375857,3.1693148010706818,-0.42680333789359753,0.0042680333789359755,0.013469254133096076,0.10961709706144257
17,seed17_ridge_moderate,independent,full_path_defined_easy,ade,evaluated,4359,0.001532864067341749,0.08655800494500754,-5546.815447576775,55.468154475767754,0.08502514087766579,0.12158752007341134
17,seed17_ridge_moderate,independent,full_path_defined_easy,fde,evaluated,4359,0.0024195038009013786,0.08472471403951189,-3401.7392412422732,34.01739241242273,0.08230521023861051,0.12158752007341134
17,seed17_ridge_moderate,independent,full_path_defined_hard,ade,evaluated,16040,3.4564539436101334,3.4611543430304836,-0.13598906558670618,0.0013598906558670617,0.004700399420350276,0.10966334164588529
17,seed17_ridge_moderate,independent,full_path_defined_hard,fde,evaluated,16040,6.4185937859578654,6.4210410754520515,-0.03812812550219407,0.0003812812550219407,0.0024472894941860446,0.10966334164588529
17,seed17_ridge_moderate,independent_count_reference,all,ade,evaluated,33686,1.693476048391338,1.70855779772712,-0.8905794298129226,0.008905794298129226,0.015081749335781991,0.10963011340022562
17,seed17_ridge_moderate,independent_count_reference,all,fde,evaluated,33690,3.1558455469375857,3.1693148010706818,-0.42680333789359753,0.0042680333789359755,0.013469254133096076,0.10961709706144257
17,seed17_ridge_moderate,independent_count_reference,full_path_defined_easy,ade,evaluated,4359,0.001532864067341749,0.08655800494500754,-5546.815447576775,55.468154475767754,0.08502514087766579,0.12158752007341134
17,seed17_ridge_moderate,independent_count_reference,full_path_defined_easy,fde,evaluated,4359,0.0024195038009013786,0.08472471403951189,-3401.7392412422732,34.01739241242273,0.08230521023861051,0.12158752007341134
17,seed17_ridge_moderate,independent_count_reference,full_path_defined_hard,ade,evaluated,16040,3.4564539436101334,3.4611543430304836,-0.13598906558670618,0.0013598906558670617,0.004700399420350276,0.10966334164588529
17,seed17_ridge_moderate,independent_count_reference,full_path_defined_hard,fde,evaluated,16040,6.4185937859578654,6.4210410754520515,-0.03812812550219407,0.0003812812550219407,0.0024472894941860446,0.10966334164588529
17,seed17_ridge_moderate,joint,all,ade,evaluated,33686,1.693476048391338,1.70855779772712,-0.8905794298129226,0.008905794298129226,0.015081749335781991,0.10963011340022562
17,seed17_ridge_moderate,joint,all,fde,evaluated,33690,3.1558455469375857,3.1693148010706818,-0.42680333789359753,0.0042680333789359755,0.013469254133096076,0.10961709706144257
17,seed17_ridge_moderate,joint,full_path_defined_easy,ade,evaluated,4359,0.001532864067341749,0.08655800494500754,-5546.815447576775,55.468154475767754,0.08502514087766579,0.12158752007341134
17,seed17_ridge_moderate,joint,full_path_defined_easy,fde,evaluated,4359,0.0024195038009013786,0.08472471403951189,-3401.7392412422732,34.01739241242273,0.08230521023861051,0.12158752007341134
17,seed17_ridge_moderate,joint,full_path_defined_hard,ade,evaluated,16040,3.4564539436101334,3.4611543430304836,-0.13598906558670618,0.0013598906558670617,0.004700399420350276,0.10966334164588529
17,seed17_ridge_moderate,joint,full_path_defined_hard,fde,evaluated,16040,6.4185937859578654,6.4210410754520515,-0.03812812550219407,0.0003812812550219407,0.0024472894941860446,0.10966334164588529
17,seed17_ridge_moderate,joint_exact_count,all,ade,evaluated,33686,1.693476048391338,1.70855779772712,-0.8905794298129226,0.008905794298129226,0.015081749335781991,0.10963011340022562
17,seed17_ridge_moderate,joint_exact_count,all,fde,evaluated,33690,3.1558455469375857,3.1693148010706818,-0.42680333789359753,0.0042680333789359755,0.013469254133096076,0.10961709706144257
17,seed17_ridge_moderate,joint_exact_count,full_path_defined_easy,ade,evaluated,4359,0.001532864067341749,0.08655800494500754,-5546.815447576775,55.468154475767754,0.08502514087766579,0.12158752007341134
17,seed17_ridge_moderate,joint_exact_count,full_path_defined_easy,fde,evaluated,4359,0.0024195038009013786,0.08472471403951189,-3401.7392412422732,34.01739241242273,0.08230521023861051,0.12158752007341134
17,seed17_ridge_moderate,joint_exact_count,full_path_defined_hard,ade,evaluated,16040,3.4564539436101334,3.4611543430304836,-0.13598906558670618,0.0013598906558670617,0.004700399420350276,0.10966334164588529
17,seed17_ridge_moderate,joint_exact_count,full_path_defined_hard,fde,evaluated,16040,6.4185937859578654,6.4210410754520515,-0.03812812550219407,0.0003812812550219407,0.0024472894941860446,0.10966334164588529
17,seed17_ridge_moderate,scene_uniform,all,ade,evaluated,33686,1.693476048391338,1.693476048391338,0.0,-0.0,0.0,0.0
17,seed17_ridge_moderate,scene_uniform,all,fde,evaluated,33690,3.1558455469375857,3.1558455469375857,0.0,-0.0,0.0,0.0
17,seed17_ridge_moderate,scene_uniform,full_path_defined_easy,ade,evaluated,4359,0.001532864067341749,0.001532864067341749,0.0,-0.0,0.0,0.0
17,seed17_ridge_moderate,scene_uniform,full_path_defined_easy,fde,evaluated,4359,0.0024195038009013786,0.0024195038009013786,0.0,-0.0,0.0,0.0
17,seed17_ridge_moderate,scene_uniform,full_path_defined_hard,ade,evaluated,16040,3.4564539436101334,3.4564539436101334,0.0,-0.0,0.0,0.0
17,seed17_ridge_moderate,scene_uniform,full_path_defined_hard,fde,evaluated,16040,6.4185937859578654,6.4185937859578654,0.0,-0.0,0.0,0.0
17,seed17_ridge_moderate,uncontrolled,all,ade,evaluated,33686,1.693476048391338,2.0599945859774293,-21.642971445285784,0.21642971445285786,0.3665185375860913,1.0
17,seed17_ridge_moderate,uncontrolled,all,fde,evaluated,33690,3.1558455469375857,3.473870763654499,-10.077337816025983,0.10077337816025983,0.3180252167169133,1.0
17,seed17_ridge_moderate,uncontrolled,full_path_defined_easy,ade,evaluated,4359,0.001532864067341749,2.197107923898185,-143233.51343464848,1432.335134346485,2.1955750598308432,1.0
17,seed17_ridge_moderate,uncontrolled,full_path_defined_easy,fde,evaluated,4359,0.0024195038009013786,2.011583764085019,-83040.34321151345,830.4034321151345,2.009164260284118,1.0
17,seed17_ridge_moderate,uncontrolled,full_path_defined_hard,ade,evaluated,16040,3.4564539436101334,3.5818223393456137,-3.627081331931125,0.03627081331931125,0.1253683957354803,1.0
17,seed17_ridge_moderate,uncontrolled,full_path_defined_hard,fde,evaluated,16040,6.4185937859578654,6.4941992495445025,-1.1779132019857863,0.011779132019857863,0.075605463586637,1.0
17,seed17_neural_cost_conservative,floor,all,ade,evaluated,33686,1.693476048391338,1.693476048391338,0.0,-0.0,0.0,0.0
17,seed17_neural_cost_conservative,floor,all,fde,evaluated,33690,3.1558455469375857,3.1558455469375857,0.0,-0.0,0.0,0.0
17,seed17_neural_cost_conservative,floor,full_path_defined_easy,ade,evaluated,4359,0.001532864067341749,0.001532864067341749,0.0,-0.0,0.0,0.0
17,seed17_neural_cost_conservative,floor,full_path_defined_easy,fde,evaluated,4359,0.0024195038009013786,0.0024195038009013786,0.0,-0.0,0.0,0.0
17,seed17_neural_cost_conservative,floor,full_path_defined_hard,ade,evaluated,16040,3.4564539436101334,3.4564539436101334,0.0,-0.0,0.0,0.0
17,seed17_neural_cost_conservative,floor,full_path_defined_hard,fde,evaluated,16040,6.4185937859578654,6.4185937859578654,0.0,-0.0,0.0,0.0
17,seed17_neural_cost_conservative,independent,all,ade,evaluated,33686,1.693476048391338,1.6939043773287819,-0.025292884292677162,0.0002529288429267716,0.0004283289374438226,0.022769102891408894
17,seed17_neural_cost_conservative,independent,all,fde,evaluated,33690,3.1558455469375857,3.1562070344215867,-0.01145453662495571,0.0001145453662495571,0.0003614874840009996,0.022766399525081627
17,seed17_neural_cost_conservative,independent,full_path_defined_easy,ade,evaluated,4359,0.001532864067341749,0.003586109239771157,-133.94828779502214,1.3394828779502215,0.002053245172429408,0.011470520761642579
17,seed17_neural_cost_conservative,independent,full_path_defined_easy,fde,evaluated,4359,0.0024195038009013786,0.005236429964766403,-116.42577965017404,1.1642577965017404,0.0028169261638650244,0.011470520761642579
17,seed17_neural_cost_conservative,independent,full_path_defined_hard,ade,evaluated,16040,3.4564539436101334,3.456201672365173,0.0072985565286289855,-7.298556528628986e-05,-0.0002522712449604114,0.023628428927680797
17,seed17_neural_cost_conservative,independent,full_path_defined_hard,fde,evaluated,16040,6.4185937859578654,6.417933067712714,0.010293816171958237,-0.00010293816171958237,-0.0006607182451512372,0.023628428927680797
17,seed17_neural_cost_conservative,independent_count_reference,all,ade,evaluated,33686,1.693476048391338,1.6939043773287819,-0.025292884292677162,0.0002529288429267716,0.0004283289374438226,0.022769102891408894
17,seed17_neural_cost_conservative,independent_count_reference,all,fde,evaluated,33690,3.1558455469375857,3.1562070344215867,-0.01145453662495571,0.0001145453662495571,0.0003614874840009996,0.022766399525081627
17,seed17_neural_cost_conservative,independent_count_reference,full_path_defined_easy,ade,evaluated,4359,0.001532864067341749,0.003586109239771157,-133.94828779502214,1.3394828779502215,0.002053245172429408,0.011470520761642579
17,seed17_neural_cost_conservative,independent_count_reference,full_path_defined_easy,fde,evaluated,4359,0.0024195038009013786,0.005236429964766403,-116.42577965017404,1.1642577965017404,0.0028169261638650244,0.011470520761642579
17,seed17_neural_cost_conservative,independent_count_reference,full_path_defined_hard,ade,evaluated,16040,3.4564539436101334,3.456201672365173,0.0072985565286289855,-7.298556528628986e-05,-0.0002522712449604114,0.023628428927680797
17,seed17_neural_cost_conservative,independent_count_reference,full_path_defined_hard,fde,evaluated,16040,6.4185937859578654,6.417933067712714,0.010293816171958237,-0.00010293816171958237,-0.0006607182451512372,0.023628428927680797
17,seed17_neural_cost_conservative,joint,all,ade,evaluated,33686,1.693476048391338,1.6939043773287819,-0.025292884292677162,0.0002529288429267716,0.0004283289374438226,0.022769102891408894
17,seed17_neural_cost_conservative,joint,all,fde,evaluated,33690,3.1558455469375857,3.1562070344215867,-0.01145453662495571,0.0001145453662495571,0.0003614874840009996,0.022766399525081627
17,seed17_neural_cost_conservative,joint,full_path_defined_easy,ade,evaluated,4359,0.001532864067341749,0.003586109239771157,-133.94828779502214,1.3394828779502215,0.002053245172429408,0.011470520761642579
17,seed17_neural_cost_conservative,joint,full_path_defined_easy,fde,evaluated,4359,0.0024195038009013786,0.005236429964766403,-116.42577965017404,1.1642577965017404,0.0028169261638650244,0.011470520761642579
17,seed17_neural_cost_conservative,joint,full_path_defined_hard,ade,evaluated,16040,3.4564539436101334,3.456201672365173,0.0072985565286289855,-7.298556528628986e-05,-0.0002522712449604114,0.023628428927680797
17,seed17_neural_cost_conservative,joint,full_path_defined_hard,fde,evaluated,16040,6.4185937859578654,6.417933067712714,0.010293816171958237,-0.00010293816171958237,-0.0006607182451512372,0.023628428927680797
17,seed17_neural_cost_conservative,joint_exact_count,all,ade,evaluated,33686,1.693476048391338,1.6939043773287819,-0.025292884292677162,0.0002529288429267716,0.0004283289374438226,0.022769102891408894
17,seed17_neural_cost_conservative,joint_exact_count,all,fde,evaluated,33690,3.1558455469375857,3.1562070344215867,-0.01145453662495571,0.0001145453662495571,0.0003614874840009996,0.022766399525081627
17,seed17_neural_cost_conservative,joint_exact_count,full_path_defined_easy,ade,evaluated,4359,0.001532864067341749,0.003586109239771157,-133.94828779502214,1.3394828779502215,0.002053245172429408,0.011470520761642579
17,seed17_neural_cost_conservative,joint_exact_count,full_path_defined_easy,fde,evaluated,4359,0.0024195038009013786,0.005236429964766403,-116.42577965017404,1.1642577965017404,0.0028169261638650244,0.011470520761642579
17,seed17_neural_cost_conservative,joint_exact_count,full_path_defined_hard,ade,evaluated,16040,3.4564539436101334,3.456201672365173,0.0072985565286289855,-7.298556528628986e-05,-0.0002522712449604114,0.023628428927680797
17,seed17_neural_cost_conservative,joint_exact_count,full_path_defined_hard,fde,evaluated,16040,6.4185937859578654,6.417933067712714,0.010293816171958237,-0.00010293816171958237,-0.0006607182451512372,0.023628428927680797
17,seed17_neural_cost_conservative,scene_uniform,all,ade,evaluated,33686,1.693476048391338,1.693476048391338,0.0,-0.0,0.0,0.0
17,seed17_neural_cost_conservative,scene_uniform,all,fde,evaluated,33690,3.1558455469375857,3.1558455469375857,0.0,-0.0,0.0,0.0
17,seed17_neural_cost_conservative,scene_uniform,full_path_defined_easy,ade,evaluated,4359,0.001532864067341749,0.001532864067341749,0.0,-0.0,0.0,0.0
17,seed17_neural_cost_conservative,scene_uniform,full_path_defined_easy,fde,evaluated,4359,0.0024195038009013786,0.0024195038009013786,0.0,-0.0,0.0,0.0
17,seed17_neural_cost_conservative,scene_uniform,full_path_defined_hard,ade,evaluated,16040,3.4564539436101334,3.4564539436101334,0.0,-0.0,0.0,0.0
17,seed17_neural_cost_conservative,scene_uniform,full_path_defined_hard,fde,evaluated,16040,6.4185937859578654,6.4185937859578654,0.0,-0.0,0.0,0.0
17,seed17_neural_cost_conservative,uncontrolled,all,ade,evaluated,33686,1.693476048391338,2.0599945859774293,-21.642971445285784,0.21642971445285786,0.3665185375860913,1.0
17,seed17_neural_cost_conservative,uncontrolled,all,fde,evaluated,33690,3.1558455469375857,3.473870763654499,-10.077337816025983,0.10077337816025983,0.3180252167169133,1.0
17,seed17_neural_cost_conservative,uncontrolled,full_path_defined_easy,ade,evaluated,4359,0.001532864067341749,2.197107923898185,-143233.51343464848,1432.335134346485,2.1955750598308432,1.0
17,seed17_neural_cost_conservative,uncontrolled,full_path_defined_easy,fde,evaluated,4359,0.0024195038009013786,2.011583764085019,-83040.34321151345,830.4034321151345,2.009164260284118,1.0
17,seed17_neural_cost_conservative,uncontrolled,full_path_defined_hard,ade,evaluated,16040,3.4564539436101334,3.5818223393456137,-3.627081331931125,0.03627081331931125,0.1253683957354803,1.0
17,seed17_neural_cost_conservative,uncontrolled,full_path_defined_hard,fde,evaluated,16040,6.4185937859578654,6.4941992495445025,-1.1779132019857863,0.011779132019857863,0.075605463586637,1.0
17,seed17_neural_cost_moderate,floor,all,ade,evaluated,33686,1.693476048391338,1.693476048391338,0.0,-0.0,0.0,0.0
17,seed17_neural_cost_moderate,floor,all,fde,evaluated,33690,3.1558455469375857,3.1558455469375857,0.0,-0.0,0.0,0.0
17,seed17_neural_cost_moderate,floor,full_path_defined_easy,ade,evaluated,4359,0.001532864067341749,0.001532864067341749,0.0,-0.0,0.0,0.0
17,seed17_neural_cost_moderate,floor,full_path_defined_easy,fde,evaluated,4359,0.0024195038009013786,0.0024195038009013786,0.0,-0.0,0.0,0.0
17,seed17_neural_cost_moderate,floor,full_path_defined_hard,ade,evaluated,16040,3.4564539436101334,3.4564539436101334,0.0,-0.0,0.0,0.0
17,seed17_neural_cost_moderate,floor,full_path_defined_hard,fde,evaluated,16040,6.4185937859578654,6.4185937859578654,0.0,-0.0,0.0,0.0
17,seed17_neural_cost_moderate,independent,all,ade,evaluated,33686,1.693476048391338,1.694421536963445,-0.05583123381078245,0.0005583123381078244,0.0009454885721069672,0.04286647271863682
17,seed17_neural_cost_moderate,independent,all,fde,evaluated,33690,3.1558455469375857,3.1567620572195376,-0.029041671029855044,0.00029041671029855044,0.0009165102819519433,0.04286138319976254
17,seed17_neural_cost_moderate,independent,full_path_defined_easy,ade,evaluated,4359,0.001532864067341749,0.004735691316950497,-208.94398386955498,2.08943983869555,0.0032028272496087483,0.0222528102775866
17,seed17_neural_cost_moderate,independent,full_path_defined_easy,fde,evaluated,4359,0.0024195038009013786,0.007054922660206137,-191.5855167318955,1.915855167318955,0.004635418859304758,0.0222528102775866
17,seed17_neural_cost_moderate,independent,full_path_defined_hard,ade,evaluated,16040,3.4564539436101334,3.456347465654624,0.0030805547317185413,-3.0805547317185416e-05,-0.00010647795550955408,0.04239401496259352
17,seed17_neural_cost_moderate,independent,full_path_defined_hard,fde,evaluated,16040,6.4185937859578654,6.417902700804824,0.010766924595752299,-0.00010766924595752299,-0.0006910851530417261,0.04239401496259352
17,seed17_neural_cost_moderate,independent_count_reference,all,ade,evaluated,33686,1.693476048391338,1.694421536963445,-0.05583123381078245,0.0005583123381078244,0.0009454885721069672,0.04286647271863682
17,seed17_neural_cost_moderate,independent_count_reference,all,fde,evaluated,33690,3.1558455469375857,3.1567620572195376,-0.029041671029855044,0.00029041671029855044,0.0009165102819519433,0.04286138319976254
17,seed17_neural_cost_moderate,independent_count_reference,full_path_defined_easy,ade,evaluated,4359,0.001532864067341749,0.004735691316950497,-208.94398386955498,2.08943983869555,0.0032028272496087483,0.0222528102775866
17,seed17_neural_cost_moderate,independent_count_reference,full_path_defined_easy,fde,evaluated,4359,0.0024195038009013786,0.007054922660206137,-191.5855167318955,1.915855167318955,0.004635418859304758,0.0222528102775866
17,seed17_neural_cost_moderate,independent_count_reference,full_path_defined_hard,ade,evaluated,16040,3.4564539436101334,3.456347465654624,0.0030805547317185413,-3.0805547317185416e-05,-0.00010647795550955408,0.04239401496259352
17,seed17_neural_cost_moderate,independent_count_reference,full_path_defined_hard,fde,evaluated,16040,6.4185937859578654,6.417902700804824,0.010766924595752299,-0.00010766924595752299,-0.0006910851530417261,0.04239401496259352
17,seed17_neural_cost_moderate,joint,all,ade,evaluated,33686,1.693476048391338,1.694421536963445,-0.05583123381078245,0.0005583123381078244,0.0009454885721069672,0.04286647271863682
17,seed17_neural_cost_moderate,joint,all,fde,evaluated,33690,3.1558455469375857,3.1567620572195376,-0.029041671029855044,0.00029041671029855044,0.0009165102819519433,0.04286138319976254
17,seed17_neural_cost_moderate,joint,full_path_defined_easy,ade,evaluated,4359,0.001532864067341749,0.004735691316950497,-208.94398386955498,2.08943983869555,0.0032028272496087483,0.0222528102775866
17,seed17_neural_cost_moderate,joint,full_path_defined_easy,fde,evaluated,4359,0.0024195038009013786,0.007054922660206137,-191.5855167318955,1.915855167318955,0.004635418859304758,0.0222528102775866
17,seed17_neural_cost_moderate,joint,full_path_defined_hard,ade,evaluated,16040,3.4564539436101334,3.456347465654624,0.0030805547317185413,-3.0805547317185416e-05,-0.00010647795550955408,0.04239401496259352
17,seed17_neural_cost_moderate,joint,full_path_defined_hard,fde,evaluated,16040,6.4185937859578654,6.417902700804824,0.010766924595752299,-0.00010766924595752299,-0.0006910851530417261,0.04239401496259352
17,seed17_neural_cost_moderate,joint_exact_count,all,ade,evaluated,33686,1.693476048391338,1.694421536963445,-0.05583123381078245,0.0005583123381078244,0.0009454885721069672,0.04286647271863682
17,seed17_neural_cost_moderate,joint_exact_count,all,fde,evaluated,33690,3.1558455469375857,3.1567620572195376,-0.029041671029855044,0.00029041671029855044,0.0009165102819519433,0.04286138319976254
17,seed17_neural_cost_moderate,joint_exact_count,full_path_defined_easy,ade,evaluated,4359,0.001532864067341749,0.004735691316950497,-208.94398386955498,2.08943983869555,0.0032028272496087483,0.0222528102775866
17,seed17_neural_cost_moderate,joint_exact_count,full_path_defined_easy,fde,evaluated,4359,0.0024195038009013786,0.007054922660206137,-191.5855167318955,1.915855167318955,0.004635418859304758,0.0222528102775866
17,seed17_neural_cost_moderate,joint_exact_count,full_path_defined_hard,ade,evaluated,16040,3.4564539436101334,3.456347465654624,0.0030805547317185413,-3.0805547317185416e-05,-0.00010647795550955408,0.04239401496259352
17,seed17_neural_cost_moderate,joint_exact_count,full_path_defined_hard,fde,evaluated,16040,6.4185937859578654,6.417902700804824,0.010766924595752299,-0.00010766924595752299,-0.0006910851530417261,0.04239401496259352
17,seed17_neural_cost_moderate,scene_uniform,all,ade,evaluated,33686,1.693476048391338,1.693476048391338,0.0,-0.0,0.0,0.0
17,seed17_neural_cost_moderate,scene_uniform,all,fde,evaluated,33690,3.1558455469375857,3.1558455469375857,0.0,-0.0,0.0,0.0
17,seed17_neural_cost_moderate,scene_uniform,full_path_defined_easy,ade,evaluated,4359,0.001532864067341749,0.001532864067341749,0.0,-0.0,0.0,0.0
17,seed17_neural_cost_moderate,scene_uniform,full_path_defined_easy,fde,evaluated,4359,0.0024195038009013786,0.0024195038009013786,0.0,-0.0,0.0,0.0
17,seed17_neural_cost_moderate,scene_uniform,full_path_defined_hard,ade,evaluated,16040,3.4564539436101334,3.4564539436101334,0.0,-0.0,0.0,0.0
17,seed17_neural_cost_moderate,scene_uniform,full_path_defined_hard,fde,evaluated,16040,6.4185937859578654,6.4185937859578654,0.0,-0.0,0.0,0.0
17,seed17_neural_cost_moderate,uncontrolled,all,ade,evaluated,33686,1.693476048391338,2.0599945859774293,-21.642971445285784,0.21642971445285786,0.3665185375860913,1.0
17,seed17_neural_cost_moderate,uncontrolled,all,fde,evaluated,33690,3.1558455469375857,3.473870763654499,-10.077337816025983,0.10077337816025983,0.3180252167169133,1.0
17,seed17_neural_cost_moderate,uncontrolled,full_path_defined_easy,ade,evaluated,4359,0.001532864067341749,2.197107923898185,-143233.51343464848,1432.335134346485,2.1955750598308432,1.0
17,seed17_neural_cost_moderate,uncontrolled,full_path_defined_easy,fde,evaluated,4359,0.0024195038009013786,2.011583764085019,-83040.34321151345,830.4034321151345,2.009164260284118,1.0
17,seed17_neural_cost_moderate,uncontrolled,full_path_defined_hard,ade,evaluated,16040,3.4564539436101334,3.5818223393456137,-3.627081331931125,0.03627081331931125,0.1253683957354803,1.0
17,seed17_neural_cost_moderate,uncontrolled,full_path_defined_hard,fde,evaluated,16040,6.4185937859578654,6.4941992495445025,-1.1779132019857863,0.011779132019857863,0.075605463586637,1.0
29,seed29_ridge_conservative,floor,all,ade,evaluated,33686,1.693476048391338,1.693476048391338,0.0,-0.0,0.0,0.0
29,seed29_ridge_conservative,floor,all,fde,evaluated,33690,3.1558455469375857,3.1558455469375857,0.0,-0.0,0.0,0.0
29,seed29_ridge_conservative,floor,full_path_defined_easy,ade,evaluated,4359,0.001532864067341749,0.001532864067341749,0.0,-0.0,0.0,0.0
29,seed29_ridge_conservative,floor,full_path_defined_easy,fde,evaluated,4359,0.0024195038009013786,0.0024195038009013786,0.0,-0.0,0.0,0.0
29,seed29_ridge_conservative,floor,full_path_defined_hard,ade,evaluated,16040,3.4564539436101334,3.4564539436101334,0.0,-0.0,0.0,0.0
29,seed29_ridge_conservative,floor,full_path_defined_hard,fde,evaluated,16040,6.4185937859578654,6.4185937859578654,0.0,-0.0,0.0,0.0
29,seed29_ridge_conservative,independent,all,ade,evaluated,33686,1.693476048391338,1.6956229253889823,-0.12677339013348432,0.0012677339013348432,0.0021468769976442648,0.11387520037997981
29,seed29_ridge_conservative,independent,all,fde,evaluated,33690,3.1558455469375857,3.156754759529285,-0.028810427448887635,0.00028810427448887636,0.0009092125916994043,0.11386168002374591
29,seed29_ridge_conservative,independent,full_path_defined_easy,ade,evaluated,4359,0.001532864067341749,0.016423868058635712,-971.4497396443988,9.714497396443988,0.014891003991293963,0.08832300986464786
29,seed29_ridge_conservative,independent,full_path_defined_easy,fde,evaluated,4359,0.0024195038009013786,0.01844681662623331,-662.4214774682728,6.624214774682728,0.01602731282533193,0.08832300986464786
29,seed29_ridge_conservative,independent,full_path_defined_hard,ade,evaluated,16040,3.4564539436101334,3.454801794596687,0.04779895929181257,-0.0004779895929181257,-0.0016521490134464578,0.13547381546134662
29,seed29_ridge_conservative,independent,full_path_defined_hard,fde,evaluated,16040,6.4185937859578654,6.4144138980053675,0.06512155297383616,-0.0006512155297383616,-0.004179887952497907,0.13547381546134662
29,seed29_ridge_conservative,independent_count_reference,all,ade,evaluated,33686,1.693476048391338,1.6956229253889823,-0.12677339013348432,0.0012677339013348432,0.0021468769976442648,0.11387520037997981
29,seed29_ridge_conservative,independent_count_reference,all,fde,evaluated,33690,3.1558455469375857,3.156754759529285,-0.028810427448887635,0.00028810427448887636,0.0009092125916994043,0.11386168002374591
29,seed29_ridge_conservative,independent_count_reference,full_path_defined_easy,ade,evaluated,4359,0.001532864067341749,0.016423868058635712,-971.4497396443988,9.714497396443988,0.014891003991293963,0.08832300986464786
29,seed29_ridge_conservative,independent_count_reference,full_path_defined_easy,fde,evaluated,4359,0.0024195038009013786,0.01844681662623331,-662.4214774682728,6.624214774682728,0.01602731282533193,0.08832300986464786
29,seed29_ridge_conservative,independent_count_reference,full_path_defined_hard,ade,evaluated,16040,3.4564539436101334,3.454801794596687,0.04779895929181257,-0.0004779895929181257,-0.0016521490134464578,0.13547381546134662
29,seed29_ridge_conservative,independent_count_reference,full_path_defined_hard,fde,evaluated,16040,6.4185937859578654,6.4144138980053675,0.06512155297383616,-0.0006512155297383616,-0.004179887952497907,0.13547381546134662
29,seed29_ridge_conservative,joint,all,ade,evaluated,33686,1.693476048391338,1.6956229253889823,-0.12677339013348432,0.0012677339013348432,0.0021468769976442648,0.11387520037997981
29,seed29_ridge_conservative,joint,all,fde,evaluated,33690,3.1558455469375857,3.156754759529285,-0.028810427448887635,0.00028810427448887636,0.0009092125916994043,0.11386168002374591
29,seed29_ridge_conservative,joint,full_path_defined_easy,ade,evaluated,4359,0.001532864067341749,0.016423868058635712,-971.4497396443988,9.714497396443988,0.014891003991293963,0.08832300986464786
29,seed29_ridge_conservative,joint,full_path_defined_easy,fde,evaluated,4359,0.0024195038009013786,0.01844681662623331,-662.4214774682728,6.624214774682728,0.01602731282533193,0.08832300986464786
29,seed29_ridge_conservative,joint,full_path_defined_hard,ade,evaluated,16040,3.4564539436101334,3.454801794596687,0.04779895929181257,-0.0004779895929181257,-0.0016521490134464578,0.13547381546134662
29,seed29_ridge_conservative,joint,full_path_defined_hard,fde,evaluated,16040,6.4185937859578654,6.4144138980053675,0.06512155297383616,-0.0006512155297383616,-0.004179887952497907,0.13547381546134662
29,seed29_ridge_conservative,joint_exact_count,all,ade,evaluated,33686,1.693476048391338,1.6956229253889823,-0.12677339013348432,0.0012677339013348432,0.0021468769976442648,0.11387520037997981
29,seed29_ridge_conservative,joint_exact_count,all,fde,evaluated,33690,3.1558455469375857,3.156754759529285,-0.028810427448887635,0.00028810427448887636,0.0009092125916994043,0.11386168002374591
29,seed29_ridge_conservative,joint_exact_count,full_path_defined_easy,ade,evaluated,4359,0.001532864067341749,0.016423868058635712,-971.4497396443988,9.714497396443988,0.014891003991293963,0.08832300986464786
29,seed29_ridge_conservative,joint_exact_count,full_path_defined_easy,fde,evaluated,4359,0.0024195038009013786,0.01844681662623331,-662.4214774682728,6.624214774682728,0.01602731282533193,0.08832300986464786
29,seed29_ridge_conservative,joint_exact_count,full_path_defined_hard,ade,evaluated,16040,3.4564539436101334,3.454801794596687,0.04779895929181257,-0.0004779895929181257,-0.0016521490134464578,0.13547381546134662
29,seed29_ridge_conservative,joint_exact_count,full_path_defined_hard,fde,evaluated,16040,6.4185937859578654,6.4144138980053675,0.06512155297383616,-0.0006512155297383616,-0.004179887952497907,0.13547381546134662
29,seed29_ridge_conservative,scene_uniform,all,ade,evaluated,33686,1.693476048391338,1.693476048391338,0.0,-0.0,0.0,0.0
29,seed29_ridge_conservative,scene_uniform,all,fde,evaluated,33690,3.1558455469375857,3.1558455469375857,0.0,-0.0,0.0,0.0
29,seed29_ridge_conservative,scene_uniform,full_path_defined_easy,ade,evaluated,4359,0.001532864067341749,0.001532864067341749,0.0,-0.0,0.0,0.0
29,seed29_ridge_conservative,scene_uniform,full_path_defined_easy,fde,evaluated,4359,0.0024195038009013786,0.0024195038009013786,0.0,-0.0,0.0,0.0
29,seed29_ridge_conservative,scene_uniform,full_path_defined_hard,ade,evaluated,16040,3.4564539436101334,3.4564539436101334,0.0,-0.0,0.0,0.0
29,seed29_ridge_conservative,scene_uniform,full_path_defined_hard,fde,evaluated,16040,6.4185937859578654,6.4185937859578654,0.0,-0.0,0.0,0.0
29,seed29_ridge_conservative,uncontrolled,all,ade,evaluated,33686,1.693476048391338,2.0709281800467667,-22.28860172034774,0.2228860172034774,0.3774521316554287,1.0
29,seed29_ridge_conservative,uncontrolled,all,fde,evaluated,33690,3.1558455469375857,3.5346595942342858,-12.003567400955317,0.12003567400955317,0.3788140472967001,1.0
29,seed29_ridge_conservative,uncontrolled,full_path_defined_easy,ade,evaluated,4359,0.001532864067341749,2.2620891721399903,-147472.71830781733,1474.7271830781733,2.2605563080726485,1.0
29,seed29_ridge_conservative,uncontrolled,full_path_defined_easy,fde,evaluated,4359,0.0024195038009013786,2.440024913098127,-100748.15374909119,1007.4815374909118,2.437605409297226,1.0
29,seed29_ridge_conservative,uncontrolled,full_path_defined_hard,ade,evaluated,16040,3.4564539436101334,3.5879025347042153,-3.8029898051176954,0.03802989805117695,0.1314485910940819,1.0
29,seed29_ridge_conservative,uncontrolled,full_path_defined_hard,fde,evaluated,16040,6.4185937859578654,6.506032058698524,-1.3622652508708264,0.013622652508708264,0.08743827274065819,1.0
29,seed29_ridge_moderate,floor,all,ade,evaluated,33686,1.693476048391338,1.693476048391338,0.0,-0.0,0.0,0.0
29,seed29_ridge_moderate,floor,all,fde,evaluated,33690,3.1558455469375857,3.1558455469375857,0.0,-0.0,0.0,0.0
29,seed29_ridge_moderate,floor,full_path_defined_easy,ade,evaluated,4359,0.001532864067341749,0.001532864067341749,0.0,-0.0,0.0,0.0
29,seed29_ridge_moderate,floor,full_path_defined_easy,fde,evaluated,4359,0.0024195038009013786,0.0024195038009013786,0.0,-0.0,0.0,0.0
29,seed29_ridge_moderate,floor,full_path_defined_hard,ade,evaluated,16040,3.4564539436101334,3.4564539436101334,0.0,-0.0,0.0,0.0
29,seed29_ridge_moderate,floor,full_path_defined_hard,fde,evaluated,16040,6.4185937859578654,6.4185937859578654,0.0,-0.0,0.0,0.0
29,seed29_ridge_moderate,independent,all,ade,evaluated,33686,1.693476048391338,1.696422406571666,-0.17398286696329443,0.0017398286696329443,0.002946358180327957,0.17217835302499554
29,seed29_ridge_moderate,independent,all,fde,evaluated,33690,3.1558455469375857,3.1568505113274914,-0.03184453658959728,0.0003184453658959728,0.001004964389905716,0.172157910359157
29,seed29_ridge_moderate,independent,full_path_defined_easy,ade,evaluated,4359,0.001532864067341749,0.019345953004492194,-1162.0788376911605,11.620788376911605,0.017813088937150445,0.11172287221839872
29,seed29_ridge_moderate,independent,full_path_defined_easy,fde,evaluated,4359,0.0024195038009013786,0.021894009230267835,-804.8966660896044,8.048966660896044,0.019474505429366455,0.11172287221839872
29,seed29_ridge_moderate,independent,full_path_defined_hard,ade,evaluated,16040,3.4564539436101334,3.4542015865894706,0.06516380826733167,-0.0006516380826733167,-0.002252357020662732,0.20635910224438903
29,seed29_ridge_moderate,independent,full_path_defined_hard,fde,evaluated,16040,6.4185937859578654,6.412453695972243,0.09566098417157368,-0.0009566098417157368,-0.006140089985622765,0.20635910224438903
29,seed29_ridge_moderate,independent_count_reference,all,ade,evaluated,33686,1.693476048391338,1.696422406571666,-0.17398286696329443,0.0017398286696329443,0.002946358180327957,0.17217835302499554
29,seed29_ridge_moderate,independent_count_reference,all,fde,evaluated,33690,3.1558455469375857,3.1568505113274914,-0.03184453658959728,0.0003184453658959728,0.001004964389905716,0.172157910359157
29,seed29_ridge_moderate,independent_count_reference,full_path_defined_easy,ade,evaluated,4359,0.001532864067341749,0.019345953004492194,-1162.0788376911605,11.620788376911605,0.017813088937150445,0.11172287221839872
29,seed29_ridge_moderate,independent_count_reference,full_path_defined_easy,fde,evaluated,4359,0.0024195038009013786,0.021894009230267835,-804.8966660896044,8.048966660896044,0.019474505429366455,0.11172287221839872
29,seed29_ridge_moderate,independent_count_reference,full_path_defined_hard,ade,evaluated,16040,3.4564539436101334,3.4542015865894706,0.06516380826733167,-0.0006516380826733167,-0.002252357020662732,0.20635910224438903
29,seed29_ridge_moderate,independent_count_reference,full_path_defined_hard,fde,evaluated,16040,6.4185937859578654,6.412453695972243,0.09566098417157368,-0.0009566098417157368,-0.006140089985622765,0.20635910224438903
29,seed29_ridge_moderate,joint,all,ade,evaluated,33686,1.693476048391338,1.696422406571666,-0.17398286696329443,0.0017398286696329443,0.002946358180327957,0.17217835302499554
29,seed29_ridge_moderate,joint,all,fde,evaluated,33690,3.1558455469375857,3.1568505113274914,-0.03184453658959728,0.0003184453658959728,0.001004964389905716,0.172157910359157
29,seed29_ridge_moderate,joint,full_path_defined_easy,ade,evaluated,4359,0.001532864067341749,0.019345953004492194,-1162.0788376911605,11.620788376911605,0.017813088937150445,0.11172287221839872
29,seed29_ridge_moderate,joint,full_path_defined_easy,fde,evaluated,4359,0.0024195038009013786,0.021894009230267835,-804.8966660896044,8.048966660896044,0.019474505429366455,0.11172287221839872
29,seed29_ridge_moderate,joint,full_path_defined_hard,ade,evaluated,16040,3.4564539436101334,3.4542015865894706,0.06516380826733167,-0.0006516380826733167,-0.002252357020662732,0.20635910224438903
29,seed29_ridge_moderate,joint,full_path_defined_hard,fde,evaluated,16040,6.4185937859578654,6.412453695972243,0.09566098417157368,-0.0009566098417157368,-0.006140089985622765,0.20635910224438903
29,seed29_ridge_moderate,joint_exact_count,all,ade,evaluated,33686,1.693476048391338,1.696422406571666,-0.17398286696329443,0.0017398286696329443,0.002946358180327957,0.17217835302499554
29,seed29_ridge_moderate,joint_exact_count,all,fde,evaluated,33690,3.1558455469375857,3.1568505113274914,-0.03184453658959728,0.0003184453658959728,0.001004964389905716,0.172157910359157
29,seed29_ridge_moderate,joint_exact_count,full_path_defined_easy,ade,evaluated,4359,0.001532864067341749,0.019345953004492194,-1162.0788376911605,11.620788376911605,0.017813088937150445,0.11172287221839872
29,seed29_ridge_moderate,joint_exact_count,full_path_defined_easy,fde,evaluated,4359,0.0024195038009013786,0.021894009230267835,-804.8966660896044,8.048966660896044,0.019474505429366455,0.11172287221839872
29,seed29_ridge_moderate,joint_exact_count,full_path_defined_hard,ade,evaluated,16040,3.4564539436101334,3.4542015865894706,0.06516380826733167,-0.0006516380826733167,-0.002252357020662732,0.20635910224438903
29,seed29_ridge_moderate,joint_exact_count,full_path_defined_hard,fde,evaluated,16040,6.4185937859578654,6.412453695972243,0.09566098417157368,-0.0009566098417157368,-0.006140089985622765,0.20635910224438903
29,seed29_ridge_moderate,scene_uniform,all,ade,evaluated,33686,1.693476048391338,1.693476048391338,0.0,-0.0,0.0,0.0
29,seed29_ridge_moderate,scene_uniform,all,fde,evaluated,33690,3.1558455469375857,3.1558455469375857,0.0,-0.0,0.0,0.0
29,seed29_ridge_moderate,scene_uniform,full_path_defined_easy,ade,evaluated,4359,0.001532864067341749,0.001532864067341749,0.0,-0.0,0.0,0.0
29,seed29_ridge_moderate,scene_uniform,full_path_defined_easy,fde,evaluated,4359,0.0024195038009013786,0.0024195038009013786,0.0,-0.0,0.0,0.0
29,seed29_ridge_moderate,scene_uniform,full_path_defined_hard,ade,evaluated,16040,3.4564539436101334,3.4564539436101334,0.0,-0.0,0.0,0.0
29,seed29_ridge_moderate,scene_uniform,full_path_defined_hard,fde,evaluated,16040,6.4185937859578654,6.4185937859578654,0.0,-0.0,0.0,0.0
29,seed29_ridge_moderate,uncontrolled,all,ade,evaluated,33686,1.693476048391338,2.0709281800467667,-22.28860172034774,0.2228860172034774,0.3774521316554287,1.0
29,seed29_ridge_moderate,uncontrolled,all,fde,evaluated,33690,3.1558455469375857,3.5346595942342858,-12.003567400955317,0.12003567400955317,0.3788140472967001,1.0
29,seed29_ridge_moderate,uncontrolled,full_path_defined_easy,ade,evaluated,4359,0.001532864067341749,2.2620891721399903,-147472.71830781733,1474.7271830781733,2.2605563080726485,1.0
29,seed29_ridge_moderate,uncontrolled,full_path_defined_easy,fde,evaluated,4359,0.0024195038009013786,2.440024913098127,-100748.15374909119,1007.4815374909118,2.437605409297226,1.0
29,seed29_ridge_moderate,uncontrolled,full_path_defined_hard,ade,evaluated,16040,3.4564539436101334,3.5879025347042153,-3.8029898051176954,0.03802989805117695,0.1314485910940819,1.0
29,seed29_ridge_moderate,uncontrolled,full_path_defined_hard,fde,evaluated,16040,6.4185937859578654,6.506032058698524,-1.3622652508708264,0.013622652508708264,0.08743827274065819,1.0
29,seed29_neural_cost_conservative,floor,all,ade,evaluated,33686,1.693476048391338,1.693476048391338,0.0,-0.0,0.0,0.0
29,seed29_neural_cost_conservative,floor,all,fde,evaluated,33690,3.1558455469375857,3.1558455469375857,0.0,-0.0,0.0,0.0
29,seed29_neural_cost_conservative,floor,full_path_defined_easy,ade,evaluated,4359,0.001532864067341749,0.001532864067341749,0.0,-0.0,0.0,0.0
29,seed29_neural_cost_conservative,floor,full_path_defined_easy,fde,evaluated,4359,0.0024195038009013786,0.0024195038009013786,0.0,-0.0,0.0,0.0
29,seed29_neural_cost_conservative,floor,full_path_defined_hard,ade,evaluated,16040,3.4564539436101334,3.4564539436101334,0.0,-0.0,0.0,0.0
29,seed29_neural_cost_conservative,floor,full_path_defined_hard,fde,evaluated,16040,6.4185937859578654,6.4185937859578654,0.0,-0.0,0.0,0.0
29,seed29_neural_cost_conservative,independent,all,ade,evaluated,33686,1.693476048391338,1.6938092467781556,-0.019675411833197633,0.00019675411833197632,0.000333198386817557,0.013625838627322924
29,seed29_neural_cost_conservative,independent,all,fde,evaluated,33690,3.1558455469375857,3.1561344138517993,-0.009153392012289931,9.15339201228993e-05,0.00028886691421359245,0.013624220837043633
29,seed29_neural_cost_conservative,independent,full_path_defined_easy,ade,evaluated,4359,0.001532864067341749,0.0019660952231031793,-28.262855460675514,0.2826285546067551,0.0004332311557614303,0.006882312456985547
29,seed29_neural_cost_conservative,independent,full_path_defined_easy,fde,evaluated,4359,0.0024195038009013786,0.003190220303669337,-31.854320810772464,0.31854320810772463,0.0007707165027679586,0.006882312456985547
29,seed29_neural_cost_conservative,independent,full_path_defined_hard,ade,evaluated,16040,3.4564539436101334,3.4565144814922584,-0.0017514447787428588,1.751444778742859e-05,6.053788212501132e-05,0.01614713216957606
29,seed29_neural_cost_conservative,independent,full_path_defined_hard,fde,evaluated,16040,6.4185937859578654,6.4184357935580305,0.002461479961242959,-2.461479961242959e-05,-0.00015799239983493862,0.01614713216957606
29,seed29_neural_cost_conservative,independent_count_reference,all,ade,evaluated,33686,1.693476048391338,1.6938092467781556,-0.019675411833197633,0.00019675411833197632,0.000333198386817557,0.013625838627322924
29,seed29_neural_cost_conservative,independent_count_reference,all,fde,evaluated,33690,3.1558455469375857,3.1561344138517993,-0.009153392012289931,9.15339201228993e-05,0.00028886691421359245,0.013624220837043633
29,seed29_neural_cost_conservative,independent_count_reference,full_path_defined_easy,ade,evaluated,4359,0.001532864067341749,0.0019660952231031793,-28.262855460675514,0.2826285546067551,0.0004332311557614303,0.006882312456985547
29,seed29_neural_cost_conservative,independent_count_reference,full_path_defined_easy,fde,evaluated,4359,0.0024195038009013786,0.003190220303669337,-31.854320810772464,0.31854320810772463,0.0007707165027679586,0.006882312456985547
29,seed29_neural_cost_conservative,independent_count_reference,full_path_defined_hard,ade,evaluated,16040,3.4564539436101334,3.4565144814922584,-0.0017514447787428588,1.751444778742859e-05,6.053788212501132e-05,0.01614713216957606
29,seed29_neural_cost_conservative,independent_count_reference,full_path_defined_hard,fde,evaluated,16040,6.4185937859578654,6.4184357935580305,0.002461479961242959,-2.461479961242959e-05,-0.00015799239983493862,0.01614713216957606
29,seed29_neural_cost_conservative,joint,all,ade,evaluated,33686,1.693476048391338,1.6938092467781556,-0.019675411833197633,0.00019675411833197632,0.000333198386817557,0.013625838627322924
29,seed29_neural_cost_conservative,joint,all,fde,evaluated,33690,3.1558455469375857,3.1561344138517993,-0.009153392012289931,9.15339201228993e-05,0.00028886691421359245,0.013624220837043633
29,seed29_neural_cost_conservative,joint,full_path_defined_easy,ade,evaluated,4359,0.001532864067341749,0.0019660952231031793,-28.262855460675514,0.2826285546067551,0.0004332311557614303,0.006882312456985547
29,seed29_neural_cost_conservative,joint,full_path_defined_easy,fde,evaluated,4359,0.0024195038009013786,0.003190220303669337,-31.854320810772464,0.31854320810772463,0.0007707165027679586,0.006882312456985547
29,seed29_neural_cost_conservative,joint,full_path_defined_hard,ade,evaluated,16040,3.4564539436101334,3.4565144814922584,-0.0017514447787428588,1.751444778742859e-05,6.053788212501132e-05,0.01614713216957606
29,seed29_neural_cost_conservative,joint,full_path_defined_hard,fde,evaluated,16040,6.4185937859578654,6.4184357935580305,0.002461479961242959,-2.461479961242959e-05,-0.00015799239983493862,0.01614713216957606
29,seed29_neural_cost_conservative,joint_exact_count,all,ade,evaluated,33686,1.693476048391338,1.6938092467781556,-0.019675411833197633,0.00019675411833197632,0.000333198386817557,0.013625838627322924
29,seed29_neural_cost_conservative,joint_exact_count,all,fde,evaluated,33690,3.1558455469375857,3.1561344138517993,-0.009153392012289931,9.15339201228993e-05,0.00028886691421359245,0.013624220837043633
29,seed29_neural_cost_conservative,joint_exact_count,full_path_defined_easy,ade,evaluated,4359,0.001532864067341749,0.0019660952231031793,-28.262855460675514,0.2826285546067551,0.0004332311557614303,0.006882312456985547
29,seed29_neural_cost_conservative,joint_exact_count,full_path_defined_easy,fde,evaluated,4359,0.0024195038009013786,0.003190220303669337,-31.854320810772464,0.31854320810772463,0.0007707165027679586,0.006882312456985547
29,seed29_neural_cost_conservative,joint_exact_count,full_path_defined_hard,ade,evaluated,16040,3.4564539436101334,3.4565144814922584,-0.0017514447787428588,1.751444778742859e-05,6.053788212501132e-05,0.01614713216957606
29,seed29_neural_cost_conservative,joint_exact_count,full_path_defined_hard,fde,evaluated,16040,6.4185937859578654,6.4184357935580305,0.002461479961242959,-2.461479961242959e-05,-0.00015799239983493862,0.01614713216957606
29,seed29_neural_cost_conservative,scene_uniform,all,ade,evaluated,33686,1.693476048391338,1.693476048391338,0.0,-0.0,0.0,0.0
29,seed29_neural_cost_conservative,scene_uniform,all,fde,evaluated,33690,3.1558455469375857,3.1558455469375857,0.0,-0.0,0.0,0.0
29,seed29_neural_cost_conservative,scene_uniform,full_path_defined_easy,ade,evaluated,4359,0.001532864067341749,0.001532864067341749,0.0,-0.0,0.0,0.0
29,seed29_neural_cost_conservative,scene_uniform,full_path_defined_easy,fde,evaluated,4359,0.0024195038009013786,0.0024195038009013786,0.0,-0.0,0.0,0.0
29,seed29_neural_cost_conservative,scene_uniform,full_path_defined_hard,ade,evaluated,16040,3.4564539436101334,3.4564539436101334,0.0,-0.0,0.0,0.0
29,seed29_neural_cost_conservative,scene_uniform,full_path_defined_hard,fde,evaluated,16040,6.4185937859578654,6.4185937859578654,0.0,-0.0,0.0,0.0
29,seed29_neural_cost_conservative,uncontrolled,all,ade,evaluated,33686,1.693476048391338,2.0709281800467667,-22.28860172034774,0.2228860172034774,0.3774521316554287,1.0
29,seed29_neural_cost_conservative,uncontrolled,all,fde,evaluated,33690,3.1558455469375857,3.5346595942342858,-12.003567400955317,0.12003567400955317,0.3788140472967001,1.0
29,seed29_neural_cost_conservative,uncontrolled,full_path_defined_easy,ade,evaluated,4359,0.001532864067341749,2.2620891721399903,-147472.71830781733,1474.7271830781733,2.2605563080726485,1.0
29,seed29_neural_cost_conservative,uncontrolled,full_path_defined_easy,fde,evaluated,4359,0.0024195038009013786,2.440024913098127,-100748.15374909119,1007.4815374909118,2.437605409297226,1.0
29,seed29_neural_cost_conservative,uncontrolled,full_path_defined_hard,ade,evaluated,16040,3.4564539436101334,3.5879025347042153,-3.8029898051176954,0.03802989805117695,0.1314485910940819,1.0
29,seed29_neural_cost_conservative,uncontrolled,full_path_defined_hard,fde,evaluated,16040,6.4185937859578654,6.506032058698524,-1.3622652508708264,0.013622652508708264,0.08743827274065819,1.0
29,seed29_neural_cost_moderate,floor,all,ade,evaluated,33686,1.693476048391338,1.693476048391338,0.0,-0.0,0.0,0.0
29,seed29_neural_cost_moderate,floor,all,fde,evaluated,33690,3.1558455469375857,3.1558455469375857,0.0,-0.0,0.0,0.0
29,seed29_neural_cost_moderate,floor,full_path_defined_easy,ade,evaluated,4359,0.001532864067341749,0.001532864067341749,0.0,-0.0,0.0,0.0
29,seed29_neural_cost_moderate,floor,full_path_defined_easy,fde,evaluated,4359,0.0024195038009013786,0.0024195038009013786,0.0,-0.0,0.0,0.0
29,seed29_neural_cost_moderate,floor,full_path_defined_hard,ade,evaluated,16040,3.4564539436101334,3.4564539436101334,0.0,-0.0,0.0,0.0
29,seed29_neural_cost_moderate,floor,full_path_defined_hard,fde,evaluated,16040,6.4185937859578654,6.4185937859578654,0.0,-0.0,0.0,0.0
29,seed29_neural_cost_moderate,independent,all,ade,evaluated,33686,1.693476048391338,1.6940413944088881,-0.03338376223786138,0.0003338376223786138,0.0005653460175500946,0.02802351125096479
29,seed29_neural_cost_moderate,independent,all,fde,evaluated,33690,3.1558455469375857,3.156227556433211,-0.012104822303359533,0.00012104822303359533,0.0003820094956252795,0.028020184030869696
29,seed29_neural_cost_moderate,independent,full_path_defined_easy,ade,evaluated,4359,0.001532864067341749,0.00254686395281098,-66.15067226591606,0.6615067226591606,0.0010139998854692312,0.01881165404909383
29,seed29_neural_cost_moderate,independent,full_path_defined_easy,fde,evaluated,4359,0.0024195038009013786,0.004161735896745612,-72.00782636485923,0.7200782636485923,0.0017422320958442338,0.01881165404909383
29,seed29_neural_cost_moderate,independent,full_path_defined_hard,ade,evaluated,16040,3.4564539436101334,3.4563191811151537,0.003898865634498361,-3.898865634498361e-05,-0.00013476249497967885,0.032231920199501246
29,seed29_neural_cost_moderate,independent,full_path_defined_hard,fde,evaluated,16040,6.4185937859578654,6.417871175899479,0.01125807431477374,-0.0001125807431477374,-0.0007226100583865858,0.032231920199501246
29,seed29_neural_cost_moderate,independent_count_reference,all,ade,evaluated,33686,1.693476048391338,1.6940413944088881,-0.03338376223786138,0.0003338376223786138,0.0005653460175500946,0.02802351125096479
29,seed29_neural_cost_moderate,independent_count_reference,all,fde,evaluated,33690,3.1558455469375857,3.156227556433211,-0.012104822303359533,0.00012104822303359533,0.0003820094956252795,0.028020184030869696
29,seed29_neural_cost_moderate,independent_count_reference,full_path_defined_easy,ade,evaluated,4359,0.001532864067341749,0.00254686395281098,-66.15067226591606,0.6615067226591606,0.0010139998854692312,0.01881165404909383
29,seed29_neural_cost_moderate,independent_count_reference,full_path_defined_easy,fde,evaluated,4359,0.0024195038009013786,0.004161735896745612,-72.00782636485923,0.7200782636485923,0.0017422320958442338,0.01881165404909383
29,seed29_neural_cost_moderate,independent_count_reference,full_path_defined_hard,ade,evaluated,16040,3.4564539436101334,3.4563191811151537,0.003898865634498361,-3.898865634498361e-05,-0.00013476249497967885,0.032231920199501246
29,seed29_neural_cost_moderate,independent_count_reference,full_path_defined_hard,fde,evaluated,16040,6.4185937859578654,6.417871175899479,0.01125807431477374,-0.0001125807431477374,-0.0007226100583865858,0.032231920199501246
29,seed29_neural_cost_moderate,joint,all,ade,evaluated,33686,1.693476048391338,1.6940413944088881,-0.03338376223786138,0.0003338376223786138,0.0005653460175500946,0.02802351125096479
29,seed29_neural_cost_moderate,joint,all,fde,evaluated,33690,3.1558455469375857,3.156227556433211,-0.012104822303359533,0.00012104822303359533,0.0003820094956252795,0.028020184030869696
29,seed29_neural_cost_moderate,joint,full_path_defined_easy,ade,evaluated,4359,0.001532864067341749,0.00254686395281098,-66.15067226591606,0.6615067226591606,0.0010139998854692312,0.01881165404909383
29,seed29_neural_cost_moderate,joint,full_path_defined_easy,fde,evaluated,4359,0.0024195038009013786,0.004161735896745612,-72.00782636485923,0.7200782636485923,0.0017422320958442338,0.01881165404909383
29,seed29_neural_cost_moderate,joint,full_path_defined_hard,ade,evaluated,16040,3.4564539436101334,3.4563191811151537,0.003898865634498361,-3.898865634498361e-05,-0.00013476249497967885,0.032231920199501246
29,seed29_neural_cost_moderate,joint,full_path_defined_hard,fde,evaluated,16040,6.4185937859578654,6.417871175899479,0.01125807431477374,-0.0001125807431477374,-0.0007226100583865858,0.032231920199501246
29,seed29_neural_cost_moderate,joint_exact_count,all,ade,evaluated,33686,1.693476048391338,1.6940413944088881,-0.03338376223786138,0.0003338376223786138,0.0005653460175500946,0.02802351125096479
29,seed29_neural_cost_moderate,joint_exact_count,all,fde,evaluated,33690,3.1558455469375857,3.156227556433211,-0.012104822303359533,0.00012104822303359533,0.0003820094956252795,0.028020184030869696
29,seed29_neural_cost_moderate,joint_exact_count,full_path_defined_easy,ade,evaluated,4359,0.001532864067341749,0.00254686395281098,-66.15067226591606,0.6615067226591606,0.0010139998854692312,0.01881165404909383
29,seed29_neural_cost_moderate,joint_exact_count,full_path_defined_easy,fde,evaluated,4359,0.0024195038009013786,0.004161735896745612,-72.00782636485923,0.7200782636485923,0.0017422320958442338,0.01881165404909383
29,seed29_neural_cost_moderate,joint_exact_count,full_path_defined_hard,ade,evaluated,16040,3.4564539436101334,3.4563191811151537,0.003898865634498361,-3.898865634498361e-05,-0.00013476249497967885,0.032231920199501246
29,seed29_neural_cost_moderate,joint_exact_count,full_path_defined_hard,fde,evaluated,16040,6.4185937859578654,6.417871175899479,0.01125807431477374,-0.0001125807431477374,-0.0007226100583865858,0.032231920199501246
29,seed29_neural_cost_moderate,scene_uniform,all,ade,evaluated,33686,1.693476048391338,1.693476048391338,0.0,-0.0,0.0,0.0
29,seed29_neural_cost_moderate,scene_uniform,all,fde,evaluated,33690,3.1558455469375857,3.1558455469375857,0.0,-0.0,0.0,0.0
29,seed29_neural_cost_moderate,scene_uniform,full_path_defined_easy,ade,evaluated,4359,0.001532864067341749,0.001532864067341749,0.0,-0.0,0.0,0.0
29,seed29_neural_cost_moderate,scene_uniform,full_path_defined_easy,fde,evaluated,4359,0.0024195038009013786,0.0024195038009013786,0.0,-0.0,0.0,0.0
29,seed29_neural_cost_moderate,scene_uniform,full_path_defined_hard,ade,evaluated,16040,3.4564539436101334,3.4564539436101334,0.0,-0.0,0.0,0.0
29,seed29_neural_cost_moderate,scene_uniform,full_path_defined_hard,fde,evaluated,16040,6.4185937859578654,6.4185937859578654,0.0,-0.0,0.0,0.0
29,seed29_neural_cost_moderate,uncontrolled,all,ade,evaluated,33686,1.693476048391338,2.0709281800467667,-22.28860172034774,0.2228860172034774,0.3774521316554287,1.0
29,seed29_neural_cost_moderate,uncontrolled,all,fde,evaluated,33690,3.1558455469375857,3.5346595942342858,-12.003567400955317,0.12003567400955317,0.3788140472967001,1.0
29,seed29_neural_cost_moderate,uncontrolled,full_path_defined_easy,ade,evaluated,4359,0.001532864067341749,2.2620891721399903,-147472.71830781733,1474.7271830781733,2.2605563080726485,1.0
29,seed29_neural_cost_moderate,uncontrolled,full_path_defined_easy,fde,evaluated,4359,0.0024195038009013786,2.440024913098127,-100748.15374909119,1007.4815374909118,2.437605409297226,1.0
29,seed29_neural_cost_moderate,uncontrolled,full_path_defined_hard,ade,evaluated,16040,3.4564539436101334,3.5879025347042153,-3.8029898051176954,0.03802989805117695,0.1314485910940819,1.0
29,seed29_neural_cost_moderate,uncontrolled,full_path_defined_hard,fde,evaluated,16040,6.4185937859578654,6.506032058698524,-1.3622652508708264,0.013622652508708264,0.08743827274065819,1.0
43,seed43_ridge_conservative,floor,all,ade,evaluated,33686,1.693476048391338,1.693476048391338,0.0,-0.0,0.0,0.0
43,seed43_ridge_conservative,floor,all,fde,evaluated,33690,3.1558455469375857,3.1558455469375857,0.0,-0.0,0.0,0.0
43,seed43_ridge_conservative,floor,full_path_defined_easy,ade,evaluated,4359,0.001532864067341749,0.001532864067341749,0.0,-0.0,0.0,0.0
43,seed43_ridge_conservative,floor,full_path_defined_easy,fde,evaluated,4359,0.0024195038009013786,0.0024195038009013786,0.0,-0.0,0.0,0.0
43,seed43_ridge_conservative,floor,full_path_defined_hard,ade,evaluated,16040,3.4564539436101334,3.4564539436101334,0.0,-0.0,0.0,0.0
43,seed43_ridge_conservative,floor,full_path_defined_hard,fde,evaluated,16040,6.4185937859578654,6.4185937859578654,0.0,-0.0,0.0,0.0
43,seed43_ridge_conservative,independent,all,ade,evaluated,33686,1.693476048391338,1.701308250843163,-0.4624926617217211,0.004624926617217211,0.007832202451824921,0.025203348572107105
43,seed43_ridge_conservative,independent,all,fde,evaluated,33690,3.1558455469375857,3.1651119174889226,-0.29362560408981286,0.0029362560408981286,0.009266370551336944,0.025200356188780054
43,seed43_ridge_conservative,independent,full_path_defined_easy,ade,evaluated,4359,0.001532864067341749,0.040147597323376236,-2519.1231289672737,25.191231289672736,0.038614733256034484,0.059417297545308556
43,seed43_ridge_conservative,independent,full_path_defined_easy,fde,evaluated,4359,0.0024195038009013786,0.049968494733019016,-1965.2372901585609,19.652372901585608,0.04754899093211764,0.059417297545308556
43,seed43_ridge_conservative,independent,full_path_defined_hard,ade,evaluated,16040,3.4564539436101334,3.460970217317919,-0.1306620536962352,0.001306620536962352,0.004516273707785512,0.026059850374064837
43,seed43_ridge_conservative,independent,full_path_defined_hard,fde,evaluated,16040,6.4185937859578654,6.423377867982914,-0.07453473742979565,0.0007453473742979565,0.004784082025048875,0.026059850374064837
43,seed43_ridge_conservative,independent_count_reference,all,ade,evaluated,33686,1.693476048391338,1.701308250843163,-0.4624926617217211,0.004624926617217211,0.007832202451824921,0.025203348572107105
43,seed43_ridge_conservative,independent_count_reference,all,fde,evaluated,33690,3.1558455469375857,3.1651119174889226,-0.29362560408981286,0.0029362560408981286,0.009266370551336944,0.025200356188780054
43,seed43_ridge_conservative,independent_count_reference,full_path_defined_easy,ade,evaluated,4359,0.001532864067341749,0.040147597323376236,-2519.1231289672737,25.191231289672736,0.038614733256034484,0.059417297545308556
43,seed43_ridge_conservative,independent_count_reference,full_path_defined_easy,fde,evaluated,4359,0.0024195038009013786,0.049968494733019016,-1965.2372901585609,19.652372901585608,0.04754899093211764,0.059417297545308556
43,seed43_ridge_conservative,independent_count_reference,full_path_defined_hard,ade,evaluated,16040,3.4564539436101334,3.460970217317919,-0.1306620536962352,0.001306620536962352,0.004516273707785512,0.026059850374064837
43,seed43_ridge_conservative,independent_count_reference,full_path_defined_hard,fde,evaluated,16040,6.4185937859578654,6.423377867982914,-0.07453473742979565,0.0007453473742979565,0.004784082025048875,0.026059850374064837
43,seed43_ridge_conservative,joint,all,ade,evaluated,33686,1.693476048391338,1.701308250843163,-0.4624926617217211,0.004624926617217211,0.007832202451824921,0.025203348572107105
43,seed43_ridge_conservative,joint,all,fde,evaluated,33690,3.1558455469375857,3.1651119174889226,-0.29362560408981286,0.0029362560408981286,0.009266370551336944,0.025200356188780054
43,seed43_ridge_conservative,joint,full_path_defined_easy,ade,evaluated,4359,0.001532864067341749,0.040147597323376236,-2519.1231289672737,25.191231289672736,0.038614733256034484,0.059417297545308556
43,seed43_ridge_conservative,joint,full_path_defined_easy,fde,evaluated,4359,0.0024195038009013786,0.049968494733019016,-1965.2372901585609,19.652372901585608,0.04754899093211764,0.059417297545308556
43,seed43_ridge_conservative,joint,full_path_defined_hard,ade,evaluated,16040,3.4564539436101334,3.460970217317919,-0.1306620536962352,0.001306620536962352,0.004516273707785512,0.026059850374064837
43,seed43_ridge_conservative,joint,full_path_defined_hard,fde,evaluated,16040,6.4185937859578654,6.423377867982914,-0.07453473742979565,0.0007453473742979565,0.004784082025048875,0.026059850374064837
43,seed43_ridge_conservative,joint_exact_count,all,ade,evaluated,33686,1.693476048391338,1.701308250843163,-0.4624926617217211,0.004624926617217211,0.007832202451824921,0.025203348572107105
43,seed43_ridge_conservative,joint_exact_count,all,fde,evaluated,33690,3.1558455469375857,3.1651119174889226,-0.29362560408981286,0.0029362560408981286,0.009266370551336944,0.025200356188780054
43,seed43_ridge_conservative,joint_exact_count,full_path_defined_easy,ade,evaluated,4359,0.001532864067341749,0.040147597323376236,-2519.1231289672737,25.191231289672736,0.038614733256034484,0.059417297545308556
43,seed43_ridge_conservative,joint_exact_count,full_path_defined_easy,fde,evaluated,4359,0.0024195038009013786,0.049968494733019016,-1965.2372901585609,19.652372901585608,0.04754899093211764,0.059417297545308556
43,seed43_ridge_conservative,joint_exact_count,full_path_defined_hard,ade,evaluated,16040,3.4564539436101334,3.460970217317919,-0.1306620536962352,0.001306620536962352,0.004516273707785512,0.026059850374064837
43,seed43_ridge_conservative,joint_exact_count,full_path_defined_hard,fde,evaluated,16040,6.4185937859578654,6.423377867982914,-0.07453473742979565,0.0007453473742979565,0.004784082025048875,0.026059850374064837
43,seed43_ridge_conservative,scene_uniform,all,ade,evaluated,33686,1.693476048391338,1.693476048391338,0.0,-0.0,0.0,0.0
43,seed43_ridge_conservative,scene_uniform,all,fde,evaluated,33690,3.1558455469375857,3.1558455469375857,0.0,-0.0,0.0,0.0
43,seed43_ridge_conservative,scene_uniform,full_path_defined_easy,ade,evaluated,4359,0.001532864067341749,0.001532864067341749,0.0,-0.0,0.0,0.0
43,seed43_ridge_conservative,scene_uniform,full_path_defined_easy,fde,evaluated,4359,0.0024195038009013786,0.0024195038009013786,0.0,-0.0,0.0,0.0
43,seed43_ridge_conservative,scene_uniform,full_path_defined_hard,ade,evaluated,16040,3.4564539436101334,3.4564539436101334,0.0,-0.0,0.0,0.0
43,seed43_ridge_conservative,scene_uniform,full_path_defined_hard,fde,evaluated,16040,6.4185937859578654,6.4185937859578654,0.0,-0.0,0.0,0.0
43,seed43_ridge_conservative,uncontrolled,all,ade,evaluated,33686,1.693476048391338,1.9515221492099528,-15.237658723531236,0.15237658723531236,0.2580461008186148,1.0
43,seed43_ridge_conservative,uncontrolled,all,fde,evaluated,33690,3.1558455469375857,3.4555258559948117,-9.496038529136321,0.0949603852913632,0.299680309057226,1.0
43,seed43_ridge_conservative,uncontrolled,full_path_defined_easy,ade,evaluated,4359,0.001532864067341749,1.5056684015558432,-98125.82664925614,981.2582664925613,1.5041355374885015,1.0
43,seed43_ridge_conservative,uncontrolled,full_path_defined_easy,fde,evaluated,4359,0.0024195038009013786,1.8794678403239242,-77579.88790196297,775.7988790196297,1.8770483365230228,1.0
43,seed43_ridge_conservative,uncontrolled,full_path_defined_hard,ade,evaluated,16040,3.4564539436101334,3.5522822431660215,-2.772445434519493,0.02772445434519493,0.09582829955588812,1.0
43,seed43_ridge_conservative,uncontrolled,full_path_defined_hard,fde,evaluated,16040,6.4185937859578654,6.502800822034025,-1.3119234350112954,0.013119234350112953,0.08420703607615998,1.0
43,seed43_ridge_moderate,floor,all,ade,evaluated,33686,1.693476048391338,1.693476048391338,0.0,-0.0,0.0,0.0
43,seed43_ridge_moderate,floor,all,fde,evaluated,33690,3.1558455469375857,3.1558455469375857,0.0,-0.0,0.0,0.0
43,seed43_ridge_moderate,floor,full_path_defined_easy,ade,evaluated,4359,0.001532864067341749,0.001532864067341749,0.0,-0.0,0.0,0.0
43,seed43_ridge_moderate,floor,full_path_defined_easy,fde,evaluated,4359,0.0024195038009013786,0.0024195038009013786,0.0,-0.0,0.0,0.0
43,seed43_ridge_moderate,floor,full_path_defined_hard,ade,evaluated,16040,3.4564539436101334,3.4564539436101334,0.0,-0.0,0.0,0.0
43,seed43_ridge_moderate,floor,full_path_defined_hard,fde,evaluated,16040,6.4185937859578654,6.4185937859578654,0.0,-0.0,0.0,0.0
43,seed43_ridge_moderate,independent,all,ade,evaluated,33686,1.693476048391338,1.701644038946183,-0.4823209966626919,0.004823209966626919,0.008167990554845073,0.03437629875912842
43,seed43_ridge_moderate,independent,all,fde,evaluated,33690,3.1558455469375857,3.1654073701142886,-0.302987679038402,0.0030298767903840203,0.009561823176702955,0.03437221727515583
43,seed43_ridge_moderate,independent,full_path_defined_easy,ade,evaluated,4359,0.001532864067341749,0.04168016782553893,-2619.1039775509603,26.1910397755096,0.04014730375819718,0.0800642349162652
43,seed43_ridge_moderate,independent,full_path_defined_easy,fde,evaluated,4359,0.0024195038009013786,0.05198297485625187,-2048.4973421775894,20.484973421775894,0.04956347105535049,0.0800642349162652
43,seed43_ridge_moderate,independent,full_path_defined_hard,ade,evaluated,16040,3.4564539436101334,3.461192794332317,-0.1371015150062711,0.0013710151500627111,0.004738850722183496,0.034912718204488775
43,seed43_ridge_moderate,independent,full_path_defined_hard,fde,evaluated,16040,6.4185937859578654,6.423411379050216,-0.07505683102878383,0.0007505683102878382,0.004817593092350414,0.034912718204488775
43,seed43_ridge_moderate,independent_count_reference,all,ade,evaluated,33686,1.693476048391338,1.701644038946183,-0.4823209966626919,0.004823209966626919,0.008167990554845073,0.03437629875912842
43,seed43_ridge_moderate,independent_count_reference,all,fde,evaluated,33690,3.1558455469375857,3.1654073701142886,-0.302987679038402,0.0030298767903840203,0.009561823176702955,0.03437221727515583
43,seed43_ridge_moderate,independent_count_reference,full_path_defined_easy,ade,evaluated,4359,0.001532864067341749,0.04168016782553893,-2619.1039775509603,26.1910397755096,0.04014730375819718,0.0800642349162652
43,seed43_ridge_moderate,independent_count_reference,full_path_defined_easy,fde,evaluated,4359,0.0024195038009013786,0.05198297485625187,-2048.4973421775894,20.484973421775894,0.04956347105535049,0.0800642349162652
43,seed43_ridge_moderate,independent_count_reference,full_path_defined_hard,ade,evaluated,16040,3.4564539436101334,3.461192794332317,-0.1371015150062711,0.0013710151500627111,0.004738850722183496,0.034912718204488775
43,seed43_ridge_moderate,independent_count_reference,full_path_defined_hard,fde,evaluated,16040,6.4185937859578654,6.423411379050216,-0.07505683102878383,0.0007505683102878382,0.004817593092350414,0.034912718204488775
43,seed43_ridge_moderate,joint,all,ade,evaluated,33686,1.693476048391338,1.701644038946183,-0.4823209966626919,0.004823209966626919,0.008167990554845073,0.03437629875912842
43,seed43_ridge_moderate,joint,all,fde,evaluated,33690,3.1558455469375857,3.1654073701142886,-0.302987679038402,0.0030298767903840203,0.009561823176702955,0.03437221727515583
43,seed43_ridge_moderate,joint,full_path_defined_easy,ade,evaluated,4359,0.001532864067341749,0.04168016782553893,-2619.1039775509603,26.1910397755096,0.04014730375819718,0.0800642349162652
43,seed43_ridge_moderate,joint,full_path_defined_easy,fde,evaluated,4359,0.0024195038009013786,0.05198297485625187,-2048.4973421775894,20.484973421775894,0.04956347105535049,0.0800642349162652
43,seed43_ridge_moderate,joint,full_path_defined_hard,ade,evaluated,16040,3.4564539436101334,3.461192794332317,-0.1371015150062711,0.0013710151500627111,0.004738850722183496,0.034912718204488775
43,seed43_ridge_moderate,joint,full_path_defined_hard,fde,evaluated,16040,6.4185937859578654,6.423411379050216,-0.07505683102878383,0.0007505683102878382,0.004817593092350414,0.034912718204488775
43,seed43_ridge_moderate,joint_exact_count,all,ade,evaluated,33686,1.693476048391338,1.701644038946183,-0.4823209966626919,0.004823209966626919,0.008167990554845073,0.03437629875912842
43,seed43_ridge_moderate,joint_exact_count,all,fde,evaluated,33690,3.1558455469375857,3.1654073701142886,-0.302987679038402,0.0030298767903840203,0.009561823176702955,0.03437221727515583
43,seed43_ridge_moderate,joint_exact_count,full_path_defined_easy,ade,evaluated,4359,0.001532864067341749,0.04168016782553893,-2619.1039775509603,26.1910397755096,0.04014730375819718,0.0800642349162652
43,seed43_ridge_moderate,joint_exact_count,full_path_defined_easy,fde,evaluated,4359,0.0024195038009013786,0.05198297485625187,-2048.4973421775894,20.484973421775894,0.04956347105535049,0.0800642349162652
43,seed43_ridge_moderate,joint_exact_count,full_path_defined_hard,ade,evaluated,16040,3.4564539436101334,3.461192794332317,-0.1371015150062711,0.0013710151500627111,0.004738850722183496,0.034912718204488775
43,seed43_ridge_moderate,joint_exact_count,full_path_defined_hard,fde,evaluated,16040,6.4185937859578654,6.423411379050216,-0.07505683102878383,0.0007505683102878382,0.004817593092350414,0.034912718204488775
43,seed43_ridge_moderate,scene_uniform,all,ade,evaluated,33686,1.693476048391338,1.693476048391338,0.0,-0.0,0.0,0.0
43,seed43_ridge_moderate,scene_uniform,all,fde,evaluated,33690,3.1558455469375857,3.1558455469375857,0.0,-0.0,0.0,0.0
43,seed43_ridge_moderate,scene_uniform,full_path_defined_easy,ade,evaluated,4359,0.001532864067341749,0.001532864067341749,0.0,-0.0,0.0,0.0
43,seed43_ridge_moderate,scene_uniform,full_path_defined_easy,fde,evaluated,4359,0.0024195038009013786,0.0024195038009013786,0.0,-0.0,0.0,0.0
43,seed43_ridge_moderate,scene_uniform,full_path_defined_hard,ade,evaluated,16040,3.4564539436101334,3.4564539436101334,0.0,-0.0,0.0,0.0
43,seed43_ridge_moderate,scene_uniform,full_path_defined_hard,fde,evaluated,16040,6.4185937859578654,6.4185937859578654,0.0,-0.0,0.0,0.0
43,seed43_ridge_moderate,uncontrolled,all,ade,evaluated,33686,1.693476048391338,1.9515221492099528,-15.237658723531236,0.15237658723531236,0.2580461008186148,1.0
43,seed43_ridge_moderate,uncontrolled,all,fde,evaluated,33690,3.1558455469375857,3.4555258559948117,-9.496038529136321,0.0949603852913632,0.299680309057226,1.0
43,seed43_ridge_moderate,uncontrolled,full_path_defined_easy,ade,evaluated,4359,0.001532864067341749,1.5056684015558432,-98125.82664925614,981.2582664925613,1.5041355374885015,1.0
43,seed43_ridge_moderate,uncontrolled,full_path_defined_easy,fde,evaluated,4359,0.0024195038009013786,1.8794678403239242,-77579.88790196297,775.7988790196297,1.8770483365230228,1.0
43,seed43_ridge_moderate,uncontrolled,full_path_defined_hard,ade,evaluated,16040,3.4564539436101334,3.5522822431660215,-2.772445434519493,0.02772445434519493,0.09582829955588812,1.0
43,seed43_ridge_moderate,uncontrolled,full_path_defined_hard,fde,evaluated,16040,6.4185937859578654,6.502800822034025,-1.3119234350112954,0.013119234350112953,0.08420703607615998,1.0
43,seed43_neural_cost_conservative,floor,all,ade,evaluated,33686,1.693476048391338,1.693476048391338,0.0,-0.0,0.0,0.0
43,seed43_neural_cost_conservative,floor,all,fde,evaluated,33690,3.1558455469375857,3.1558455469375857,0.0,-0.0,0.0,0.0
43,seed43_neural_cost_conservative,floor,full_path_defined_easy,ade,evaluated,4359,0.001532864067341749,0.001532864067341749,0.0,-0.0,0.0,0.0
43,seed43_neural_cost_conservative,floor,full_path_defined_easy,fde,evaluated,4359,0.0024195038009013786,0.0024195038009013786,0.0,-0.0,0.0,0.0
43,seed43_neural_cost_conservative,floor,full_path_defined_hard,ade,evaluated,16040,3.4564539436101334,3.4564539436101334,0.0,-0.0,0.0,0.0
43,seed43_neural_cost_conservative,floor,full_path_defined_hard,fde,evaluated,16040,6.4185937859578654,6.4185937859578654,0.0,-0.0,0.0,0.0
43,seed43_neural_cost_conservative,independent,all,ade,evaluated,33686,1.693476048391338,1.6935755612124634,-0.0058762461518096255,5.876246151809625e-05,9.951282112541371e-05,0.03556373567654218
43,seed43_neural_cost_conservative,independent,all,fde,evaluated,33690,3.1558455469375857,3.1556448962653096,0.006358063767434604,-6.358063767434604e-05,-0.00020065067227603706,0.03555951320866726
43,seed43_neural_cost_conservative,independent,full_path_defined_easy,ade,evaluated,4359,0.001532864067341749,0.004008393542438082,-161.49699949515605,1.6149699949515606,0.002475529475096333,0.06148199128240422
43,seed43_neural_cost_conservative,independent,full_path_defined_easy,fde,evaluated,4359,0.0024195038009013786,0.006196514115419534,-156.10681467460572,1.5610681467460572,0.003777010314518156,0.06148199128240422
43,seed43_neural_cost_conservative,independent,full_path_defined_hard,ade,evaluated,16040,3.4564539436101334,3.4555204045432077,0.027008578217899506,-0.00027008578217899506,-0.000933539066925615,0.04557356608478803
43,seed43_neural_cost_conservative,independent,full_path_defined_hard,fde,evaluated,16040,6.4185937859578654,6.416566648135684,0.031582273154846616,-0.00031582273154846617,-0.002027137822181224,0.04557356608478803
43,seed43_neural_cost_conservative,independent_count_reference,all,ade,evaluated,33686,1.693476048391338,1.6935755612124634,-0.0058762461518096255,5.876246151809625e-05,9.951282112541371e-05,0.03556373567654218
43,seed43_neural_cost_conservative,independent_count_reference,all,fde,evaluated,33690,3.1558455469375857,3.1556448962653096,0.006358063767434604,-6.358063767434604e-05,-0.00020065067227603706,0.03555951320866726
43,seed43_neural_cost_conservative,independent_count_reference,full_path_defined_easy,ade,evaluated,4359,0.001532864067341749,0.004008393542438082,-161.49699949515605,1.6149699949515606,0.002475529475096333,0.06148199128240422
43,seed43_neural_cost_conservative,independent_count_reference,full_path_defined_easy,fde,evaluated,4359,0.0024195038009013786,0.006196514115419534,-156.10681467460572,1.5610681467460572,0.003777010314518156,0.06148199128240422
43,seed43_neural_cost_conservative,independent_count_reference,full_path_defined_hard,ade,evaluated,16040,3.4564539436101334,3.4555204045432077,0.027008578217899506,-0.00027008578217899506,-0.000933539066925615,0.04557356608478803
43,seed43_neural_cost_conservative,independent_count_reference,full_path_defined_hard,fde,evaluated,16040,6.4185937859578654,6.416566648135684,0.031582273154846616,-0.00031582273154846617,-0.002027137822181224,0.04557356608478803
43,seed43_neural_cost_conservative,joint,all,ade,evaluated,33686,1.693476048391338,1.6935755612124634,-0.0058762461518096255,5.876246151809625e-05,9.951282112541371e-05,0.03556373567654218
43,seed43_neural_cost_conservative,joint,all,fde,evaluated,33690,3.1558455469375857,3.1556448962653096,0.006358063767434604,-6.358063767434604e-05,-0.00020065067227603706,0.03555951320866726
43,seed43_neural_cost_conservative,joint,full_path_defined_easy,ade,evaluated,4359,0.001532864067341749,0.004008393542438082,-161.49699949515605,1.6149699949515606,0.002475529475096333,0.06148199128240422
43,seed43_neural_cost_conservative,joint,full_path_defined_easy,fde,evaluated,4359,0.0024195038009013786,0.006196514115419534,-156.10681467460572,1.5610681467460572,0.003777010314518156,0.06148199128240422
43,seed43_neural_cost_conservative,joint,full_path_defined_hard,ade,evaluated,16040,3.4564539436101334,3.4555204045432077,0.027008578217899506,-0.00027008578217899506,-0.000933539066925615,0.04557356608478803
43,seed43_neural_cost_conservative,joint,full_path_defined_hard,fde,evaluated,16040,6.4185937859578654,6.416566648135684,0.031582273154846616,-0.00031582273154846617,-0.002027137822181224,0.04557356608478803
43,seed43_neural_cost_conservative,joint_exact_count,all,ade,evaluated,33686,1.693476048391338,1.6935755612124634,-0.0058762461518096255,5.876246151809625e-05,9.951282112541371e-05,0.03556373567654218
43,seed43_neural_cost_conservative,joint_exact_count,all,fde,evaluated,33690,3.1558455469375857,3.1556448962653096,0.006358063767434604,-6.358063767434604e-05,-0.00020065067227603706,0.03555951320866726
43,seed43_neural_cost_conservative,joint_exact_count,full_path_defined_easy,ade,evaluated,4359,0.001532864067341749,0.004008393542438082,-161.49699949515605,1.6149699949515606,0.002475529475096333,0.06148199128240422
43,seed43_neural_cost_conservative,joint_exact_count,full_path_defined_easy,fde,evaluated,4359,0.0024195038009013786,0.006196514115419534,-156.10681467460572,1.5610681467460572,0.003777010314518156,0.06148199128240422
43,seed43_neural_cost_conservative,joint_exact_count,full_path_defined_hard,ade,evaluated,16040,3.4564539436101334,3.4555204045432077,0.027008578217899506,-0.00027008578217899506,-0.000933539066925615,0.04557356608478803
43,seed43_neural_cost_conservative,joint_exact_count,full_path_defined_hard,fde,evaluated,16040,6.4185937859578654,6.416566648135684,0.031582273154846616,-0.00031582273154846617,-0.002027137822181224,0.04557356608478803
43,seed43_neural_cost_conservative,scene_uniform,all,ade,evaluated,33686,1.693476048391338,1.693476048391338,0.0,-0.0,0.0,0.0
43,seed43_neural_cost_conservative,scene_uniform,all,fde,evaluated,33690,3.1558455469375857,3.1558455469375857,0.0,-0.0,0.0,0.0
43,seed43_neural_cost_conservative,scene_uniform,full_path_defined_easy,ade,evaluated,4359,0.001532864067341749,0.001532864067341749,0.0,-0.0,0.0,0.0
43,seed43_neural_cost_conservative,scene_uniform,full_path_defined_easy,fde,evaluated,4359,0.0024195038009013786,0.0024195038009013786,0.0,-0.0,0.0,0.0
43,seed43_neural_cost_conservative,scene_uniform,full_path_defined_hard,ade,evaluated,16040,3.4564539436101334,3.4564539436101334,0.0,-0.0,0.0,0.0
43,seed43_neural_cost_conservative,scene_uniform,full_path_defined_hard,fde,evaluated,16040,6.4185937859578654,6.4185937859578654,0.0,-0.0,0.0,0.0
43,seed43_neural_cost_conservative,uncontrolled,all,ade,evaluated,33686,1.693476048391338,1.9515221492099528,-15.237658723531236,0.15237658723531236,0.2580461008186148,1.0
43,seed43_neural_cost_conservative,uncontrolled,all,fde,evaluated,33690,3.1558455469375857,3.4555258559948117,-9.496038529136321,0.0949603852913632,0.299680309057226,1.0
43,seed43_neural_cost_conservative,uncontrolled,full_path_defined_easy,ade,evaluated,4359,0.001532864067341749,1.5056684015558432,-98125.82664925614,981.2582664925613,1.5041355374885015,1.0
43,seed43_neural_cost_conservative,uncontrolled,full_path_defined_easy,fde,evaluated,4359,0.0024195038009013786,1.8794678403239242,-77579.88790196297,775.7988790196297,1.8770483365230228,1.0
43,seed43_neural_cost_conservative,uncontrolled,full_path_defined_hard,ade,evaluated,16040,3.4564539436101334,3.5522822431660215,-2.772445434519493,0.02772445434519493,0.09582829955588812,1.0
43,seed43_neural_cost_conservative,uncontrolled,full_path_defined_hard,fde,evaluated,16040,6.4185937859578654,6.502800822034025,-1.3119234350112954,0.013119234350112953,0.08420703607615998,1.0
43,seed43_neural_cost_moderate,floor,all,ade,evaluated,33686,1.693476048391338,1.693476048391338,0.0,-0.0,0.0,0.0
43,seed43_neural_cost_moderate,floor,all,fde,evaluated,33690,3.1558455469375857,3.1558455469375857,0.0,-0.0,0.0,0.0
43,seed43_neural_cost_moderate,floor,full_path_defined_easy,ade,evaluated,4359,0.001532864067341749,0.001532864067341749,0.0,-0.0,0.0,0.0
43,seed43_neural_cost_moderate,floor,full_path_defined_easy,fde,evaluated,4359,0.0024195038009013786,0.0024195038009013786,0.0,-0.0,0.0,0.0
43,seed43_neural_cost_moderate,floor,full_path_defined_hard,ade,evaluated,16040,3.4564539436101334,3.4564539436101334,0.0,-0.0,0.0,0.0
43,seed43_neural_cost_moderate,floor,full_path_defined_hard,fde,evaluated,16040,6.4185937859578654,6.4185937859578654,0.0,-0.0,0.0,0.0
43,seed43_neural_cost_moderate,independent,all,ade,evaluated,33686,1.693476048391338,1.6938716421048907,-0.023359864695368444,0.00023359864695368445,0.0003955937135526888,0.055957964733123554
43,seed43_neural_cost_moderate,independent,all,fde,evaluated,33690,3.1558455469375857,3.1559332988074242,-0.0027806135798918684,2.7806135798918684e-05,8.775186983855932e-05,0.05595132086672603
43,seed43_neural_cost_moderate,independent,full_path_defined_easy,ade,evaluated,4359,0.001532864067341749,0.007407612531717647,-383.253061347033,3.83253061347033,0.005874748464375898,0.08969947235604496
43,seed43_neural_cost_moderate,independent,full_path_defined_easy,fde,evaluated,4359,0.0024195038009013786,0.011058862206235785,-357.071495490763,3.5707149549076305,0.008639358405334406,0.08969947235604496
43,seed43_neural_cost_moderate,independent,full_path_defined_hard,ade,evaluated,16040,3.4564539436101334,3.4549684930314,0.04297614268748727,-0.0004297614268748727,-0.0014854505787331718,0.06851620947630922
43,seed43_neural_cost_moderate,independent,full_path_defined_hard,fde,evaluated,16040,6.4185937859578654,6.415654189105885,0.045798144422408996,-0.00045798144422408996,-0.0029395968519807525,0.06851620947630922
43,seed43_neural_cost_moderate,independent_count_reference,all,ade,evaluated,33686,1.693476048391338,1.6938716421048907,-0.023359864695368444,0.00023359864695368445,0.0003955937135526888,0.055957964733123554
43,seed43_neural_cost_moderate,independent_count_reference,all,fde,evaluated,33690,3.1558455469375857,3.1559332988074242,-0.0027806135798918684,2.7806135798918684e-05,8.775186983855932e-05,0.05595132086672603
43,seed43_neural_cost_moderate,independent_count_reference,full_path_defined_easy,ade,evaluated,4359,0.001532864067341749,0.007407612531717647,-383.253061347033,3.83253061347033,0.005874748464375898,0.08969947235604496
43,seed43_neural_cost_moderate,independent_count_reference,full_path_defined_easy,fde,evaluated,4359,0.0024195038009013786,0.011058862206235785,-357.071495490763,3.5707149549076305,0.008639358405334406,0.08969947235604496
43,seed43_neural_cost_moderate,independent_count_reference,full_path_defined_hard,ade,evaluated,16040,3.4564539436101334,3.4549684930314,0.04297614268748727,-0.0004297614268748727,-0.0014854505787331718,0.06851620947630922
43,seed43_neural_cost_moderate,independent_count_reference,full_path_defined_hard,fde,evaluated,16040,6.4185937859578654,6.415654189105885,0.045798144422408996,-0.00045798144422408996,-0.0029395968519807525,0.06851620947630922
43,seed43_neural_cost_moderate,joint,all,ade,evaluated,33686,1.693476048391338,1.6938716421048907,-0.023359864695368444,0.00023359864695368445,0.0003955937135526888,0.055957964733123554
43,seed43_neural_cost_moderate,joint,all,fde,evaluated,33690,3.1558455469375857,3.1559332988074242,-0.0027806135798918684,2.7806135798918684e-05,8.775186983855932e-05,0.05595132086672603
43,seed43_neural_cost_moderate,joint,full_path_defined_easy,ade,evaluated,4359,0.001532864067341749,0.007407612531717647,-383.253061347033,3.83253061347033,0.005874748464375898,0.08969947235604496
43,seed43_neural_cost_moderate,joint,full_path_defined_easy,fde,evaluated,4359,0.0024195038009013786,0.011058862206235785,-357.071495490763,3.5707149549076305,0.008639358405334406,0.08969947235604496
43,seed43_neural_cost_moderate,joint,full_path_defined_hard,ade,evaluated,16040,3.4564539436101334,3.4549684930314,0.04297614268748727,-0.0004297614268748727,-0.0014854505787331718,0.06851620947630922
43,seed43_neural_cost_moderate,joint,full_path_defined_hard,fde,evaluated,16040,6.4185937859578654,6.415654189105885,0.045798144422408996,-0.00045798144422408996,-0.0029395968519807525,0.06851620947630922
43,seed43_neural_cost_moderate,joint_exact_count,all,ade,evaluated,33686,1.693476048391338,1.6938716421048907,-0.023359864695368444,0.00023359864695368445,0.0003955937135526888,0.055957964733123554
43,seed43_neural_cost_moderate,joint_exact_count,all,fde,evaluated,33690,3.1558455469375857,3.1559332988074242,-0.0027806135798918684,2.7806135798918684e-05,8.775186983855932e-05,0.05595132086672603
43,seed43_neural_cost_moderate,joint_exact_count,full_path_defined_easy,ade,evaluated,4359,0.001532864067341749,0.007407612531717647,-383.253061347033,3.83253061347033,0.005874748464375898,0.08969947235604496
43,seed43_neural_cost_moderate,joint_exact_count,full_path_defined_easy,fde,evaluated,4359,0.0024195038009013786,0.011058862206235785,-357.071495490763,3.5707149549076305,0.008639358405334406,0.08969947235604496
43,seed43_neural_cost_moderate,joint_exact_count,full_path_defined_hard,ade,evaluated,16040,3.4564539436101334,3.4549684930314,0.04297614268748727,-0.0004297614268748727,-0.0014854505787331718,0.06851620947630922
43,seed43_neural_cost_moderate,joint_exact_count,full_path_defined_hard,fde,evaluated,16040,6.4185937859578654,6.415654189105885,0.045798144422408996,-0.00045798144422408996,-0.0029395968519807525,0.06851620947630922
43,seed43_neural_cost_moderate,scene_uniform,all,ade,evaluated,33686,1.693476048391338,1.693476048391338,0.0,-0.0,0.0,0.0
43,seed43_neural_cost_moderate,scene_uniform,all,fde,evaluated,33690,3.1558455469375857,3.1558455469375857,0.0,-0.0,0.0,0.0
43,seed43_neural_cost_moderate,scene_uniform,full_path_defined_easy,ade,evaluated,4359,0.001532864067341749,0.001532864067341749,0.0,-0.0,0.0,0.0
43,seed43_neural_cost_moderate,scene_uniform,full_path_defined_easy,fde,evaluated,4359,0.0024195038009013786,0.0024195038009013786,0.0,-0.0,0.0,0.0
43,seed43_neural_cost_moderate,scene_uniform,full_path_defined_hard,ade,evaluated,16040,3.4564539436101334,3.4564539436101334,0.0,-0.0,0.0,0.0
43,seed43_neural_cost_moderate,scene_uniform,full_path_defined_hard,fde,evaluated,16040,6.4185937859578654,6.4185937859578654,0.0,-0.0,0.0,0.0
43,seed43_neural_cost_moderate,uncontrolled,all,ade,evaluated,33686,1.693476048391338,1.9515221492099528,-15.237658723531236,0.15237658723531236,0.2580461008186148,1.0
43,seed43_neural_cost_moderate,uncontrolled,all,fde,evaluated,33690,3.1558455469375857,3.4555258559948117,-9.496038529136321,0.0949603852913632,0.299680309057226,1.0
43,seed43_neural_cost_moderate,uncontrolled,full_path_defined_easy,ade,evaluated,4359,0.001532864067341749,1.5056684015558432,-98125.82664925614,981.2582664925613,1.5041355374885015,1.0
43,seed43_neural_cost_moderate,uncontrolled,full_path_defined_easy,fde,evaluated,4359,0.0024195038009013786,1.8794678403239242,-77579.88790196297,775.7988790196297,1.8770483365230228,1.0
43,seed43_neural_cost_moderate,uncontrolled,full_path_defined_hard,ade,evaluated,16040,3.4564539436101334,3.5522822431660215,-2.772445434519493,0.02772445434519493,0.09582829955588812,1.0
43,seed43_neural_cost_moderate,uncontrolled,full_path_defined_hard,fde,evaluated,16040,6.4185937859578654,6.502800822034025,-1.3119234350112954,0.013119234350112953,0.08420703607615998,1.0
